Col,Row,X,Y,TotalReturns,FirstReturns,elev_min,elev_max,elev_mean,elev_stddev,elev_variance,elev_cv,elev_skewness,elev_kurtosis,elev_crr,elev_mode,elev_median,elev_iqr,elev_p01,elev_p05,elev_p10,elev_p20,elev_p25,elev_p30,elev_p40,elev_p50,elev_p60,elev_p70,elev_p75,elev_p80,elev_p90,elev_p95,elev_p99,elev_aad,elev_mad_median,elev_mad_mode,elev_l1,elev_l2,elev_l3,elev_l4,elev_l_cv,elev_l_skewness,elev_l_kurtosis,elev_quadratic_mean,elev_cubic_mean,elev_profile_area,CanopyCover,PointDensity,r1count,r2count,r3count,r4count,r5count,r6count,r7count,r8count,r9count,allcover,afcover,allabovemean,allabovemode,afabovemean,afabovemode,int_min,int_max,int_mean,int_stddev,int_variance,int_cv,int_skewness,int_kurtosis,int_crr,int_mode,int_median,int_iqr,int_p01,int_p05,int_p10,int_p20,int_p25,int_p30,int_p40,int_p50,int_p60,int_p70,int_p75,int_p80,int_p90,int_p95,int_p99,int_aad,int_mad_median,int_mad_mode,int_l1,int_l2,int_l3,int_l4,int_l_cv,int_l_skewness,int_l_kurtosis,int_quadratic_mean,int_cubic_mean,stratum_00_count,stratum_00_proportion,stratum_00_mean,stratum_00_stddev,stratum_00_min,stratum_00_max,stratum_01_count,stratum_01_proportion,stratum_01_mean,stratum_01_stddev,stratum_01_min,stratum_01_max,stratum_02_count,stratum_02_proportion,stratum_02_mean,stratum_02_stddev,stratum_02_min,stratum_02_max,stratum_03_count,stratum_03_proportion,stratum_03_mean,stratum_03_stddev,stratum_03_min,stratum_03_max,stratum_04_count,stratum_04_proportion,stratum_04_mean,stratum_04_stddev,stratum_04_min,stratum_04_max,stratum_05_count,stratum_05_proportion,stratum_05_mean,stratum_05_stddev,stratum_05_min,stratum_05_max,stratum_06_count,stratum_06_proportion,stratum_06_mean,stratum_06_stddev,stratum_06_min,stratum_06_max,stratum_07_count,stratum_07_proportion,stratum_07_mean,stratum_07_stddev,stratum_07_min,stratum_07_max,intstratum_00_count,intstratum_00_proportion,intstratum_00_mean,intstratum_00_stddev,intstratum_00_min,intstratum_00_max,intstratum_01_count,intstratum_01_proportion,intstratum_01_mean,intstratum_01_stddev,intstratum_01_min,intstratum_01_max,intstratum_02_count,intstratum_02_proportion,intstratum_02_mean,intstratum_02_stddev,intstratum_02_min,intstratum_02_max,intstratum_03_count,intstratum_03_proportion,intstratum_03_mean,intstratum_03_stddev,intstratum_03_min,intstratum_03_max,intstratum_04_count,intstratum_04_proportion,intstratum_04_mean,intstratum_04_stddev,intstratum_04_min,intstratum_04_max,intstratum_05_count,intstratum_05_proportion,intstratum_05_mean,intstratum_05_stddev,intstratum_05_min,intstratum_05_max,intstratum_06_count,intstratum_06_proportion,intstratum_06_mean,intstratum_06_stddev,intstratum_06_min,intstratum_06_max,intstratum_07_count,intstratum_07_proportion,intstratum_07_mean,intstratum_07_stddev,intstratum_07_min,intstratum_07_max
0,0,1.02376e+06,599070,180,102,12.4272,60.3778,44.4631,10.3994,108.845,0.233887,-0.881061,3.27424,0.668103,51.25,47.8367,15.9242,13.4869,26.583,30.2429,35.8173,36.6466,38.9079,43.3459,47.8367,50.8389,51.4343,52.5707,53.1773,54.9125,57.0841,59.538,8.65536,8.44429,8.79577,44.4631,5.75146,-1.17146,0.428639,0.129353,-0.20368,0.0745271,45.6631,46.6219,31.5468,86.6667,1.8,102,58,17,2,1,0,0,0,0,86.6667,152.941,50.5556,27.7778,89.2157,49.0196,2478,54751,27826.1,13305.8,1.78187e+08,0.478178,0.166782,1.87616,0.484918,2478.25,26220,23311.5,6195.05,9039.25,10568.5,14609,16194.8,18268,21692,26220,32234,36211.5,39506.2,41018,45902.5,49975.2,52580.4,11561.7,11505,25347.9,27826.1,7707.67,375.076,66.7025,0.276994,0.0486627,0.00865405,30843.7,33237.3,11,0.0611111,0.0871858,0.206565,-0.271778,0.486596,13,0.0722222,1.04786,0.340154,0.564297,1.90484,0,0,0,0,0,0,0,0,0,0,0,0,4,0.0222222,13.3178,0.547932,12.4272,13.8933,83,0.461111,38.5365,7.04313,24.9209,49.8297,69,0.383333,53.3979,2.55012,50.0274,60.3778,0,0,0,0,0,0,11,0.0611111,27038.4,11140.4,7383,39122,13,0.0722222,24576.1,11618.7,10988,42047,0,0,0,0,0,0,0,0,0,0,0,0,4,0.0222222,14754,2102.78,11531,17234,83,0.461111,24029,11184.7,2478,51186,69,0.383333,33151.5,13925.9,8893,54751,0,0,0,0,0,0
1,0,1.02377e+06,599070,158,88,14.7841,76.6329,55.6487,10.4251,109.412,0.187338,-0.48717,4.32457,0.660717,48.25,53.7618,13.8771,29.0099,38.118,47.8259,48.3653,49.092,49.9234,52.3897,53.7618,58.2889,62.3296,62.9691,63.748,68.4409,74.1504,76.4806,8.18524,7.91748,9.67306,55.6487,5.65664,0.0432304,0.859949,0.101649,0.00764242,0.152025,56.6168,57.4813,40.268,94.9367,1.58,88,49,21,0,0,0,0,0,0,94.9367,170.455,38.6076,78.481,69.3182,140.909,5414,54241,29784.9,13520.1,1.84019e+08,0.453923,-0.13032,1.81114,0.499128,5414.25,31190.5,24012.2,7025.19,7883.8,10660.9,14728.2,16942,20996.8,26745.8,31190.5,35026.6,39680.2,40954.2,42618.4,46666.4,50194.8,52665.8,11681,11658.1,24370.7,29784.9,7832.41,-310.019,3.07504,0.262966,-0.0395815,0.000392604,32709.9,34879.8,8,0.0506329,0.05278,0.248246,-0.542004,0.342531,0,0,0,0,0,0,0,0,0,0,0,0,0,0,0,0,0,0,1,0.00632911,14.7841,0,14.7841,14.7841,45,0.28481,45.5146,6.52271,28.1487,49.9456,104,0.658228,60.4266,7.41771,50.0493,76.6329,0,0,0,0,0,0,8,0.0506329,14360.1,8254.65,6217,34729,0,0,0,0,0,0,0,0,0,0,0,0,0,0,0,0,0,0,1,0.00632911,8842,0,8842,8842,45,0.28481,28914.2,13938.7,5414,50560,104,0.658228,30363.1,13217.3,6814,54241,0,0,0,0,0,0
2,0,1.02378e+06,599070,137,101,2.98513,78.2183,67.5007,11.3971,130.85,0.168845,-3.34584,16.0416,0.857542,72.75,70.8119,5.75293,13.0734,47.1252,60.4482,65.7745,67.5998,68.232,69.6363,70.8119,72.1478,72.7011,73.3527,73.5375,74.4482,75.0592,76.8843,6.74716,5.88227,6.12836,67.5007,4.63743,-2.35034,1.71418,0.068702,-0.506819,0.369641,68.4561,69.0279,63.8149,100,1.37,101,33,3,0,0,0,0,0,0,100,135.644,75.9124,29.927,102.97,40.5941,7449,57862,36131.2,12573.8,1.59264e+08,0.348005,-0.601646,2.3903,0.568945,7449.25,38863,17297,8144.88,12389,16644.6,23908.2,28161,31123.2,35518,38863,42143.4,44506.2,45458,46321.6,50262.4,52515.2,55295.8,10389.4,10145.3,28682,36131.2,7111.16,-1140.36,545.411,0.196815,-0.160362,0.0766979,38256.6,39813.5,0,0,0,0,0,0,0,0,0,0,0,0,1,0.00729927,2.98513,0,2.98513,2.98513,0,0,0,0,0,0,2,0.0145985,13.7766,2.51121,11.2654,16.2878,10,0.0729927,45.8446,3.88154,34.86,48.5219,124,0.905109,70.634,3.79973,60.1583,78.2183,0,0,0,0,0,0,0,0,0,0,0,0,0,0,0,0,0,0,1,0.00729927,19623,0,19623,19623,0,0,0,0,0,0,2,0.0145985,18142.5,7096.5,11046,25239,10,0.0729927,23151.2,10391.4,9142,42247,124,0.905109,37601.3,11916,7449,57862,0,0,0,0,0,0
3,0,1.02379e+06,599070,199,129,2.71001,78.7245,58.2416,14.1296,200.714,0.242604,-1.01095,4.40468,0.730539,69.25,59.3982,21.5131,12.2813,34.7069,44.9898,46.981,48.0051,49.9969,56.4645,59.3982,64.1249,68.8229,69.5182,70.5411,74.2343,76.9224,78.5739,11.3303,11.3052,13.0919,58.2416,7.72938,-1.21091,0.742537,0.132712,-0.156664,0.0960669,59.931,61.2329,54.727,94.4724,1.99,129,57,13,0,0,0,0,0,0,94.4724,145.736,49.2462,26.6332,75.969,41.0853,3900,53057,29004.2,12443.5,1.55668e+08,0.429023,-0.103935,1.94554,0.510695,3900.25,29810,19944.5,6668.03,8648.15,11214.6,16663.8,19159,20519.2,26235.6,29810,32995.6,37446.8,39103.5,41473,45273.4,47204.1,51357.1,10569.5,10545.4,25104,29004.2,7204.97,-212.179,188.481,0.248411,-0.0294489,0.0261598,31560.8,33522.9,6,0.0301508,0.000390654,0.276254,-0.333097,0.310006,5,0.0251256,0.854922,0.284023,0.610006,1.35109,1,0.00502513,2.71001,0,2.71001,2.71001,0,0,0,0,0,0,3,0.0150754,12.5784,0.726034,11.8262,13.5598,53,0.266332,43.7018,6.54145,26.0313,49.9614,131,0.658291,65.5937,7.63655,50.3163,78.7245,0,0,0,0,0,0,6,0.0301508,23341.5,12707.6,7269,41605,5,0.0251256,28839.4,12179.2,11212,46050,1,0.00502513,29344,0,29344,29344,0,0,0,0,0,0,3,0.0150754,17156.3,6801.77,12068,26770,53,0.266332,27917.2,12738.9,3900,51458,131,0.658291,29712.7,12300.5,5912,53057,0,0,0,0,0,0
4,0,1.0238e+06,599070,122,78,7.88921,59.1252,36.7841,11.8433,141.894,0.321966,-0.121699,1.58374,0.563958,48.25,41.1306,22.8319,18.0277,21.675,23.6219,24.254,24.8289,25.2325,30.4109,41.1306,45.8494,47.1064,47.6608,48.1313,49.0809,50.8138,56.79,11.2242,11.1743,12.3965,36.7841,6.63597,-0.23278,-0.600618,0.180403,-0.0350785,-0.0905095,38.6437,40.2171,28.6975,71.3115,1.22,78,34,8,2,0,0,0,0,0,71.3115,111.538,36.0656,12.2951,56.4103,19.2308,5172,48414,25590.3,11410.6,1.31715e+08,0.445894,0.0252915,2.04389,0.472188,5172.25,25800,18377.5,5304.44,7406.8,9223.2,15139.8,16522,18876.2,20965,25800,30314.4,32349.8,34899.5,36162.6,39671.4,44073,48079.5,9696.91,9690.02,20418.1,25590.3,6636.62,18.2502,281.453,0.259341,0.00274992,0.0424091,28019,29922.6,28,0.229508,0.0715102,0.182033,-0.221679,0.471164,7,0.057377,0.801075,0.265388,0.532015,1.33115,0,0,0,0,0,0,1,0.00819672,7.88921,0,7.88921,7.88921,1,0.00819672,19.6782,0,19.6782,19.6782,77,0.631148,35.7021,10.704,20.7106,49.8167,8,0.0655738,52.9492,3.00748,50.366,59.1252,0,0,0,0,0,0,28,0.229508,37288,14929.9,10084,53605,7,0.057377,34248.6,15498.4,4423,49782,0,0,0,0,0,0,1,0.00819672,16009,0,16009,16009,1,0.00819672,20953,0,20953,20953,77,0.631148,26907.2,11225.3,5326,48414,8,0.0655738,14693,7314.98,5172,25785,0,0,0,0,0,0
5,0,1.02381e+06,599070,74,54,42.71,60.0688,51.9309,6.7593,50.7646,0.13016,0.109895,1.40055,0.531194,59.75,48.8067,11.4728,42.7488,42.9039,43.0978,47.0923,48.1907,48.3897,48.5635,48.8067,53.2233,59.5802,59.6635,59.7556,59.952,60.0104,60.0571,6.30373,5.72203,7.92066,51.9309,4.06002,0.00747318,-0.617604,0.0781813,0.00184067,-0.152118,52.3689,52.8002,9.12355,13.5135,0.74,54,13,6,1,0,0,0,0,0,13.5135,18.5185,5.40541,2.7027,7.40741,3.7037,3396,26241,11868.9,6253.84,4.34562e+07,0.52691,0.76551,3.46494,0.370886,3396.25,11116.5,5259.5,3417.96,3505.8,3615.6,7541.6,8965.5,9772.8,10471.2,11116.5,12404.6,13807.4,14225,14838.6,17352.6,21796.8,25352.2,4623.28,4580.5,8472.7,11868.9,3723.46,573.433,1097.04,0.313715,0.154006,0.29463,13415.7,14815.2,61,0.824324,0.0167486,0.202871,-0.410723,0.439949,3,0.0405405,0.582678,0.0392964,0.54713,0.637446,0,0,0,0,0,0,0,0,0,0,0,0,0,0,0,0,0,0,6,0.0810811,46.6778,2.67018,42.71,49.0224,4,0.0540541,59.8106,0.209198,59.5247,60.0688,0,0,0,0,0,0,61,0.824324,45374.2,9725.38,16571,60499,3,0.0405405,52426,4165.69,48519,58198,0,0,0,0,0,0,0,0,0,0,0,0,0,0,0,0,0,0,6,0.0810811,8851.5,3910.92,3396,13529,4,0.0540541,16395,6378.94,8517,26241,0,0,0,0,0,0
6,0,1.02382e+06,599070,77,46,3.45964,63.1619,32.3752,17.6165,322.277,0.544135,0.31017,1.94455,0.48433,25.75,25.5942,24.7086,4.24245,6.71203,12.0598,18.3413,21.6338,22.1419,25.3875,25.5942,33.4522,42.8698,46.3425,51.8069,59.9182,60.4211,62.4912,15.3986,14.2004,14.2062,32.3752,10.2873,1.05202,0.511201,0.317754,0.102264,0.0496922,36.8578,40.3658,28.3428,35.0649,0.77,46,22,9,0,0,0,0,0,0,35.0649,58.6957,14.2857,16.8831,23.913,28.2609,5238,24377,12536.7,4701.71,2.29563e+07,0.375037,0.612608,2.68233,0.38135,5238.25,11096,6542.5,5298.32,6130.6,7716.4,8922,9477,9560.8,10006.6,11096,13029.6,14819.4,16019.5,16310.8,18901.4,19820.3,23216.4,3955.19,3829.33,7298.44,12536.7,2724.05,436.482,253.709,0.217287,0.160233,0.0931365,13389.3,14203.6,50,0.649351,-0.0217175,0.229223,-0.517569,0.485101,0,0,0,0,0,0,1,0.012987,3.45964,0,3.45964,3.45964,2,0.025974,6.87308,0.402617,6.47046,7.2757,3,0.038961,16.1961,1.00582,15.2492,17.5888,15,0.194805,30.4537,8.94087,21.3514,49.477,6,0.0779221,58.5885,3.56871,52.3894,63.1619,0,0,0,0,0,0,50,0.649351,37119.1,9598.64,9603,54248,0,0,0,0,0,0,1,0.012987,24377,0,24377,24377,2,0.025974,13912.5,4446.5,9466,18359,3,0.038961,10427.7,855.761,9488,11558,15,0.194805,11705.5,4909.84,5238,19913,6,0.0779221,13237,1953.56,10503,16110,0,0,0,0,0,0
7,0,1.02383e+06,599070,136,79,6.92642,79.1129,35.5118,19.8445,398.181,0.558816,0.41831,2.33965,0.395993,33.25,33.161,36.0423,6.97266,9.03593,9.63621,13.4007,15.2259,24.7373,32.1096,33.161,35.7241,42.2846,51.2682,53.2437,62.6265,74.4464,78.6556,15.8798,15.5672,15.5682,35.5118,11.305,1.18297,0.836863,0.318346,0.104641,0.0740258,40.6804,44.8152,27.5502,66.9118,1.36,79,39,15,3,0,0,0,0,0,66.9118,115.19,27.2059,33.0882,46.8354,56.962,3549,52020,25428.1,12149.9,1.4926e+08,0.477812,0.0496772,1.93626,0.451386,3549.25,26423,20976,5479.5,7314,9763,12055,14173,16040,21471,26423,30162,33830,35149,37010,41013,43595,49159.8,10523.5,10491.7,21878.9,25428.1,7060.09,49.8055,88.8547,0.277649,0.00705452,0.0125855,28181.7,30290.4,40,0.294118,0.101466,0.192967,-0.264975,0.49863,5,0.0367647,0.890326,0.430963,0.514001,1.71882,0,0,0,0,0,0,11,0.0808824,8.70786,0.984072,6.92642,9.67702,13,0.0955882,13.2807,1.41825,10.5812,15.2856,42,0.308824,33.5577,5.55751,20.3768,42.8415,25,0.183824,62.1485,9.54189,50.4793,79.1129,0,0,0,0,0,0,40,0.294118,38991,12246.1,8582,57572,5,0.0367647,44717,7259.36,35138,54392,0,0,0,0,0,0,11,0.0808824,17128.2,8823.15,5694,36946,13,0.0955882,23537.9,10381.8,7182,39290,42,0.308824,27090.4,12051.8,6386,52020,25,0.183824,27270.4,12759.9,3549,48842,0,0,0,0,0,0
8,0,1.02384e+06,599070,147,86,12.8581,87.922,62.4816,19.4598,381.295,0.311448,-0.793357,2.7777,0.661084,56.75,66.7447,28.2714,14.156,23.0525,35.1405,44.56,51.0534,56.1818,58.1865,66.7447,74.08,77.7948,79.3247,81.07,83.06,84.8602,87.6154,16.1096,15.898,17.1586,62.4816,10.858,-2.19827,0.62183,0.173778,-0.202457,0.0572695,65.4419,67.6106,49.0461,99.3197,1.47,86,48,12,1,0,0,0,0,0,99.3197,169.767,55.102,66.6667,94.186,113.953,1908,54193,27688.5,12479.7,1.56818e+08,0.450719,-0.0829489,2.0939,0.493076,1908.25,29431,19546.8,5731.2,7882,9918.5,15065,17309.8,18366.5,26240,29431,32508,35493,36856.5,38738,42585,47796.5,52090.4,10473.7,10343.8,25780.2,27688.5,7189.79,-222.872,351.939,0.259667,-0.0309984,0.0489498,30371,32397.1,1,0.00680272,-0.010144,0,-0.010144,-0.010144,0,0,0,0,0,0,0,0,0,0,0,0,0,0,0,0,0,0,7,0.047619,15.1726,1.51661,12.8581,17.2296,26,0.176871,37.6976,6.93764,22.84,49.75,113,0.768707,71.1148,11.1151,50.199,87.922,0,0,0,0,0,0,1,0.00680272,5858,0,5858,5858,0,0,0,0,0,0,0,0,0,0,0,0,0,0,0,0,0,0,7,0.047619,34444.1,15474.1,8852,50282,26,0.176871,18833.2,8488.03,7747,40330,113,0.768707,29307.5,12096.5,1908,54193,0,0,0,0,0,0
9,0,1.02385e+06,599070,137,90,35.96,93.4728,73.4114,13.5049,183.725,0.183962,-0.553919,2.29681,0.651184,84.25,76.7745,22.2857,43.611,46.8377,56.4042,59.9213,62.0441,64.6713,70.1068,76.7745,81.7352,83.8828,84.3298,85.3345,89.0635,89.6999,93.0257,11.7685,11.547,12.7694,73.4114,7.65634,-1.15527,0.137032,0.104294,-0.15089,0.0178978,74.6433,75.737,36.7623,100,1.37,90,42,4,1,0,0,0,0,0,100,152.222,55.4745,27.0073,84.4444,41.1111,4185,50087,26819.6,11720,1.38368e+08,0.436993,0.0117575,2.00612,0.493106,4185.25,26516,19268,5426.68,8121.6,11150.2,15358,17388,20741.2,23092.8,26516,29630,34643.8,36656,38427.8,42804,45226.8,49221.7,9906.03,9901.31,22634.3,26819.6,6799,20.4713,257.121,0.253509,0.00301093,0.0378174,29268.5,31196.7,0,0,0,0,0,0,0,0,0,0,0,0,0,0,0,0,0,0,0,0,0,0,0,0,0,0,0,0,0,0,9,0.0656934,44.6978,3.31888,35.96,47.0753,128,0.934307,75.4303,11.5059,51.609,93.4728,0,0,0,0,0,0,0,0,0,0,0,0,0,0,0,0,0,0,0,0,0,0,0,0,0,0,0,0,0,0,0,0,0,0,0,0,9,0.0656934,17051,8879.99,6658,37667,128,0.934307,27506.4,11588.4,4185,50087,0,0,0,0,0,0
10,0,1.02386e+06,599070,130,76,25.3731,85.9291,66.7252,14.4662,210.905,0.216802,-1.03116,3.41386,0.682875,76.25,69.3146,14.0278,28.2599,36.388,46.0759,52.0749,62.9253,64.3934,67.8856,69.3146,71.8053,76.0899,76.9531,78.4681,82.4241,83.6158,85.7692,11.1906,10.7531,12.182,66.7252,7.87172,-1.83484,1.0722,0.117972,-0.233093,0.136209,68.2754,69.51,40.6741,99.2308,1.3,76,41,12,1,0,0,0,0,0,99.2308,169.737,63.8462,28.4615,109.211,48.6842,4149,51153,20929.1,10631,1.13902e+08,0.507955,0.439277,2.24944,0.356993,4149.25,19249,17322,4858.36,7330.8,8370,11276.2,12085,13307.6,16763.8,19249,21623,27441.4,29407,31569,35928.6,38879,43626.2,8971.99,8866.91,16779.9,20929.1,6092.53,681.74,201.548,0.291103,0.111898,0.0330812,23474.4,25607.3,1,0.00769231,-0.042424,0,-0.042424,-0.042424,0,0,0,0,0,0,0,0,0,0,0,0,0,0,0,0,0,0,0,0,0,0,0,0,21,0.161538,40.5547,8.48707,25.3731,49.9132,108,0.830769,71.814,8.76842,50.1205,85.9291,0,0,0,0,0,0,1,0.00769231,38640,0,38640,38640,0,0,0,0,0,0,0,0,0,0,0,0,0,0,0,0,0,0,0,0,0,0,0,0,21,0.161538,19119.3,8446.58,5182,34088,108,0.830769,21281,10971,4149,51153,0,0,0,0,0,0
11,0,1.02387e+06,599070,131,73,14.4145,84.5054,65.5183,18.0264,328.199,0.275135,-1.25045,3.8087,0.729107,80.25,68.7373,20.2469,16.1779,24.6189,34.4006,56.302,59.5226,62.1843,65.5233,68.7373,76.2208,79.272,79.7696,80.1423,82.6685,83.3914,84.083,13.8419,13.5252,15.6188,65.5183,9.57992,-2.94501,1.15271,0.146218,-0.307415,0.120326,67.9529,69.6439,50.3749,77.0992,1.31,73,46,10,1,1,0,0,0,0,77.0992,138.356,46.5649,14.5038,83.5616,26.0274,4977,34946,15765,6677.68,4.50373e+07,0.423576,0.714473,2.8191,0.359973,4977.25,14655,9369,5735,6784,8806,9867,10176,10824,12793,14655,16347,18023,19545,21269,26760,28419,32756,5428.12,5373.66,10787.8,15765,3760.93,643.167,341.092,0.238562,0.171013,0.0906934,17121,18410.2,27,0.206107,0.0776586,0.211008,-0.456029,0.387118,3,0.0229008,0.541625,0.0116129,0.527213,0.55565,0,0,0,0,0,0,0,0,0,0,0,0,5,0.0381679,16.9024,1.71355,14.4145,19.1431,14,0.10687,39.2839,7.22022,24.6189,48.2098,82,0.625954,72.9617,8.61034,55.7906,84.5054,0,0,0,0,0,0,27,0.206107,33931.3,12328.1,11336,54124,3,0.0229008,12246.3,4295.11,8114,18168,0,0,0,0,0,0,0,0,0,0,0,0,5,0.0381679,18517.4,6044.78,9989,28419,14,0.10687,16937.4,4990.52,8806,26760,82,0.625954,15397,6900.1,4977,34946,0,0,0,0,0,0
12,0,1.02388e+06,599070,150,81,16.0066,88.3038,56.6461,18.2764,336.678,0.322642,-0.0329913,1.86599,0.562117,32.75,57.3424,32.2162,29.8773,30.8313,31.8937,33.7699,41.1622,44.4852,54.3584,57.3424,59.7507,69.787,73.3784,74.7469,83.0002,84.6047,87.6602,15.2592,15.2402,24.5965,56.6461,10.5576,-0.0119307,0.0436793,0.186378,-0.00113006,0.00413724,59.5215,62,40.0573,84.6667,1.5,81,46,21,2,0,0,0,0,0,84.6667,156.79,46,70,85.1852,129.63,4718,53301,23845,12114.4,1.47923e+08,0.508046,0.316086,2.13137,0.393698,4718.25,22777,20678.5,4935.88,7148.3,9363.8,11758,12943.5,14275.2,18309.4,22777,28243,31193.6,33622,34644.6,39460.4,43658.6,52313,10530.3,10489.4,19126.8,23845,6971.65,539.967,123.404,0.292373,0.0774519,0.0177008,26745.9,29090.6,21,0.14,0.0424984,0.227234,-0.537264,0.466705,2,0.0133333,0.868538,0.169534,0.699004,1.03807,0,0,0,0,0,0,0,0,0,0,0,0,1,0.00666667,16.0066,0,16.0066,16.0066,45,0.3,36.4962,5.93841,29.863,48.3804,81,0.54,68.3422,11.017,51.9099,88.3038,0,0,0,0,0,0,21,0.14,24805.9,13361.1,4707,49585,2,0.0133333,19695,10986,8709,30681,0,0,0,0,0,0,0,0,0,0,0,0,1,0.00666667,9280,0,9280,9280,45,0.3,26104.8,12915.2,5371,53301,81,0.54,22769.4,11437.7,4718,51257,0,0,0,0,0,0
13,0,1.02389e+06,599070,232,135,3.99944,86.1008,55.5081,19.2513,372.615,0.346819,-0.268833,1.55456,0.627379,34.75,64.8418,38.2865,26.4688,30.9863,31.8104,34.035,34.822,35.6011,45.925,64.8418,68.455,71.3286,73.1084,74.172,76.6996,78.7838,81.8396,18.1302,17.3947,22.449,55.5081,10.7183,-0.787376,-1.07282,0.193095,-0.0734607,-0.100092,58.7517,61.3426,50.7786,80.1724,2.32,135,76,19,2,0,0,0,0,0,80.1724,137.778,44.3966,61.2069,76.2963,105.185,3755,51143,26764.8,12628.2,1.60334e+08,0.471822,-0.0891065,1.81703,0.485562,3755.25,28028.5,21456.2,5657.55,6963.75,8421,13648,16138.5,17969.5,22195,28028.5,31921,36032.5,37594.8,39166,43053,45207.2,49784.5,11005.1,10974.8,23009.6,26764.8,7312.87,-203.517,-0.282534,0.273227,-0.02783,-3.86352e-05,29594.4,31681.2,46,0.198276,0.00682932,0.146778,-0.329875,0.381673,0,0,0,0,0,0,1,0.00431034,3.99944,0,3.99944,3.99944,0,0,0,0,0,0,1,0.00431034,11.6256,0,11.6256,11.6256,80,0.344828,35.6305,5.08735,29.0882,49.6502,104,0.448276,71.7158,5.67988,54.998,86.1008,0,0,0,0,0,0,46,0.198276,24923.6,12106.5,5642,47242,0,0,0,0,0,0,1,0.00431034,17136,0,17136,17136,0,0,0,0,0,0,1,0.00431034,10584,0,10584,10584,80,0.344828,28347,12114.3,6636,50915,104,0.448276,25796,12885.9,3755,51143,0,0,0,0,0,0
14,0,1.0239e+06,599070,89,51,2.90198,73.699,41.0153,24.7554,625.869,0.603565,-0.198284,1.40718,0.538346,18.25,44.4901,47.6198,3.46912,5.06255,5.66342,17.4076,17.7174,18.1715,28.6696,44.4901,55.9471,64.5937,65.3372,65.6953,68.8307,71.0418,72.8849,22.7796,22.2968,27.1788,41.0153,14.1811,-1.08697,-1.57845,0.345752,-0.0766492,-0.111306,47.9071,52.097,37.1984,53.9326,0.89,51,27,8,3,0,0,0,0,0,53.9326,94.1176,31.4607,37.0787,54.902,64.7059,3906,42307,16845.3,10824.4,1.19661e+08,0.642577,0.807526,2.45675,0.336953,3906.25,12449.5,15138.2,3962.87,5031.05,6166.7,7263.8,8230,8710.1,10838.6,12449.5,16729.8,20242.8,23368.2,28614.8,32787.7,38380.4,40999,9117.08,8702.62,12939.1,16845.3,6078.87,1491.89,280.823,0.360864,0.245423,0.0461967,20023.3,22718.4,39,0.438202,0.0124196,0.183349,-0.30682,0.44049,2,0.0224719,0.6493,0.126711,0.522589,0.77601,2,0.0224719,3.50532,0.603338,2.90198,4.10865,6,0.0674157,6.21422,1.41104,5.00665,9.14434,11,0.123596,18.033,0.652149,17.1493,19.5979,7,0.0786517,42.357,4.69307,30.9375,45.3019,22,0.247191,64.9808,5.66257,50.8861,73.699,0,0,0,0,0,0,39,0.438202,30232.4,13925,5744,49497,2,0.0224719,29817,5959,23858,35776,2,0.0224719,13046.5,6597.5,6449,19644,6,0.0674157,17118.3,8547.61,6827,31687,11,0.123596,20091.4,11375.8,6893,38877,7,0.0786517,23276.6,11303,7089,42307,22,0.247191,13446.9,9751.53,3906,39524,0,0,0,0,0,0
15,0,1.02391e+06,599070,142,85,6.22318,79.3778,56.3895,20.6659,430.729,0.366485,-0.839682,2.37587,0.685757,75.25,64.184,27.5754,8.15243,18.3475,22.1534,35.1012,46.6108,48.2096,57.6802,64.184,69.5749,71.6983,74.1862,75.2488,76.2058,76.9445,79.0834,17.6278,16.5624,19.3748,56.3895,11.3249,-2.98051,0.233883,0.200833,-0.263183,0.0206522,60.0571,62.5002,49.7642,83.0986,1.42,85,43,13,1,0,0,0,0,0,83.0986,138.824,51.4085,16.9014,85.8824,28.2353,5033,53457,22834.7,12541.7,1.58637e+08,0.549237,0.419498,2.11214,0.367621,5033.25,21258.5,20841,5740.02,6207.7,7345.4,10488.4,11607.2,13327.4,17326.2,21258.5,25085.8,29193.4,32448.2,36308.2,40440.8,43845.7,51985.3,10635.3,10572.2,17801.4,22834.7,7205.78,822.042,117.474,0.315563,0.114081,0.0163027,26052.2,28647,24,0.169014,0.0242119,0.175325,-0.236489,0.398622,0,0,0,0,0,0,0,0,0,0,0,0,2,0.0140845,6.71481,0.491632,6.22318,7.20644,7,0.0492958,17.5828,2.05722,12.7711,19.5877,34,0.239437,36.9681,11.5987,20.6718,49.4081,75,0.528169,70.1404,6.6415,50.6684,79.3778,0,0,0,0,0,0,24,0.169014,31757.4,12009.8,9749,49843,0,0,0,0,0,0,0,0,0,0,0,0,2,0.0140845,9605.5,3860.5,5745,13466,7,0.0492958,22212.1,9645.43,9270,39264,34,0.239437,24715.3,11141.7,5033,43980,75,0.528169,22393,13252,5739,53457,0,0,0,0,0,0
16,0,1.02392e+06,599070,196,106,3.72546,87.6339,61.5297,22.2492,497.837,0.3616,-1.21056,2.98633,0.688896,73.75,72.6853,18.4764,8.88838,17.4769,20.88,32.2093,57.3644,63.392,66.9433,72.6853,73.833,74.7948,75.8408,76.7946,79.6917,82.5533,85.2876,17.9363,15.3234,15.3895,61.5297,11.3258,-4.20872,1.44928,0.184071,-0.371605,0.127963,65.4288,67.7508,56.8225,90.3061,1.96,106,71,17,2,0,0,0,0,0,90.3061,166.981,64.2857,38.2653,118.868,70.7547,2827,52959,27027,12496.1,1.5704e+08,0.462357,-0.0484132,2.03733,0.482725,33498.2,27729,19536,4952.08,5942.4,9392.2,14962.4,18038,19735.4,23064.4,27729,30146.8,35540.4,37574,38920.6,43812.4,47260.4,49959.1,10578.2,10569.4,11602.1,27027,7231.2,-103.703,304.739,0.267555,-0.0143411,0.0421423,29776,31849.7,12,0.0612245,0.0894383,0.20872,-0.231901,0.451257,7,0.0357143,0.868693,0.328195,0.585556,1.41381,1,0.00510204,3.72546,0,3.72546,3.72546,5,0.0255102,9.08687,0.377141,8.41139,9.55344,7,0.0357143,16.6225,2.32973,11.2575,18.8553,25,0.127551,26.0203,5.15995,20.2821,33.9348,139,0.709184,72.48,7.35306,50.2194,87.6339,0,0,0,0,0,0,12,0.0612245,27058.2,16678.7,3308,55953,7,0.0357143,15854.3,6575.23,10969,29087,1,0.00510204,6845,0,6845,6845,5,0.0255102,14876.4,5372.85,5444,19407,7,0.0357143,23192.7,12899.4,5088,39663,25,0.127551,21924.2,11068.9,4966,44911,139,0.709184,28720.1,12282.4,2827,52959,0,0,0,0,0,0
17,0,1.02393e+06,599070,153,76,7.57374,77.2316,49.2956,18.6627,351.018,0.378588,-0.215852,1.70504,0.598954,30.25,55.53,34.0997,11.9026,23.9071,27.349,30.3219,30.6255,31.3956,46.8124,55.53,58.8005,63.7741,64.7252,65.7445,73.1398,74.9713,76.0641,16.8341,16.5181,21.3044,49.2956,10.6417,-0.566661,-0.435756,0.215875,-0.0532491,-0.040948,52.7101,55.3853,41.5478,84.3137,1.53,76,55,18,4,0,0,0,0,0,84.3137,169.737,44.4444,67.3203,89.4737,135.526,5607,56182,27555.8,12652.7,1.6134e+08,0.459165,0.0742663,1.92884,0.433985,5607.25,27155,21431,6304.2,8712,10804,13604.6,16548,18625.2,23916.6,27155,32023.4,35719.4,37979,39886.2,44321.2,45881.8,52612.6,10913.7,10910.6,21948.6,27555.8,7339.92,113.49,96.8737,0.266366,0.015462,0.0131982,30321.8,32493.8,15,0.0980392,-0.00814429,0.179563,-0.438769,0.371157,9,0.0588235,0.643254,0.0994144,0.515342,0.860698,0,0,0,0,0,0,1,0.00653595,7.57374,0,7.57374,7.57374,5,0.0326797,15.0967,2.98314,11.3573,18.7332,55,0.359477,33.4214,7.2997,23.5957,48.0033,68,0.444444,65.2632,6.82714,55.0126,77.2316,0,0,0,0,0,0,15,0.0980392,27418,12678.7,8641,53460,9,0.0588235,23049.2,10335.3,10639,39299,0,0,0,0,0,0,1,0.00653595,13268,0,13268,13268,5,0.0326797,19536,6125.83,10172,28720,55,0.359477,26633.3,13751.1,6683,56182,68,0.444444,29101.8,11712.7,5607,53235,0,0,0,0,0,0
18,0,1.02394e+06,599070,156,82,15.7116,66.9301,45.9757,11.8812,142.185,0.258423,-0.266471,1.92085,0.590883,48.25,48.1197,20.788,21.272,28.9535,30.5988,32.9804,34.467,35.8425,43.5523,48.1197,52.883,54.4017,55.255,57.4338,59.8116,62.2727,66.1361,10.48,10.2718,10.2734,45.9757,6.80353,-0.472598,-0.065115,0.147981,-0.0694637,-0.00957076,47.4861,48.7987,29.7277,89.1026,1.56,82,57,15,2,0,0,0,0,0,89.1026,169.512,51.2821,42.9487,97.561,81.7073,6084,56221,29555.1,12826.1,1.65701e+08,0.433973,-0.116612,2.04666,0.468139,6084.25,31611,19955.5,6403.74,8621.2,10790,15554,18728.5,21802,26099.8,31611,35105.4,37510.4,38684,40163.8,45080,48758.6,54732.7,10925.7,10889.3,23470.9,29555.1,7406.92,-294.626,316.831,0.250614,-0.0397771,0.042775,32218.2,34244.1,13,0.0833333,0.0245428,0.235212,-0.364734,0.369981,4,0.025641,0.751739,0.273766,0.579066,1.22523,0,0,0,0,0,0,0,0,0,0,0,0,2,0.0128205,16.8135,1.10187,15.7116,17.9154,73,0.467949,37.1669,6.95784,26.7486,48.3086,64,0.410256,56.9347,4.0183,50.2938,66.9301,0,0,0,0,0,0,13,0.0833333,21435.5,12324.9,3963,47467,4,0.025641,22888.2,11515.3,9672,41358,0,0,0,0,0,0,0,0,0,0,0,0,2,0.0128205,7058.5,237.5,6821,7296,73,0.467949,30896.5,13923,6084,56221,64,0.410256,28728.1,10845.7,7875,48640,0,0,0,0,0,0
19,0,1.02395e+06,599070,124,92,35.5249,73.4236,63.5782,7.05107,50.1218,0.110904,-1.49658,5.91499,0.740219,67.75,64.892,7.89466,38.5124,50.5164,54.3124,59.2917,60.1538,61.9149,63.6018,64.892,66.6415,67.5945,68.0485,68.9126,71.1347,72.1166,72.542,5.21523,5.06923,5.57951,63.5782,3.71029,-0.897692,0.68988,0.0583578,-0.241947,0.185937,63.968,64.3085,27.5859,100,1.24,92,27,5,0,0,0,0,0,0,100,134.783,60.4839,28.2258,81.5217,38.0435,6662,53634,32256.2,12553.4,1.58868e+08,0.389177,-0.466352,2.0341,0.544882,6662.25,35981,20381.8,8650.03,9586.55,11654.8,20362.6,22445,24602.9,30953,35981,38864,40914.6,42826.8,43525.2,45504,48386.6,51902,10818.7,10486.3,25593.9,32256.2,7158.82,-1004.06,196.063,0.221936,-0.140255,0.0273875,34612.8,36314.2,0,0,0,0,0,0,0,0,0,0,0,0,0,0,0,0,0,0,0,0,0,0,0,0,0,0,0,0,0,0,6,0.0483871,42.9316,5.55351,35.5249,49.6252,118,0.951613,64.6281,5.28203,50.4729,73.4236,0,0,0,0,0,0,0,0,0,0,0,0,0,0,0,0,0,0,0,0,0,0,0,0,0,0,0,0,0,0,0,0,0,0,0,0,6,0.0483871,17515,8456.6,6662,30758,118,0.951613,33005.7,12261.8,8613,53634,0,0,0,0,0,0
0,1,1.02376e+06,599060,183,116,12.8617,70.4522,51.4618,10.4103,108.98,0.202292,-0.544946,2.99137,0.670251,52.25,52.5645,14.382,30.0982,32.5156,37.3541,40.2878,44.4702,46.6012,51.2961,52.5645,55.2158,58.2154,58.8522,60.3053,64.0886,66.1923,70.3879,8.37441,8.27724,8.28568,51.4618,5.8794,-0.643071,0.547629,0.114248,-0.109377,0.0931437,52.5042,53.4152,37.9348,98.3607,1.83,116,58,8,1,0,0,0,0,0,98.3607,155.172,57.377,52.459,90.5172,82.7586,4126,56031,30191.5,12905.9,1.67493e+08,0.427468,-0.0875965,2.04388,0.502177,8421.25,30483.5,20095.2,5103.03,9120.05,11702.2,17682.6,19753,21859.4,27124.4,30483.5,35183,38283.8,39848.2,43532.4,46842.9,49944.5,54157.8,10892.9,10885.5,21929.1,30191.5,7467.04,-189.325,312.2,0.247322,-0.0253548,0.0418104,32834.3,34875.3,3,0.0163934,0.0861412,0.113777,-0.0717817,0.191807,0,0,0,0,0,0,0,0,0,0,0,0,0,0,0,0,0,0,1,0.00546448,12.8617,0,12.8617,12.8617,63,0.344262,40.1684,5.4737,30.07,49.3602,116,0.63388,57.928,5.28879,50.6001,70.4522,0,0,0,0,0,0,3,0.0163934,9861,2936.12,7294,13971,0,0,0,0,0,0,0,0,0,0,0,0,0,0,0,0,0,0,1,0.00546448,17699,0,17699,17699,63,0.344262,28456.8,12421.1,5559,56031,116,0.63388,31241.3,13060.8,4126,56019,0,0,0,0,0,0
1,1,1.02377e+06,599060,129,72,34.6689,57.7577,45.4698,5.71125,32.9096,0.125605,-0.0968587,2.03885,0.467798,39.75,47.425,9.54461,35.8128,36.4577,37.3921,39.6717,39.8595,40.2607,46.2935,47.425,48.0912,48.808,49.4041,49.6226,52.2262,54.264,57.2559,4.99019,4.70655,6.61976,45.4698,3.23693,-0.154245,0.143706,0.0711885,-0.0476516,0.0443958,45.8271,46.1733,10.711,87.5969,1.29,72,45,11,1,0,0,0,0,0,87.5969,156.944,54.2636,68.9922,97.2222,123.611,5811,53703,30497.3,13656.4,1.88162e+08,0.44779,-0.252636,1.97725,0.515457,5811.25,31761,21099,6072.4,7650.8,9102.2,16178,20478,23009,27921.4,31761,36925.6,39998.2,41577,42522.4,47234.6,51560.8,52841,11551,11463.9,24686,30497.3,7892.13,-560.655,243.098,0.258781,-0.0710397,0.0308027,33415.3,35512.1,16,0.124031,0.0153807,0.246013,-0.393705,0.444873,0,0,0,0,0,0,0,0,0,0,0,0,0,0,0,0,0,0,0,0,0,0,0,0,95,0.736434,43.9516,4.82486,34.6689,49.8263,18,0.139535,53.4824,2.35414,50.5444,57.7577,0,0,0,0,0,0,16,0.124031,15352.5,6703.1,6375,26493,0,0,0,0,0,0,0,0,0,0,0,0,0,0,0,0,0,0,0,0,0,0,0,0,95,0.736434,30111.5,13665.9,6022,53703,18,0.139535,32533.4,13423.8,5811,52242,0,0,0,0,0,0
2,1,1.02378e+06,599060,184,99,41.1232,80.1899,63.9459,11.2725,127.853,0.176281,-0.36815,1.91284,0.584198,58.75,66.2684,18.7387,42.0537,43.8218,48.362,52.771,54.5238,56.3322,60.6157,66.2684,70.2957,72.2782,73.2626,74.5132,78.1584,79.0217,79.9686,9.91805,9.7536,10.8306,63.9459,6.46895,-0.710294,0.0109854,0.101163,-0.1098,0.00169817,64.9319,65.8338,22.456,88.587,1.84,99,63,19,3,0,0,0,0,0,88.587,164.646,48.913,55.9783,90.9091,104.04,3849,55245,22131.4,11870.1,1.41769e+08,0.536346,0.592492,2.47726,0.355716,13602.2,19964,17950.5,5799.64,7100,8246.2,10524.6,11867,14597.6,16715.8,19964,23772.8,28222.2,29817.5,33207.4,39785.4,43864.2,50433.1,9925.26,9770.65,11090.8,22131.4,6740.14,1003.88,358.335,0.304551,0.148941,0.0531643,25113.7,27670.3,21,0.11413,-0.0274739,0.143032,-0.272355,0.231658,0,0,0,0,0,0,0,0,0,0,0,0,0,0,0,0,0,0,0,0,0,0,0,0,21,0.11413,44.7128,2.39137,41.1232,48.9846,142,0.771739,66.7902,9.06748,50.4685,80.1899,0,0,0,0,0,0,21,0.11413,18104.5,7730.37,5939,30303,0,0,0,0,0,0,0,0,0,0,0,0,0,0,0,0,0,0,0,0,0,0,0,0,21,0.11413,23194.3,10661.9,6689,49976,142,0.771739,21974.2,12030.5,3849,55245,0,0,0,0,0,0
3,1,1.02379e+06,599060,127,71,37.9804,76.3402,57.5683,10.3276,107.548,0.179397,0.00542545,1.80099,0.510636,59.25,59.007,16.5557,41.3971,42.3771,43.0504,47.5918,49.2028,50.4195,52.1428,59.007,61.0985,64.2321,65.7585,68.4037,72.0883,73.4493,76.2172,9.06292,8.92983,8.93184,57.5683,5.98424,0.0181819,-0.00195369,0.10395,0.0030383,-0.000326473,58.4874,59.365,19.2505,95.2756,1.27,71,40,13,3,0,0,0,0,0,95.2756,170.423,53.5433,47.2441,95.7747,84.507,2787,57111,26403.2,12431.6,1.55833e+08,0.470837,0.00716049,2.07348,0.434729,2787.25,27155,19214,5304.2,7445,8918,12406,16883,20206,22057,27155,31097,34762,36097,37033,41532,45409,49914.6,10597,10567.3,23616,26403.2,7192.85,-56.4678,249.57,0.272423,-0.00785054,0.0346969,29183.5,31299.1,5,0.0393701,-0.0187997,0.0360691,-0.0605602,0.0293695,1,0.00787402,0.699151,0,0.699151,0.699151,0,0,0,0,0,0,0,0,0,0,0,0,0,0,0,0,0,0,34,0.267717,44.8346,2.94413,37.9804,49.8962,87,0.685039,62.5448,7.53797,50.0534,76.3402,0,0,0,0,0,0,5,0.0393701,13453.2,4773.78,7845,20928,1,0.00787402,19416,0,19416,19416,0,0,0,0,0,0,0,0,0,0,0,0,0,0,0,0,0,0,34,0.267717,26824,10814.4,6215,44899,87,0.685039,26238.8,13005.4,2787,57111,0,0,0,0,0,0
4,1,1.0238e+06,599060,110,52,24.8984,81.186,42.017,8.05056,65.7374,0.191602,1.61802,9.1979,0.304128,38.75,41.0039,7.58317,27.9936,32.0022,33.2862,36.7407,38.2196,38.7314,39.249,41.0039,42.0155,43.3477,45.8028,46.6504,51.6556,53.7689,65.3737,5.60321,5.53118,5.87335,42.017,4.17986,0.63862,0.970168,0.0994802,0.152785,0.232105,42.7813,43.6543,16.5355,64.5455,1.1,52,42,15,1,0,0,0,0,0,64.5455,136.538,25.4545,44.5455,53.8462,94.2308,5451,46589,24618.7,12288.3,1.53158e+08,0.499144,0.0536475,1.74037,0.465936,5451.25,24875,23890.5,5870.3,7084.5,7854,11217,12935,16153,20392,24875,28067,32698,36825.5,37370,40724,43842.5,45399,10674.3,10670.6,19167.4,24618.7,7179.13,121.806,-124.726,0.291613,0.0169666,-0.0173735,27515.1,29690.4,28,0.254545,0.0713421,0.211548,-0.369397,0.466434,11,0.1,0.663545,0.174758,0.501574,1.00282,0,0,0,0,0,0,0,0,0,0,0,0,0,0,0,0,0,0,61,0.554545,39.718,5.06602,24.8984,49.3816,10,0.0909091,56.0409,8.64275,50.7529,81.186,0,0,0,0,0,0,28,0.254545,29189.9,13088.6,10848,52683,11,0.1,27957.1,10910.4,10880,49987,0,0,0,0,0,0,0,0,0,0,0,0,0,0,0,0,0,0,61,0.554545,26340.8,12207.8,6050,46589,10,0.0909091,14113.5,5880.14,5451,21724,0,0,0,0,0,0
5,1,1.02381e+06,599060,99,53,2.10394,84.1722,39.4974,19.3856,383.798,0.490808,0.938855,4.06234,0.455638,36.75,37.2646,4.57424,3.09372,11.1545,22.3112,22.8715,35.3512,36.41,36.6938,37.2646,37.6266,38.3083,39.9254,46.5332,82.3362,83.3137,83.9275,12.5307,11.7691,11.8108,39.4974,9.7802,1.64164,3.35018,0.247617,0.167853,0.342547,43.9982,48.344,37.5097,48.4848,0.99,53,36,9,1,0,0,0,0,0,48.4848,90.566,13.1313,28.2828,24.5283,52.8302,8950,51011,27180.1,10891.4,1.21147e+08,0.400714,0.232391,2.19213,0.43342,8950.25,26662,15360.5,9023.79,9925.85,13365.6,17363.2,19542.2,20869.6,22807.6,26662,29402.8,32442.4,34902.8,37969.6,43325.4,45199.8,48832.1,9066.53,9043.27,18229.8,27180.1,6363.11,377.67,430.559,0.234109,0.0593531,0.067665,29281,31090.4,30,0.30303,0.0813418,0.185376,-0.218668,0.47963,21,0.212121,0.920871,0.291329,0.589948,1.83626,2,0.020202,3.1569,1.05296,2.10394,4.20986,1,0.010101,5.23775,0,5.23775,5.23775,0,0,0,0,0,0,39,0.393939,35.5114,7.38021,22.1428,47.5312,6,0.0606061,83.2294,0.647225,82.0845,84.1722,0,0,0,0,0,0,30,0.30303,45934.2,10480.8,9895,58248,21,0.212121,37646.2,15171.1,11318,57809,2,0.020202,33465,17546,15919,51011,1,0.010101,9334,0,9334,9334,0,0,0,0,0,0,39,0.393939,26536.6,10006.3,8950,45512,6,0.0606061,32241.8,10049,21361,46375,0,0,0,0,0,0
6,1,1.02382e+06,599060,96,63,5.23482,84.7613,20.0629,22.7343,530.099,1.13315,1.83293,5.26248,0.186454,6.25,9.11624,21.8075,5.23566,5.50639,5.6008,6.34573,6.43761,6.69841,7.66968,9.11624,11.2037,13.4942,28.2451,29.8786,50.9736,84.5414,84.7015,17.3526,13.4144,14.0484,20.0629,10.5725,5.88638,2.61156,0.526969,0.556763,0.247014,30.321,39.3049,13.7282,41.6667,0.96,63,29,1,2,1,0,0,0,0,41.6667,63.4921,11.4583,34.375,17.4603,52.381,6426,41150,19866.5,9694.9,9.64011e+07,0.488003,0.386034,1.99939,0.387066,20659.2,19137.5,15485.2,6658.44,7183.5,8143.6,10929,11878,12752.1,14557.6,19137.5,21669.4,25472,27363.2,29137.4,33704.5,34913.1,39555.3,8336.45,8335.88,8376.11,19866.5,5666.97,650.848,37.6223,0.285253,0.114849,0.00663888,22105.8,23982.9,39,0.40625,0.164823,0.234297,-0.327077,0.499408,17,0.177083,0.747542,0.195838,0.512987,1.26046,0,0,0,0,0,0,22,0.229167,6.88164,1.28627,5.23482,9.23152,7,0.0729167,11.9108,1.41649,10.2209,14.8742,5,0.0520833,31.6885,4.91672,27.9885,41.4018,6,0.0625,68.2167,16.4644,50.5438,84.7613,0,0,0,0,0,0,39,0.40625,43687.9,8799.79,8421,57083,17,0.177083,43477.2,12210,12225,58929,0,0,0,0,0,0,22,0.229167,18659.5,8227.23,6426,34800,7,0.0729167,10429.4,3195.8,7022,15297,5,0.0520833,34619.2,4348,28126,41150,6,0.0625,23008,7090.16,14234,33676,0,0,0,0,0,0
7,1,1.02383e+06,599060,173,91,3.09028,80.6873,45.0634,17.57,310.993,0.389896,-0.411833,2.72331,0.540912,48.75,48.2841,22.4158,3.83725,12.2275,13.9587,28.8867,34.4313,38.2486,43.1867,48.2841,52.866,55.9034,56.8471,57.7643,66.0951,72.4638,78.4406,14.0213,13.9751,13.9907,45.0634,9.91267,-0.979003,1.23518,0.219972,-0.0987628,0.124606,48.3675,50.789,40.99,78.6127,1.73,91,68,13,1,0,0,0,0,0,78.6127,149.451,39.8844,36.4162,75.8242,69.2308,4754,52419,27593.1,12697.7,1.62427e+08,0.460178,-0.0760918,1.88793,0.479159,4754.25,27922.5,21625,6050.05,7566.75,9270,14445,17390.8,19767.5,23968,27922.5,31865,36667,39015.8,40362,43826.5,46977,50361.4,10832.9,10829.5,22838.9,27593.1,7369.96,-171.296,111.671,0.267094,-0.0232424,0.0151522,30374.5,32459.5,35,0.202312,0.12071,0.247777,-0.422517,0.496933,2,0.0115607,0.572624,0.0710262,0.501598,0.643651,3,0.017341,3.75579,0.830214,3.09028,4.92623,0,0,0,0,0,0,12,0.0693642,12.4819,1.10775,10.2888,14.3099,63,0.364162,38.7534,7.71133,23.5367,49.7009,58,0.33526,60.795,7.76914,50.891,80.6873,0,0,0,0,0,0,35,0.202312,38141.5,12184,12007,54940,2,0.0115607,33241.5,9375.5,23866,42617,3,0.017341,11040.7,1119.21,9499,12122,0,0,0,0,0,0,12,0.0693642,27203.1,12877.9,6028,43707,63,0.364162,24923.5,11474.9,4754,49205,58,0.33526,31429.7,12806.1,7581,52419,0,0,0,0,0,0
8,1,1.02384e+06,599060,170,93,18.1404,91.6932,71.3447,13.5667,185.164,0.190157,-1.23119,4.89284,0.723348,75.25,75.3942,15.585,29.8397,47.8738,54.3396,59.3885,64.7495,67.0343,71.6397,75.3942,76.6862,78.2031,80.3345,82.0122,85.9896,87.5084,90.8304,10.5468,9.91226,9.9155,71.3447,7.28653,-1.60455,1.13309,0.102131,-0.220207,0.155505,72.6231,73.648,52.3768,98.2353,1.7,93,65,12,0,0,0,0,0,0,98.2353,179.57,59.4118,51.1765,108.602,93.5484,6903,53241,28978,12388.6,1.54402e+08,0.427517,-0.123076,1.91654,0.476392,24105.2,28983,19031.5,7153.5,8585.8,10546.6,16072,19594.5,21660.8,25610.8,28983,34306,37279,38626,41794.2,44669.8,47083.6,51327,10605.1,10605.1,11304.2,28978,7174.63,-259.864,139.887,0.247589,-0.0362198,0.0194975,31515.1,33454.4,1,0.00588235,0.34519,0,0.34519,0.34519,2,0.0117647,0.739763,0.172966,0.566797,0.912729,0,0,0,0,0,0,0,0,0,0,0,0,2,0.0117647,18.2592,0.118814,18.1404,18.378,10,0.0588235,42.5544,5.21902,35.7442,48.8231,155,0.911765,73.8871,10.0122,50.2754,91.6932,0,0,0,0,0,0,1,0.00588235,28637,0,28637,28637,2,0.0117647,15191.5,4999.5,10192,20191,0,0,0,0,0,0,0,0,0,0,0,0,2,0.0117647,16918.5,7377.5,9541,24296,10,0.0588235,18702.7,10006.6,6903,37068,155,0.911765,29796.6,12199.9,7137,53241,0,0,0,0,0,0
9,1,1.02385e+06,599060,167,98,48.8489,96.5715,80.392,9.06552,82.6787,0.112766,-0.773964,3.89891,0.660968,77.25,80.8885,10.3742,55.984,60.7907,69.6633,74.7044,76.2025,77.0208,78.9398,80.8885,83.0629,84.9523,86.5767,88.343,91.8805,93.0451,96.0894,6.91921,6.9057,7.54706,80.392,5.00026,-0.538945,0.80336,0.0621985,-0.107783,0.160664,80.9015,81.3725,31.0126,100,1.67,98,59,10,0,0,0,0,0,0,100,170.408,52.6946,67.0659,89.7959,114.286,3712,55019,27121.1,12280.1,1.5171e+08,0.45279,0.098703,1.97922,0.456255,34426.2,26570,20051,6018.32,8614.3,10918.4,13971.2,16911,18530.6,22737.2,26570,31512.4,34039.6,36962,39017,44185,46224.9,50729.4,10552.9,10543.5,11811.9,27121.1,7111.79,167.094,181.121,0.262224,0.0234953,0.0254678,29771.7,31880.2,0,0,0,0,0,0,0,0,0,0,0,0,0,0,0,0,0,0,0,0,0,0,0,0,0,0,0,0,0,0,1,0.00598802,48.8489,0,48.8489,48.8489,166,0.994012,80.582,8.75493,55.204,96.5715,0,0,0,0,0,0,0,0,0,0,0,0,0,0,0,0,0,0,0,0,0,0,0,0,0,0,0,0,0,0,0,0,0,0,0,0,1,0.00598802,34086,0,34086,34086,166,0.994012,27079.1,12305.1,3712,55019,0,0,0,0,0,0
10,1,1.02386e+06,599060,144,93,44.8922,101.111,86.2204,9.49521,90.822,0.110127,-1.08979,5.04606,0.735135,90.25,88.1301,11.716,57.5689,71.4469,73.4329,78.2637,80.717,81.3562,86.2159,88.1301,90.1189,91.7461,92.433,94.4557,97.6137,98.2014,100.285,7.4726,7.29516,7.53752,86.2204,5.20271,-0.860626,0.620607,0.060342,-0.165419,0.119285,86.7417,87.2128,40.666,95.1389,1.44,93,42,9,0,0,0,0,0,0,95.1389,147.312,56.9444,37.5,88.172,58.0645,5038,50309,27288.5,12025.6,1.45679e+08,0.440685,-0.0791232,1.96642,0.491496,5038.25,28627,21550,6445.64,8465.6,10209.2,13820.4,15709,19511.6,25085.6,28627,31352,34476.8,37259,38725,42652.2,45804,49932.6,10163.2,10100.4,22250.2,27288.5,6962.7,-171.451,223.815,0.255152,-0.0246242,0.0321448,29820.8,31755.4,5,0.0347222,0.100333,0.194383,-0.0540436,0.464123,2,0.0138889,0.575144,0.0198835,0.555261,0.595028,0,0,0,0,0,0,0,0,0,0,0,0,0,0,0,0,0,0,1,0.00694444,44.8922,0,44.8922,44.8922,134,0.930556,86.307,8.72513,53.6871,98.9253,2,0.0138889,101.08,0.0305634,101.05,101.111,5,0.0347222,8734.4,3519.48,4703,13640,2,0.0138889,26868.5,439.5,26429,27308,0,0,0,0,0,0,0,0,0,0,0,0,0,0,0,0,0,0,1,0.00694444,12244,0,12244,12244,134,0.930556,27265.1,12032.8,5038,50309,2,0.0138889,36379,3096,33283,39475
11,1,1.02387e+06,599060,157,87,47.2405,97.3155,80.3546,10.1249,103.241,0.126003,-1.47717,5.81879,0.661289,79.75,81.4947,9.91545,47.4851,65.1245,69.7972,75.0394,77.8253,79.177,80.0464,81.4947,82.692,84.7612,87.7408,88.6826,91.2055,92.2029,95.8598,7.02226,6.92888,7.14352,80.3546,5.24358,-1.10083,1.16815,0.0652555,-0.209939,0.222778,80.9899,81.5338,33.0023,90.4459,1.57,87,50,16,4,0,0,0,0,0,90.4459,163.218,52.2293,57.3248,94.2529,103.448,3494,51351,25968.1,11770.8,1.39535e+08,0.453279,0.0465283,1.92936,0.46961,3494.25,24841.5,19176.2,5813.79,7556.75,9752.9,14852.6,16452.5,17951.8,21448.6,24841.5,30521.4,33930.8,35628.8,37714.4,41775.2,44505.8,48727.6,10229,10218,22473.9,25968.1,6826,72.3351,128.029,0.26286,0.010597,0.0187561,28511.3,30503.1,14,0.089172,0.120718,0.160683,-0.127861,0.47023,1,0.00636943,0.627476,0,0.627476,0.627476,0,0,0,0,0,0,0,0,0,0,0,0,0,0,0,0,0,0,7,0.044586,47.926,0.505946,47.2405,48.6636,135,0.859873,82.036,7.10358,65.1021,97.3155,0,0,0,0,0,0,14,0.089172,20130.1,8129.44,9502,35314,1,0.00636943,18519,0,18519,18519,0,0,0,0,0,0,0,0,0,0,0,0,0,0,0,0,0,0,7,0.044586,21474,5717.14,14469,33708,135,0.859873,26201.2,11955.8,3494,51351,0,0,0,0,0,0
12,1,1.02388e+06,599060,162,95,8.91124,98.5163,82.8042,15.6081,245.26,0.188494,-2.52933,10.0269,0.824651,83.75,86.9271,12.4631,17.5654,42.856,73.2935,78.4364,79.9201,82.0107,83.8557,86.9271,89.2114,91.3075,92.3832,92.8537,94.9699,95.9284,97.8953,9.86089,9.34412,9.60669,82.8042,7.08395,-2.82893,2.0656,0.0855506,-0.399344,0.291589,84.2624,85.2082,72.9015,91.9753,1.62,95,54,11,2,0,0,0,0,0,91.9753,156.842,60.4938,56.1728,103.158,95.7895,4476,52267,28728.9,11753.3,1.39074e+08,0.409112,-0.212857,1.91858,0.507479,4476.25,30275,18935,7233.16,9574.4,11128.6,16421,19778,21134.4,25182,30275,34173.4,37159.4,38713,39482,43393,45281.6,47888.7,10181.5,10126.8,24252.7,28728.9,6795.43,-427.475,104.069,0.236536,-0.0629063,0.0153145,31040.2,32795.1,8,0.0493827,0.0597695,0.135044,-0.16827,0.270003,5,0.0308642,0.694236,0.154467,0.538265,0.986037,0,0,0,0,0,0,1,0.00617284,8.91124,0,8.91124,8.91124,2,0.0123457,17.638,1.81497,15.823,19.453,7,0.0432099,42.4629,3.36959,36.3169,48.8347,139,0.858025,86.305,8.11936,51.3608,98.5163,0,0,0,0,0,0,8,0.0493827,18367.8,10631.2,6168,39657,5,0.0308642,21950.6,12847.8,8025,41496,0,0,0,0,0,0,1,0.00617284,20447,0,20447,20447,2,0.0123457,21002.5,5678.5,15324,26681,7,0.0432099,20013.9,10781.1,8412,36056,139,0.858025,29338.6,11671,4476,52267,0,0,0,0,0,0
13,1,1.02389e+06,599060,193,125,30.9894,92.9716,68.2017,16.2851,266.6,0.238779,-0.65938,2.21215,0.60037,81.75,72.9131,23.5589,36.1244,38.4871,40.6646,46.4012,57.8244,62.4487,69.4419,72.9131,76.3999,80.2777,81.3834,81.6837,85.5228,88.4381,91.3929,13.7049,13.0412,15.3873,68.2017,9.11104,-1.68803,0.424843,0.13359,-0.185273,0.0466294,70.119,71.7033,36.5032,98.9637,1.93,125,61,7,0,0,0,0,0,0,98.9637,152.8,60.6218,19.6891,93.6,30.4,3861,54548,28511,12407.1,1.54747e+08,0.43517,-0.163347,1.98167,0.486318,21413.2,30072,20744,4892.1,8692,10352,14836,18377,20752,26038,30072,33767,37526,39121,40332,43087,46917,53312.6,10598.7,10534.2,12253.1,28511,7155.4,-376.227,173.923,0.25097,-0.0525795,0.0243066,31093.6,33028.6,2,0.0103627,-0.096011,0.116954,-0.212965,0.0209427,0,0,0,0,0,0,0,0,0,0,0,0,0,0,0,0,0,0,0,0,0,0,0,0,39,0.202073,40.8996,3.48234,30.9894,46.4012,152,0.787565,75.2068,9.47695,53.2148,92.9716,0,0,0,0,0,0,2,0.0103627,24727,13253,11474,37980,0,0,0,0,0,0,0,0,0,0,0,0,0,0,0,0,0,0,0,0,0,0,0,0,39,0.202073,30497.9,11134.6,7415,49088,152,0.787565,28001.2,12663,3861,54548,0,0,0,0,0,0
14,1,1.0239e+06,599060,109,51,2.39573,76.241,37.1059,17.8341,322.242,0.480628,-0.0649233,2.44877,0.47004,22.75,39.581,27.0903,3.76701,5.93296,12.0255,20.284,22.5492,22.9006,36.7203,39.581,40.7983,42.182,49.6395,50.0015,58.9865,67.5761,71.2542,14.0928,13.7194,19.0357,37.1059,10.1546,-0.244269,1.28159,0.273666,-0.0240549,0.126207,41.1692,44.1617,33.2584,70.6422,1.09,51,43,13,2,0,0,0,0,0,70.6422,150.98,42.2018,50.4587,90.1961,107.843,4485,45848,23999.3,11498.7,1.33959e+08,0.479125,0.207122,1.92521,0.471781,4485.25,22547,18124,5174.32,7986.4,9195.4,12524.4,15512,16715.2,20120.4,22547,26264.2,31763.8,33636,35929.6,41198.6,42129.8,45304.6,9781.65,9676.29,19514,23999.3,6689.99,398.109,161.381,0.278758,0.0595081,0.0241228,26611.7,28707,31,0.284404,-0.0118209,0.186206,-0.260281,0.475302,1,0.00917431,0.960622,0,0.960622,0.960622,3,0.0275229,3.66578,0.901824,2.39573,4.40156,5,0.0458716,6.12653,0.28035,5.71633,6.45813,7,0.0642202,18.0973,1.41341,15.7371,19.6296,46,0.422018,37.0239,8.46378,20.2371,49.9715,16,0.146789,61.6092,7.45308,50.009,76.241,0,0,0,0,0,0,31,0.284404,33748.8,12594,7895,56446,1,0.00917431,25812,0,25812,25812,3,0.0275229,13897.7,5124.34,7576,20127,5,0.0458716,18298,5199.24,8148,22755,7,0.0642202,21975.7,11399.6,9790,39280,46,0.422018,25686.8,11498.2,4485,45848,16,0.146789,23708.6,12108.9,5392,45133,0,0,0,0,0,0
15,1,1.02391e+06,599060,185,100,17.3243,88.3486,64.4423,17.6357,312.892,0.273667,-1.04759,3.17195,0.663407,75.75,70.5869,24.7639,18.7507,25.5483,35.0347,49.3947,51.9434,60.736,65.1843,70.5869,73.6641,75.7713,76.7074,77.8792,82.1951,84.3182,86.3787,14.1057,13.2837,14.204,64.4423,9.54219,-2.5595,1.12436,0.148074,-0.26823,0.11783,66.8119,68.5411,46.0207,90.2703,1.85,100,63,18,4,0,0,0,0,0,90.2703,167,58.9189,27.5676,109,51,5303,53548,27357.3,11896.5,1.42379e+08,0.434856,-0.0390126,2.04478,0.457132,5303.25,28050,18778,6624.02,8429.5,10292.8,15432.8,18344,19302.8,24992.8,28050,31039.4,34126.4,37122,38968.2,42902.8,44831.3,50460.3,9984.58,9963.96,22054.1,27357.3,6880.83,-101.509,293.363,0.251517,-0.0147525,0.0426349,29832,31756.1,16,0.0864865,0.0484829,0.174392,-0.17866,0.480096,2,0.0108108,0.69702,0.146172,0.550849,0.843192,0,0,0,0,0,0,0,0,0,0,0,0,4,0.0216216,18.6557,0.881462,17.3243,19.8038,34,0.183784,38.7549,9.57782,20.2548,49.6561,129,0.697297,72.6323,8.5112,50.2477,88.3486,0,0,0,0,0,0,16,0.0864865,33255.4,15749.6,2972,55956,2,0.0108108,10974.5,4786.5,6188,15761,0,0,0,0,0,0,0,0,0,0,0,0,4,0.0216216,23860.5,4980.18,18914,30380,34,0.183784,23685.1,12953.2,6725,53548,129,0.697297,28433.6,11538.3,5303,51047,0,0,0,0,0,0
16,1,1.02392e+06,599060,145,93,68.8027,96.1048,84.8299,6.75039,45.8864,0.0795756,-0.752018,2.68314,0.587033,89.75,85.716,8.52909,69.7688,71.29,72.5373,78.7355,81.3424,83.2308,84.7748,85.716,88.3025,89.4865,89.8715,90.1565,91.646,93.532,95.6505,5.366,5.28145,6.01041,84.8299,3.75637,-0.710741,0.396754,0.0442812,-0.189209,0.105622,85.0981,85.3531,15.6732,99.3103,1.45,93,47,5,0,0,0,0,0,0,99.3103,154.839,59.3103,28.2759,92.4731,44.086,5014,49051,28013.2,11690.9,1.37632e+08,0.417335,-0.15549,1.9418,0.522269,5014.25,28229,19596.2,6262.85,9564.95,10885.9,15646.4,18276,21517.3,25252.4,28229,32207,36130.9,37872.2,39525.8,43091.5,45144.6,48092,9886.1,9879.92,22998.9,28013.2,6773.48,-292.497,175.777,0.241796,-0.0431828,0.0259508,30354.8,32146.7,1,0.00689655,0.130926,0,0.130926,0.130926,0,0,0,0,0,0,0,0,0,0,0,0,0,0,0,0,0,0,0,0,0,0,0,0,0,0,0,0,0,0,144,0.993103,84.8299,6.75039,68.8027,96.1048,0,0,0,0,0,0,1,0.00689655,11757,0,11757,11757,0,0,0,0,0,0,0,0,0,0,0,0,0,0,0,0,0,0,0,0,0,0,0,0,0,0,0,0,0,0,144,0.993103,28013.2,11690.9,5014,49051,0,0,0,0,0,0
17,1,1.02393e+06,599060,204,105,28.3273,92.1317,69.5059,10.9402,120.289,0.157399,-0.607868,3.40797,0.645387,68.25,70.0654,14.7588,46.7921,51.3443,53.7494,58.3977,63.3274,64.9856,67.9984,70.0654,74.3087,76.8088,78.0862,78.9732,82.4254,83.5836,91.0175,8.82734,8.81364,8.92296,69.5059,6.14748,-0.663691,0.575385,0.0884455,-0.107961,0.0935968,70.3616,71.1345,40.5256,98.0392,2.04,105,76,19,4,0,0,0,0,0,98.0392,190.476,50.9804,55.8824,99.0476,108.571,4560,51540,27327.7,12362.8,1.53606e+08,0.45239,0.107463,1.88467,0.484626,4560.25,25839,21484.5,5961.59,8696.25,11773.2,14709.8,16741,18814.4,22893.8,25839,30778.2,35809.5,38225.5,41093.2,43636,47008.4,50756.3,10656.8,10581.3,22767.5,27327.7,7157.64,219.863,99.6728,0.261919,0.0307172,0.0139254,29994,32121.2,3,0.0147059,-0.0546083,0.0419949,-0.113648,-0.0195106,1,0.00490196,0.720718,0,0.720718,0.720718,0,0,0,0,0,0,0,0,0,0,0,0,0,0,0,0,0,0,8,0.0392157,43.8736,7.94617,28.3273,49.5992,192,0.941176,70.5739,9.67094,51.1428,92.1317,0,0,0,0,0,0,3,0.0147059,18223.3,11183.3,6451,33256,1,0.00490196,10685,0,10685,10685,0,0,0,0,0,0,0,0,0,0,0,0,0,0,0,0,0,0,8,0.0392157,21142.6,12177,4832,42766,192,0.941176,27585.4,12303.2,4560,51540,0,0,0,0,0,0
18,1,1.02394e+06,599060,208,105,22.4381,78.8757,49.7163,10.8466,118.292,0.21817,0.139598,2.41683,0.483334,35.75,50.8203,18.0554,31.8732,35.3122,35.6437,36.8668,39.2964,42.7442,47.4594,50.8203,53.725,55.4598,57.3518,57.9176,64.1971,68.1226,72.8184,8.9854,8.92433,14.3239,49.7163,6.17816,0.147376,0.346245,0.124268,0.0238544,0.0560434,50.8858,52.0003,26.7541,88.4615,2.08,105,76,27,0,0,0,0,0,0,88.4615,175.238,48.0769,77.8846,95.2381,154.286,3888,54631,26618.5,12481.6,1.56642e+08,0.468908,0.190869,2.16668,0.447953,3888.25,25019,20148,4912.28,8258.8,10172.7,13806.6,16894,20418.1,22288.6,25019,29982.8,34250.3,37042,39219.8,43245.3,46557.3,53578,10465.2,10403.5,22730.2,26618.5,7193.4,315.801,373.075,0.270241,0.0439015,0.0518635,29399.6,31639.2,17,0.0817308,0.0821534,0.226553,-0.320852,0.4711,7,0.0336538,0.764886,0.174427,0.551285,1.0578,0,0,0,0,0,0,0,0,0,0,0,0,0,0,0,0,0,0,86,0.413462,40.1095,5.66132,22.4381,49.9991,98,0.471154,58.1469,6.37981,50.3061,78.8757,0,0,0,0,0,0,17,0.0817308,20418.3,11675.9,8544,49362,7,0.0336538,23692.1,11349.6,6252,40915,0,0,0,0,0,0,0,0,0,0,0,0,0,0,0,0,0,0,86,0.413462,25438.3,12161,5541,54115,98,0.471154,27654.1,12666.1,3888,54631,0,0,0,0,0,0
19,1,1.02395e+06,599060,195,120,20.2856,69.6338,52.7114,11.5476,134.088,0.219072,-0.516848,2.49411,0.657083,64.75,53.1816,18.796,21.4386,34.5223,35.5017,41.8424,44.4163,45.6752,51.3811,53.1816,56.4178,61.5566,63.2123,64.4501,66.7611,67.7428,68.9398,9.61694,9.60699,12.7873,52.7114,6.57011,-0.795539,0.23728,0.124643,-0.121085,0.0361152,53.9615,55.0412,31.6932,92.8205,1.95,120,64,10,1,0,0,0,0,0,92.8205,150.833,48.2051,16.9231,78.3333,27.5,5740,53104,30114.7,13066.7,1.71687e+08,0.433897,-0.0690515,1.91272,0.514626,5740.25,30747,22266,6092.2,9297,11616,17927,19010,22239,25611,30747,34572,38224,41276,43405,47928,49765,52665.2,11259.8,11251,24374.5,30114.7,7574.77,-142.769,165.801,0.25153,-0.018848,0.0218886,32827.4,34920.1,11,0.0564103,0.0710975,0.171944,-0.128761,0.487622,3,0.0153846,0.785918,0.3146,0.545123,1.23031,0,0,0,0,0,0,0,0,0,0,0,0,0,0,0,0,0,0,69,0.353846,40.3158,6.90373,20.2856,49.948,112,0.574359,60.348,5.75828,50.2985,69.6338,0,0,0,0,0,0,11,0.0564103,22170.9,11452.6,7097,42069,3,0.0153846,31982.7,11999.2,21896,48844,0,0,0,0,0,0,0,0,0,0,0,0,0,0,0,0,0,0,69,0.353846,27766.7,13413.8,6116,53104,112,0.574359,31561.3,12632.7,5740,52334,0,0,0,0,0,0
0,2,1.02376e+06,599050,176,111,32.1064,73.9825,55.4513,10.659,114.264,0.192224,-0.213358,1.82995,0.557474,59.25,57.5561,18.4028,35.0679,39.732,40.7551,42.1004,46.4798,48.2577,52.0162,57.5561,59.3945,63.9289,64.8826,65.2931,69.1887,71.0036,72.3966,9.34394,9.17818,9.31554,55.4513,6.14449,-0.369746,-0.0300152,0.110809,-0.0601753,-0.0048849,56.4664,57.4027,22.8472,100,1.76,111,49,12,3,1,0,0,0,0,100,158.559,55.6818,40.9091,88.2883,64.8649,3639,55421,30013.8,12289.4,1.51892e+08,0.409458,-0.205969,2.03363,0.509342,8774.25,31297.5,18582.8,5560.75,8774,13203.5,16870,21020.2,22905,26225,31297.5,35501,38423,39603,40897,46541.5,47906,50404.5,10549.6,10499.1,21433.9,30013.8,7095.78,-404.906,243.258,0.236418,-0.0570629,0.034282,32432.3,34271.7,0,0,0,0,0,0,0,0,0,0,0,0,0,0,0,0,0,0,0,0,0,0,0,0,0,0,0,0,0,0,60,0.340909,42.8177,4.09914,32.1064,49.8233,116,0.659091,61.9859,6.19949,50.2233,73.9825,0,0,0,0,0,0,0,0,0,0,0,0,0,0,0,0,0,0,0,0,0,0,0,0,0,0,0,0,0,0,0,0,0,0,0,0,60,0.340909,28526.3,12834.4,3639,48882,116,0.659091,30783.1,11925.2,5585,55421,0,0,0,0,0,0
1,2,1.02377e+06,599050,114,67,26.4232,72.0392,45.1889,8.01396,64.8997,0.177344,0.537458,3.33365,0.411384,46.75,45.1173,9.16819,30.0479,35.0328,36.5125,39.1428,39.8027,40.0999,40.6491,45.1173,46.6389,47.1246,48.9709,54.9151,56.3865,56.9748,65.8966,6.38547,6.38459,6.504,45.1889,4.46846,0.455913,0.476594,0.098884,0.102029,0.106657,45.894,46.6101,18.4073,84.2105,1.14,67,39,8,0,0,0,0,0,0,84.2105,143.284,41.2281,32.4561,70.1493,55.2239,2419,52567,27184.5,13238.6,1.77106e+08,0.486992,0.0765487,1.82194,0.493849,2419.25,25375,23316.2,5720.25,7460.5,9800,14081,14867.5,18392.5,22229,25375,33025,37154,38183.8,40647,44749.5,48668.8,50288.9,11519.8,11454.3,24765.3,27184.5,7704.35,168.448,7.50988,0.28341,0.0218641,0.000974758,30236.7,32573,15,0.131579,0.0539156,0.184073,-0.240689,0.365772,3,0.0263158,0.626339,0.0561656,0.558554,0.696089,0,0,0,0,0,0,0,0,0,0,0,0,0,0,0,0,0,0,73,0.640351,41.5709,4.87909,26.4232,49.1971,23,0.201754,56.6719,4.37046,50.0568,72.0392,0,0,0,0,0,0,15,0.131579,31522.1,11208,9204,56775,3,0.0263158,19924,10492.3,6321,31859,0,0,0,0,0,0,0,0,0,0,0,0,0,0,0,0,0,0,73,0.640351,26749.6,13122.1,2419,50036,23,0.201754,28565,13509.5,7262,52567,0,0,0,0,0,0
2,2,1.02378e+06,599050,117,72,44.1674,79.5142,66.5648,8.74802,77.2364,0.131421,-0.497791,2.26107,0.633649,71.25,69.466,12.0311,46.1425,51.0581,54.5594,56.1528,61.2257,61.9302,63.5771,69.466,71.2216,72.4118,73.2568,74.3007,76.4969,78.8051,79.2525,7.57067,7.40802,7.52512,66.5648,4.98579,-0.658666,0.192414,0.0749013,-0.132109,0.0385926,67.1372,67.671,21.9072,93.1624,1.17,72,35,9,1,0,0,0,0,0,93.1624,151.389,52.1368,36.7521,84.7222,59.7222,5978,51495,27939.1,12976.1,1.69937e+08,0.464441,-0.0105045,1.68349,0.482482,5978.25,28180,22544,7147.16,8503.4,11008.6,13766.2,15545,18051,22814.4,28180,35700.2,37244,38089,39870.8,44621.2,47871,50205.8,11616,11613.8,21960.9,27939.1,7526.3,-37.5309,-186.27,0.269382,-0.00498663,-0.0247492,30805.4,32988.4,8,0.0683761,-0.010679,0.136985,-0.260589,0.17743,0,0,0,0,0,0,0,0,0,0,0,0,0,0,0,0,0,0,0,0,0,0,0,0,6,0.0512821,47.9987,2.17022,44.1674,49.7337,103,0.880342,67.6463,7.71116,53.0448,79.5142,0,0,0,0,0,0,8,0.0683761,20638.8,10474.6,7595,34068,0,0,0,0,0,0,0,0,0,0,0,0,0,0,0,0,0,0,0,0,0,0,0,0,6,0.0512821,20453.2,10951.9,5978,38289,103,0.880342,28375.2,12951.6,7135,51495,0,0,0,0,0,0
3,2,1.02379e+06,599050,99,55,40.5137,77.011,64.2891,10.2447,106.025,0.159354,-0.710342,2.43589,0.651428,75.25,67.0413,15.2082,40.8187,46.2846,47.3019,53.3667,57.1137,59.5747,64.2496,67.0413,69.2217,71.0396,72.3219,74.4754,75.9141,76.3241,76.7223,8.48802,8.25815,11.2318,64.2891,5.76987,-1.13568,0.292721,0.0897489,-0.19683,0.0507328,65.1002,65.8231,23.3133,100,0.99,55,34,9,1,0,0,0,0,0,100,180,58.5859,15.1515,105.455,27.2727,4916,53307,28635.7,12859.6,1.67056e+08,0.449074,-0.0388556,1.99963,0.490168,4916.25,29091,21418,5215.88,7923.2,10906.6,16423.4,17734,20066.8,24481.2,29091,33266,37503.4,39152,40194,44969.6,48063.6,53247.2,11024.1,11014.9,23719.5,28635.7,7473.15,-116.178,241.479,0.260973,-0.015546,0.0323129,31390.7,33502.9,0,0,0,0,0,0,0,0,0,0,0,0,0,0,0,0,0,0,0,0,0,0,0,0,0,0,0,0,0,0,13,0.131313,45.0906,3.02185,40.5137,49.4481,86,0.868687,67.1912,7.43649,50.6233,77.011,0,0,0,0,0,0,0,0,0,0,0,0,0,0,0,0,0,0,0,0,0,0,0,0,0,0,0,0,0,0,0,0,0,0,0,0,13,0.131313,25341.1,10951.9,4916,39500,86,0.868687,29133.8,13051.7,5222,53307,0,0,0,0,0,0
4,2,1.0238e+06,599050,156,102,34.6185,106.665,73.7482,19.2364,372.459,0.260839,0.172621,2.12281,0.543119,77.25,75.5627,24.8023,44.1025,46.1962,46.9084,54.6454,56.6761,60.8762,71.7198,75.5627,77.1719,80.5003,81.4784,93.8822,104.924,105.539,106.292,15.3362,15.2633,15.4179,73.7482,10.9212,0.338186,0.663438,0.148088,0.0309659,0.0607476,76.2157,78.525,38.3932,98.7179,1.56,102,40,14,0,0,0,0,0,0,98.7179,150.98,53.2051,38.4615,81.3726,58.8235,4574,53322,28567.8,12833.9,1.65785e+08,0.449242,-0.0605558,1.90281,0.492201,4574.25,30309.5,20993.2,5269.78,8121.8,11017.4,16054.6,17551,18998.7,23721,30309.5,33339.8,37479.1,38544.2,40955.8,44948.7,47149.2,52767.6,11127.9,11053.9,23993.6,28567.8,7438.1,-144.412,132.032,0.260366,-0.0194152,0.0177508,31318.2,33412.9,1,0.00641026,0.0403745,0,0.0403745,0.0403745,1,0.00641026,1.06186,0,1.06186,1.06186,0,0,0,0,0,0,0,0,0,0,0,0,0,0,0,0,0,0,25,0.160256,46.0395,2.57351,34.6185,48.5956,101,0.647436,72.0485,10.2361,52.5531,94.768,28,0.179487,104.619,1.54927,100.717,106.665,1,0.00641026,5458,0,5458,5458,1,0.00641026,16731,0,16731,16731,0,0,0,0,0,0,0,0,0,0,0,0,0,0,0,0,0,0,25,0.160256,33898.2,14671.7,4574,53322,101,0.647436,26591.8,12575.7,4832,50767,28,0.179487,30936.5,9908.07,14516,49444
5,2,1.02381e+06,599050,170,81,5.79992,97.1826,61.0092,22.5874,513.46,0.370229,-0.53238,1.95866,0.604155,81.25,67.9537,41.0485,13.583,23.0018,24.392,37.7843,40.3441,45.9656,66.5795,67.9537,76.6194,81.1464,81.3926,81.6727,82.8675,83.3292,96.5393,20.2697,18.92,21.4844,61.0092,12.586,-2.37841,-0.255626,0.206297,-0.188972,-0.0203102,65.0562,67.9925,55.0426,92.3529,1.7,81,64,19,5,1,0,0,0,0,92.3529,193.827,55.8824,26.4706,117.284,55.5556,5073,53467,26863.4,13429.9,1.81518e+08,0.499933,0.0197326,1.83193,0.45027,5073.25,28516,23824,5492.24,6899.4,8729,11967.6,13566,17086.6,22175.4,28516,32129.2,35161.4,37390,39803.8,45100,48328.2,52117.1,11656.2,11618.6,21790.1,26863.4,7779.13,33.5936,14.5823,0.289581,0.00431842,0.00187454,30033.4,32386.2,0,0,0,0,0,0,13,0.0764706,0.877957,0.204707,0.578718,1.24264,0,0,0,0,0,0,1,0.00588235,5.79992,0,5.79992,5.79992,4,0.0235294,15.0716,2.19737,11.657,17.7433,55,0.323529,36.7465,8.76453,21.3408,49.9722,97,0.570588,77.23,8.16516,51.6758,97.1826,0,0,0,0,0,0,0,0,0,0,0,0,13,0.0764706,28823.4,11733.4,8575,51262,0,0,0,0,0,0,1,0.00588235,9592,0,9592,9592,4,0.0235294,11316.2,839.337,10422,12304,55,0.323529,23305.2,11642.5,5073,48641,97,0.570588,29700.1,13666.4,5462,53467,0,0,0,0,0,0
6,2,1.02382e+06,599050,220,130,3.4363,97.0725,76.5878,24.9096,624.053,0.325242,-1.7464,4.75606,0.781231,84.75,85.9261,11.097,4.38991,12.7325,30.6773,63.9379,79.7614,81.182,84.4771,85.9261,88.1768,89.66,90.8584,93.4865,94.4347,95.5796,95.9199,18.45,14.8459,14.8985,76.5878,11.6072,-5.55167,2.86926,0.151555,-0.478294,0.247195,80.5368,82.6612,71.905,79.5455,2.2,130,66,22,2,0,0,0,0,0,79.5455,134.615,63.1818,45,106.923,76.1538,5724,52627,28417,12328.3,1.5286e+08,0.433834,-0.0774675,1.93209,0.483829,37128.2,28616,19598,6249.58,8357.1,10779.8,15928.2,18715,19939.2,24175.4,28616,34792.2,37230.8,38313,39373.2,43875.6,47927.8,51134.8,10700.8,10698.1,12030.7,28417,7132.54,-184.599,153.923,0.250995,-0.0258813,0.0215804,30976,32945.6,33,0.15,0.0481675,0.222825,-0.393195,0.491479,12,0.0545455,0.914371,0.253895,0.538885,1.46195,3,0.0136364,4.03912,0.434457,3.4363,4.44341,4,0.0181818,6.22406,0.407942,5.83108,6.90499,4,0.0181818,12.4498,0.898118,11.4741,13.4819,14,0.0636364,30.8822,3.55351,23.9823,36.6945,150,0.681818,85.8914,9.70417,50.3158,97.0725,0,0,0,0,0,0,33,0.15,36318.4,13331.6,5273,59090,12,0.0545455,36680.6,12988.8,6298,54446,3,0.0136364,13007.7,3022.75,8767,15595,4,0.0181818,15264.5,5973.24,9771,24875,4,0.0181818,13819.2,4438.47,8348,20671,14,0.0636364,19367.5,7488.3,6619,34626,150,0.681818,30309.9,12006.4,5724,52627,0,0,0,0,0,0
7,2,1.02383e+06,599050,197,88,12.2337,92.8752,65.1389,15.4944,241.507,0.237868,-0.662234,3.57056,0.656054,62.25,65.1036,14.4188,24.8267,33.9272,43.7259,52.1932,60.844,61.5927,62.3212,65.1036,70.5753,73.7841,75.2628,77.3697,80.6831,90.6475,91.857,11.7533,11.7531,11.9818,65.1389,8.54093,-0.943223,1.49554,0.131119,-0.110436,0.175102,66.9563,68.4589,51.757,85.7868,1.97,88,73,31,5,0,0,0,0,0,85.7868,192.045,42.6396,53.8071,95.4545,120.455,5452,52649,26921.2,12650.5,1.60987e+08,0.469907,0.085953,1.98211,0.454885,5452.25,26650,20500,6094.32,7014.6,9476.2,13357.2,16590,18616.4,23350.8,26650,30061.8,34747.8,37090,40045.2,43698.4,47971.6,51125.7,10646.5,10641.7,21469,26921.2,7327.05,157.902,248.261,0.272167,0.0215505,0.0338828,29745.3,31948.5,21,0.106599,-0.0292909,0.205455,-0.367254,0.478097,7,0.035533,1.00756,0.290847,0.518504,1.30672,0,0,0,0,0,0,0,0,0,0,0,0,1,0.00507614,12.2337,0,12.2337,12.2337,22,0.111675,37.5686,7.57726,20.8588,49.8839,146,0.741117,69.6556,10.7302,50.3129,92.8752,0,0,0,0,0,0,21,0.106599,33068.3,13452.2,7932,54552,7,0.035533,20614.7,12992.8,9074,48101,0,0,0,0,0,0,0,0,0,0,0,0,1,0.00507614,8610,0,8610,8610,22,0.111675,17666.3,6904.52,6310,30089,146,0.741117,28441.2,12670.8,5452,52649,0,0,0,0,0,0
8,2,1.02384e+06,599050,166,93,34.9009,103.86,78.2297,16.114,261.274,0.205983,-0.507518,2.5931,0.628327,95.75,79.1415,24.8171,38.7426,45.7558,57.7419,62.6501,67.521,71.3477,74.1357,79.1415,84.6615,88.5201,92.338,94.6183,97.165,100.25,103.035,13.3237,13.316,18.5591,78.2297,9.16749,-0.998907,0.636075,0.117187,-0.108962,0.0693837,79.8721,81.3104,42.393,97.5904,1.66,93,58,13,2,0,0,0,0,0,97.5904,174.194,50,15.0602,89.2473,26.8817,5528,50952,26314.8,11421,1.31251e+08,0.434016,0.0991972,2.02925,0.457618,5528.25,25741,17047.8,6215.16,8919.9,11465.1,15940.8,18140.8,18987.8,22410.2,25741,29160.8,33362.5,35188.5,37956.2,43164.6,44624,47768,9636.24,9620.58,20786.6,26314.8,6614.33,171.71,271.792,0.251354,0.0259603,0.0410914,28686.4,30605.3,2,0.0120482,0.309997,0.127267,0.18273,0.437264,2,0.0120482,0.610625,0.106356,0.504269,0.716981,0,0,0,0,0,0,0,0,0,0,0,0,0,0,0,0,0,0,11,0.0662651,43.2379,4.35953,34.9009,49.621,141,0.849398,79.2846,12.6708,50.6531,99.9642,10,0.060241,101.847,1.23607,100.176,103.86,2,0.0120482,17072,7695,9377,24767,2,0.0120482,24140,9867,14273,34007,0,0,0,0,0,0,0,0,0,0,0,0,0,0,0,0,0,0,11,0.0662651,14889.5,4661.12,8975,23261,141,0.849398,26701.2,11447.2,5528,50952,10,0.060241,33435.5,6722.84,22389,46081
9,2,1.02385e+06,599050,154,85,46.8777,101.963,75.5727,13.6408,187.372,0.180498,-0.383357,2.02019,0.520923,79.75,79.4655,20.8967,50.9154,52.8245,53.9608,60.3365,64.4038,67.3552,76.2199,79.4655,81.5519,84.9699,85.3005,86.5363,91.3456,93.4128,98.6737,11.7242,11.1774,11.1841,75.5727,7.7767,-0.877955,0.279754,0.102903,-0.112896,0.0359733,76.7939,77.9054,28.1791,93.5065,1.54,85,49,19,1,0,0,0,0,0,93.5065,169.412,56.4935,44.1558,102.353,80,4690,52092,25581.5,11684.5,1.37483e+08,0.456758,0.0600791,1.96807,0.440729,4690.25,25835,20667.8,5604.53,7832.55,10007.6,13104.2,14666,18441.4,21985.8,25835,29654,32769.6,35333.8,37114.2,42418.2,44158.4,46736.5,9905.17,9903.89,20891.2,25581.5,6775.17,89.891,180.192,0.264847,0.0132677,0.0265959,28123.6,30116,9,0.0584416,-0.0861297,0.135341,-0.278096,0.157399,1,0.00649351,0.919546,0,0.919546,0.919546,0,0,0,0,0,0,0,0,0,0,0,0,0,0,0,0,0,0,1,0.00649351,46.8777,0,46.8777,46.8777,142,0.922078,75.589,13.3412,50.8466,98.8456,1,0.00649351,101.963,0,101.963,101.963,9,0.0584416,21788.9,7233.71,11028,31804,1,0.00649351,10167,0,10167,10167,0,0,0,0,0,0,0,0,0,0,0,0,0,0,0,0,0,0,1,0.00649351,11089,0,11089,11089,142,0.922078,25561.2,11612.3,4690,52092,1,0.00649351,42955,0,42955,42955
10,2,1.02386e+06,599050,200,114,59.7552,98.3859,82.1871,9.66294,93.8771,0.117572,-0.264475,2.2361,0.580674,78.25,82.8897,13.0643,60.7906,66.0293,67.5945,73.7468,76.0027,77.1739,78.4373,82.8897,87.1082,88.4033,89.0671,90.7144,95.0481,97.375,98.2543,8.29606,8.28881,8.60372,82.1871,5.53367,-0.344329,0.327499,0.0673301,-0.0622243,0.059183,82.7532,83.2964,22.0221,93,2,114,63,18,5,0,0,0,0,0,93,163.158,47,58,82.4561,101.754,5331,50049,27407.2,11994,1.44633e+08,0.437621,-0.118984,2.00324,0.493676,5331.25,28472.5,18485.8,6234.95,7571.25,9869.5,15025,18309.5,19914.5,25864,28472.5,31689,35236,36795.2,38414,42440,46718.8,49506.9,10110,10065.7,22076,27407.2,6930.09,-242.723,267.894,0.252857,-0.0350245,0.0386566,29916.7,31817.2,12,0.06,0.0201928,0.118501,-0.152728,0.246736,2,0.01,0.63995,0.11251,0.52744,0.75246,0,0,0,0,0,0,0,0,0,0,0,0,0,0,0,0,0,0,0,0,0,0,0,0,186,0.93,82.1871,9.66294,59.7552,98.3859,0,0,0,0,0,0,12,0.06,18931.8,10144.9,6854,41082,2,0.01,11853.5,2757.5,9096,14611,0,0,0,0,0,0,0,0,0,0,0,0,0,0,0,0,0,0,0,0,0,0,0,0,186,0.93,27407.2,11994,5331,50049,0,0,0,0,0,0
11,2,1.02387e+06,599050,129,85,63.8808,99.1888,83.7236,6.41398,41.4657,0.076609,0.00491404,2.99176,0.561992,79.75,82.3399,8.46726,69.6587,73.895,77.2434,79.0503,79.7102,80.0182,81.0791,82.3399,84.483,87.3214,88.1775,90.3705,92.215,94.2583,97.2295,5.19722,5.13428,5.68024,83.7236,3.61082,0.187788,0.415156,0.0431279,0.0520071,0.114975,83.9689,84.2122,19.4524,98.4496,1.29,85,34,10,0,0,0,0,0,0,98.4496,149.412,44.186,71.3178,67.0588,108.235,6019,53424,29817.4,12536,1.584e+08,0.420427,-0.153277,1.89421,0.502023,6019.25,31547,19539.5,7417.74,9185.7,11993,15515.4,19915,21230.6,27166.8,31547,35583.8,38472.4,39454.5,41715.4,46523.2,48405.7,51550.2,10799.5,10658.6,23798.2,29817.4,7260.89,-330.65,133.011,0.243512,-0.0455385,0.0183189,32345.5,34275.1,2,0.0155039,0.0413495,0.262566,-0.221216,0.303915,0,0,0,0,0,0,0,0,0,0,0,0,0,0,0,0,0,0,0,0,0,0,0,0,0,0,0,0,0,0,127,0.984496,83.7236,6.41398,63.8808,99.1888,0,0,0,0,0,0,2,0.0155039,16031,2296,13735,18327,0,0,0,0,0,0,0,0,0,0,0,0,0,0,0,0,0,0,0,0,0,0,0,0,0,0,0,0,0,0,127,0.984496,29817.4,12536,6019,53424,0,0,0,0,0,0
12,2,1.02388e+06,599050,181,91,42.4302,95.0423,80.3596,8.90193,79.7335,0.110776,-0.840012,4.43335,0.720924,77.25,80.8418,9.70993,57.1212,65.5832,67.7358,74.4898,77.0005,77.6379,79.0737,80.8418,82.6476,85.1337,86.7104,87.9677,92.2886,93.3977,94.3496,6.69646,6.68648,7.44159,80.3596,4.89569,-0.542427,0.797092,0.0609223,-0.110797,0.162815,80.8511,81.3039,37.4378,90.0553,1.81,91,71,17,2,0,0,0,0,0,90.0553,179.121,47.5138,65.1934,94.5055,129.67,4691,53730,28335.2,11958.3,1.43884e+08,0.422029,0.00364568,2.15309,0.482151,4691.25,28754,17302,6184.28,9377,11384.8,16569.8,20046.5,21593,25077.6,28754,31444.4,35676.2,37348.5,39145.6,44338.2,48025,51923.2,9951.78,9942.42,23644,28335.2,6910.25,-19.4211,427.145,0.243875,-0.00281048,0.0618133,30755.3,32683.2,18,0.0994475,0.177259,0.170641,-0.116927,0.479994,0,0,0,0,0,0,0,0,0,0,0,0,0,0,0,0,0,0,0,0,0,0,0,0,1,0.00552486,42.4302,0,42.4302,42.4302,162,0.895028,80.5937,8.41417,54.3061,95.0423,0,0,0,0,0,0,18,0.0994475,16490.7,7089.29,6321,27662,0,0,0,0,0,0,0,0,0,0,0,0,0,0,0,0,0,0,0,0,0,0,0,0,1,0.00552486,21192,0,21192,21192,162,0.895028,28379.3,11981.9,4691,53730,0,0,0,0,0,0
13,2,1.02389e+06,599050,139,96,11.7897,88.1346,65.1895,15.0591,228.432,0.231005,-0.726054,3.9857,0.699454,62.75,63.6709,21.1218,17.7658,38.527,50.271,54.634,58.1277,59.7396,61.6626,63.6709,67.0199,75.5647,79.2496,80.3247,84.3105,85.8424,87.8274,11.6002,11.5078,11.5254,65.1895,8.29331,-0.662521,1.07822,0.127219,-0.0798862,0.130011,66.9062,68.3209,52.6221,99.2806,1.39,96,36,6,1,0,0,0,0,0,99.2806,143.75,45.3237,52.518,65.625,76.0417,5571,54631,30120.9,12404.7,1.55e+08,0.411831,-0.221218,2.09138,0.500406,5571.25,31320.5,18058.5,6188.36,9348.2,10336.3,17763.8,20776,23261.4,27916.4,31320.5,35360.2,38059,38834.5,41856.2,45771.3,48679.3,51673.2,10400.4,10376.9,24549.7,30120.9,7156.58,-438.262,371.036,0.237595,-0.061239,0.0518454,32575.2,34428.9,0,0,0,0,0,0,1,0.00719424,1.44542,0,1.44542,1.44542,0,0,0,0,0,0,0,0,0,0,0,0,3,0.0215827,15.8647,2.91305,11.7897,18.4265,11,0.0791367,39.5626,3.16249,35.4931,47.9809,124,0.892086,68.6562,11.0521,51.2524,88.1346,0,0,0,0,0,0,0,0,0,0,0,0,1,0.00719424,15852,0,15852,15852,0,0,0,0,0,0,0,0,0,0,0,0,3,0.0215827,21625.7,12702.6,5571,36633,11,0.0791367,24115.9,10020.4,9734,45729,124,0.892086,30859.2,12367.3,5734,54631,0,0,0,0,0,0
14,2,1.0239e+06,599050,112,65,15.5069,80.5339,47.3974,18.6906,353.6,0.394339,-0.43936,1.9842,0.490419,70.25,49.8817,23.5335,15.8599,16.6058,17.4699,21.721,37.2061,39.6131,48.3636,49.8817,55.4768,58.7038,60.7395,65.975,70.0263,70.567,73.0438,15.6843,15.2995,23.1873,47.3974,10.6381,-1.26831,0.163655,0.224445,-0.119223,0.0153838,50.9495,53.5178,31.2867,74.1071,1.12,65,38,9,0,0,0,0,0,0,74.1071,127.692,45.5357,6.25,78.4615,10.7692,4709,49157,26503.3,11775.1,1.40343e+08,0.444288,-0.0870658,2.03816,0.490331,4709.25,27700,19096,5379.76,8869.6,9677,14107.6,16517,20657.2,23562.4,27700,30352,34626.4,35613,37365.2,42207.6,45195.2,48164.8,9927.42,9886.31,21794,26503.3,6844.89,-179.436,310.761,0.258266,-0.0262146,0.0454004,29001.3,30898.2,26,0.232143,0.0313418,0.227446,-0.399248,0.474293,3,0.0267857,0.948315,0.344143,0.647639,1.43009,0,0,0,0,0,0,0,0,0,0,0,0,15,0.133929,17.2004,0.965016,15.5069,19.2992,27,0.241071,40.7035,9.09024,20.403,49.8817,41,0.366071,62.8532,7.1026,51.3939,80.5339,0,0,0,0,0,0,26,0.232143,32119.7,15290.8,7753,57127,3,0.0267857,35944.3,11687.6,20590,48921,0,0,0,0,0,0,0,0,0,0,0,0,15,0.133929,25614.9,11044.1,4709,43809,27,0.241071,27136.4,13603.9,5527,49157,41,0.366071,26411.3,10659.6,5528,47947,0,0,0,0,0,0
15,2,1.02391e+06,599050,219,98,2.30983,95.2188,70.7809,16.2681,266.016,0.229838,-0.813221,3.6263,0.736969,68.25,74.7689,24.6914,34.6219,40.3246,49.3302,57.6172,59.1933,63.0251,68.3937,74.7689,78.5019,82.3727,83.8847,85.2322,89.4392,91.6311,93.6,13.338,13.3041,13.6201,70.7809,9.08657,-1.41458,0.671322,0.128376,-0.155678,0.0738807,72.6263,74.1263,67.5854,89.0411,2.19,98,92,28,1,0,0,0,0,0,89.0411,198.98,46.1187,56.1644,103.061,125.51,4302,52759,24801,12513.1,1.57385e+08,0.50454,0.290888,1.95662,0.423035,4302.25,22931,20959.5,5172.88,7563.9,9298.8,12706.6,14125,15447.2,19421.2,22931,28394.6,32277.8,35084.5,37606.6,42612.4,45587.5,50757.1,10785.5,10693.3,20498.8,24801,7214.47,587.023,100.547,0.290894,0.0813674,0.0139368,27778.9,30174.8,13,0.0593607,0.0376206,0.184145,-0.236413,0.381459,11,0.0502283,1.10954,0.318575,0.682771,1.65195,1,0.00456621,2.30983,0,2.30983,2.30983,0,0,0,0,0,0,0,0,0,0,0,0,20,0.0913242,41.4128,5.79848,26.0484,49.9585,174,0.794521,74.55,12.3467,50.2699,95.2188,0,0,0,0,0,0,13,0.0593607,34673.8,16428.2,9714,55086,11,0.0502283,27551.6,13683.6,7658,50285,1,0.00456621,16148,0,16148,16148,0,0,0,0,0,0,0,0,0,0,0,0,20,0.0913242,17741.2,10042.5,4302,46132,174,0.794521,25662.2,12529.3,4560,52759,0,0,0,0,0,0
16,2,1.02392e+06,599050,130,94,74.8416,102.112,93.0301,5.86221,34.634,0.0630142,-1.15031,4.28408,0.666974,95.75,94.5766,7.28716,75.4826,78.7873,85.8259,88.4912,89.2136,92.1598,93.272,94.5766,95.567,96.1568,96.5008,97.2247,98.2141,101.144,102.017,4.41892,4.22457,4.37347,93.0301,3.13228,-0.701889,0.613175,0.0336695,-0.224083,0.19576,93.2146,93.3892,17.7849,99.2308,1.3,94,33,3,0,0,0,0,0,0,99.2308,137.234,62.3077,36.1538,86.1702,50,5425,51394,31615.6,11857.2,1.41691e+08,0.375043,-0.367185,2.04817,0.569744,5425.25,34721,20763,5784.52,11237,15476.2,19315.4,21012,23039.4,29752.4,34721,37722.4,40182.2,41775,42582.2,45187,48540,50669.2,10266.1,10113.6,26190.3,31615.6,6812.69,-706.03,170.843,0.215485,-0.103635,0.0250771,33765.9,35389.9,0,0,0,0,0,0,1,0.00769231,1.69669,0,1.69669,1.69669,0,0,0,0,0,0,0,0,0,0,0,0,0,0,0,0,0,0,0,0,0,0,0,0,118,0.907692,92.247,5.50988,74.8416,99.8571,11,0.0846154,101.43,0.455617,100.745,102.112,0,0,0,0,0,0,1,0.00769231,11608,0,11608,11608,0,0,0,0,0,0,0,0,0,0,0,0,0,0,0,0,0,0,0,0,0,0,0,0,118,0.907692,31560.2,12195.4,5425,51394,11,0.0846154,32209.8,7276.63,21942,42772
17,2,1.02393e+06,599050,164,92,54.0502,99.2343,85.4996,8.5644,73.7989,0.100169,-0.639176,2.81713,0.696027,92.75,87.9073,14.4617,65.2605,71.5292,73.5048,76.6863,78.3162,79.9237,84.6039,87.9073,90.0358,92.0162,92.7779,93.3229,94.7562,96.0775,98.2813,7.34699,7.19424,8.29747,85.4996,4.82615,-0.710038,0.123789,0.0564464,-0.147123,0.0256496,85.9274,86.331,30.9191,100,1.64,92,59,12,1,0,0,0,0,0,100,178.261,56.0976,26.2195,100,46.7391,4984,52367,29129.6,11869.1,1.41741e+08,0.40746,-0.175984,1.93103,0.509583,4984.25,31140,19921.5,7152.67,10218.5,12027.9,16332.8,18349.2,21654.8,26414.4,31140,34731.4,37507.2,38270.8,39559,42975,47920.8,50064.2,10253.7,10171.2,24145.3,29129.6,6846.04,-380.231,142.159,0.23502,-0.0555403,0.0207652,31454.9,33242.2,0,0,0,0,0,0,0,0,0,0,0,0,0,0,0,0,0,0,0,0,0,0,0,0,0,0,0,0,0,0,0,0,0,0,0,0,164,1,85.4996,8.5644,54.0502,99.2343,0,0,0,0,0,0,0,0,0,0,0,0,0,0,0,0,0,0,0,0,0,0,0,0,0,0,0,0,0,0,0,0,0,0,0,0,0,0,0,0,0,0,164,1,29129.6,11869.1,4984,52367,0,0,0,0,0,0
18,2,1.02394e+06,599050,232,133,17.8615,92.9603,62.4578,16.3427,268.375,0.26166,-0.490303,3.11306,0.593835,48.75,64.3814,20.9402,18.6737,29.6961,43.9405,49.2586,52.6756,54.5433,56.7705,64.3814,66.6703,72.4995,73.6157,76.8895,84.2258,86.2245,92.2971,13.0802,13.0033,17.6106,62.4578,9.18133,-0.660414,1.10172,0.147001,-0.0719301,0.119996,64.5605,66.3088,43.6302,89.6552,2.32,133,84,15,0,0,0,0,0,0,89.6552,156.391,48.7069,73.7069,84.9624,128.571,3877,52315,29930.5,12302.3,1.52078e+08,0.41103,-0.120631,1.99657,0.537872,3877.25,29792.5,18826.8,6291.42,10079.9,12028.7,17641.6,21094.5,23300.5,25535.2,29792.5,34147.4,38123.1,39921.2,42068.6,46686.4,48218.3,51882.3,10492.7,10492.7,26053.2,29930.5,7115.74,-218.684,239.35,0.237742,-0.0307324,0.0336367,32360.2,34250.1,24,0.103448,-0.0357249,0.144218,-0.354572,0.31297,0,0,0,0,0,0,0,0,0,0,0,0,0,0,0,0,0,0,5,0.0215517,18.735,0.667864,17.8615,19.8271,42,0.181034,42.7898,8.31415,20.4163,49.9498,161,0.693966,68.9464,11.1635,50.6342,92.9603,0,0,0,0,0,0,24,0.103448,37178.8,13432.4,14395,56319,0,0,0,0,0,0,0,0,0,0,0,0,0,0,0,0,0,0,5,0.0215517,34309.6,10535.1,20125,47028,42,0.181034,31879.9,12550.3,10904,52315,161,0.693966,29285.9,12206.2,3877,51972,0,0,0,0,0,0
19,2,1.02395e+06,599050,177,109,2.36141,57.7033,35.5789,12.668,161.733,0.356055,-0.383379,2.22353,0.600223,42.25,38.6289,18.6981,11.7951,14.6605,17.2453,20.0378,27.4947,30.4147,33.2947,38.6289,40.0223,42.8797,46.1928,46.9203,48.9716,55.0672,55.7521,10.6025,10.387,11.0246,35.5789,7.23605,-0.721715,0.402502,0.203381,-0.0997387,0.0556245,37.7669,39.4481,32.5387,72.8814,1.77,109,53,15,0,0,0,0,0,0,72.8814,118.349,41.2429,24.2938,66.9725,39.4495,5359,52448,29562.2,11399.8,1.30971e+08,0.38562,-0.22493,2.23333,0.513989,5359.25,31276,17380,6963.64,9040,12487.6,18964,21422,22174.4,27784.8,31276,33536.2,36365.8,38802,39986.6,43275.2,46753.4,51590.5,9503.6,9374.88,24203,29562.2,6561.49,-415.959,455.178,0.221955,-0.0633939,0.0693711,31684.1,33330.4,33,0.186441,0.00344584,0.175095,-0.267326,0.443698,15,0.0847458,1.07887,0.358086,0.525861,1.59778,1,0.00564972,2.36141,0,2.36141,2.36141,0,0,0,0,0,0,25,0.141243,16.3684,2.2589,11.6628,19.8112,92,0.519774,38.787,7.34026,20.1888,49.4092,11,0.0621469,55.4274,0.822784,54.3119,57.7033,0,0,0,0,0,0,33,0.186441,39749.6,13170.4,14807,59205,15,0.0847458,36200.8,15908.6,8325,56075,1,0.00564972,25241,0,25241,25241,0,0,0,0,0,0,25,0.141243,28809.9,10609.5,11126,49959,92,0.519774,30243,11669.7,5359,52448,11,0.0621469,25971.5,10462.5,8890,44211,0,0,0,0,0,0
0,3,1.02376e+06,599040,93,56,21.253,82.5596,52.0946,18.1734,334.401,0.348854,0.352461,1.99705,0.503071,37.75,43.7775,21.8809,21.3065,22.4061,32.7906,38.0848,39.2106,39.6043,42.1242,43.7775,59.0019,60.194,61.0914,77.7319,80.7872,81.029,82.2319,15.6655,15.3703,17.1516,52.0946,10.2899,1.09056,0.231929,0.197523,0.105984,0.0225395,55.1735,57.9996,30.0923,87.0968,0.93,56,27,8,2,0,0,0,0,0,87.0968,144.643,38.7097,73.1183,64.2857,121.429,4691,51049,27366,13185.7,1.76035e+08,0.481826,-0.0512103,1.76654,0.489128,4691.25,27673,24726,4854.2,7977,10059,12716,14232,17030,24443,27673,33124,36353,38958,39990,44561,47036,50630.6,11507.7,11502.6,22674.8,27366,7686.59,-115.707,-66.6541,0.280881,-0.0150531,-0.00867148,30377,32601.5,8,0.0860215,-0.0268232,0.160077,-0.301537,0.17332,4,0.0430108,1.02631,0.432199,0.579682,1.51304,0,0,0,0,0,0,0,0,0,0,0,0,0,0,0,0,0,0,43,0.462366,37.4031,6.97172,21.253,49.7335,38,0.408602,68.7192,11.3307,50.0286,82.5596,0,0,0,0,0,0,8,0.0860215,27303.1,13851.2,5445,46226,4,0.0430108,47388.2,6508.16,38604,55983,0,0,0,0,0,0,0,0,0,0,0,0,0,0,0,0,0,0,43,0.462366,24708,12109.3,4895,44561,38,0.408602,30373.8,13697.8,4691,51049,0,0,0,0,0,0
1,3,1.02377e+06,599040,157,79,2.01202,94.6478,48.8854,18.3279,338.857,0.374915,0.439997,4.05472,0.505996,55.25,48.6996,18.2874,2.14108,26.8107,29.1768,31.5045,37.7739,38.8637,46.5325,48.6996,55.1467,55.7071,56.0614,56.775,65.825,92.4173,94.39,13.6794,13.6772,14.1713,48.8854,9.87747,0.540942,1.89753,0.202054,0.0547653,0.192107,52.2082,55.2657,45.8927,73.2484,1.57,79,52,18,7,1,0,0,0,0,73.2484,145.57,35.6688,28.6624,70.8861,56.962,3822,50669,28187.2,12830.7,1.66072e+08,0.455198,-0.0758273,1.7441,0.520101,20368.2,30175,21721,5202.44,7939.6,10427,16302.2,17778.5,18642.2,21894,30175,34157.4,37666,39499.5,40665,44806.8,47953.6,49264.7,11529.9,11484,12418,28187.2,7434.01,-169.203,-89.3453,0.263738,-0.0227607,-0.0120184,30970,33066.9,27,0.171975,0.00351742,0.145897,-0.302124,0.327351,15,0.0955414,1.46155,0.493061,0.568514,1.99067,3,0.0191083,2.15563,0.141075,2.01202,2.34737,0,0,0,0,0,0,0,0,0,0,0,0,57,0.363057,37.5466,7.67748,23.1356,48.9518,55,0.350318,63.1854,13.5805,50.1716,94.6478,0,0,0,0,0,0,27,0.171975,28259.9,13932.2,5159,54869,15,0.0955414,34771.5,13232.9,11586,59008,3,0.0191083,41111,5342.42,36966,48654,0,0,0,0,0,0,0,0,0,0,0,0,57,0.363057,23592.8,11388.4,3822,44968,55,0.350318,32243.7,12681.1,7413,50669,0,0,0,0,0,0
2,3,1.02378e+06,599040,107,67,49.6541,95.0579,67.4217,8.78403,77.901,0.130285,0.19751,3.39697,0.391323,68.25,68.26,12.4021,49.7594,51.3662,56.5614,58.9324,61.2227,63.178,65.1052,68.26,69.4124,72.3823,73.6248,74.7403,77.455,78.4785,93.7999,7.02647,6.97733,6.97743,67.4217,4.95475,-0.0518096,0.565444,0.0734889,-0.0104566,0.114122,67.9915,68.5567,17.317,98.1308,1.07,67,35,5,0,0,0,0,0,0,98.1308,156.716,52.3364,49.5327,83.5821,79.1045,2841,53640,30038.8,12770.6,1.64657e+08,0.425138,-0.326008,2.04236,0.5354,2841.25,33781,20500,3949.44,7803.6,13190.2,16883.6,19188,21042.4,26919,33781,36336.6,38654.4,39688,41250.4,45645.2,46829,51202.4,11114.3,10937.1,27197.5,30038.8,7346.1,-681.558,215.953,0.244554,-0.0927782,0.029397,32640.7,34516.6,2,0.0186916,0.0441515,0.140232,-0.0960805,0.184383,0,0,0,0,0,0,0,0,0,0,0,0,0,0,0,0,0,0,0,0,0,0,0,0,2,0.0186916,49.6994,0.0452785,49.6541,49.7447,103,0.962617,67.7658,8.51119,50.112,95.0579,0,0,0,0,0,0,2,0.0186916,21316,5770,15546,27086,0,0,0,0,0,0,0,0,0,0,0,0,0,0,0,0,0,0,0,0,0,0,0,0,2,0.0186916,15059.5,2056.5,13003,17116,103,0.962617,30329.6,12717.4,2841,53640,0,0,0,0,0,0
3,3,1.02379e+06,599040,96,65,36.8043,114.713,75.9738,13.9481,196.619,0.183591,0.592351,3.58455,0.502759,89.25,70.8288,21.067,49.9927,57.3519,61.8528,67.3687,68.0698,68.5727,69.6549,70.8288,74.9484,81.3105,89.1368,89.3309,93.3553,95.8646,114.551,11.1741,10.4681,16.3628,75.9738,7.60548,1.19197,1.13636,0.100107,0.156725,0.149414,77.2435,78.5397,38.1553,98.9583,0.96,65,26,5,0,0,0,0,0,0,98.9583,146.154,37.5,22.9167,55.3846,33.8462,4013,53124,30232.6,13304.3,1.78888e+08,0.440065,-0.3397,2.01133,0.533885,4013.25,32654,20650,4060.94,7291.4,9763.8,15967.8,19413.5,22899,28012.6,32654,36851.2,39095.8,40063.5,42037.2,46926.4,48834,52062.7,11357.4,11148.6,26219.4,30232.6,7672.88,-755.232,275.71,0.253795,-0.0984288,0.0359331,33030.5,35003.2,1,0.0104167,-0.0385109,0,-0.0385109,-0.0385109,0,0,0,0,0,0,0,0,0,0,0,0,0,0,0,0,0,0,0,0,0,0,0,0,1,0.0104167,36.8043,0,36.8043,36.8043,90,0.9375,74.7686,11.2294,50.8345,96.0855,4,0.0416667,112.883,2.19675,109.252,114.713,1,0.0104167,10294,0,10294,10294,0,0,0,0,0,0,0,0,0,0,0,0,0,0,0,0,0,0,0,0,0,0,0,0,1,0.0104167,10867,0,10867,10867,90,0.9375,30985.4,13119.2,4013,53124,4,0.0416667,18136.8,8859.03,7702,32155
4,3,1.0238e+06,599040,136,70,43.9589,127.092,92.2886,17.4677,307.381,0.189273,-0.505637,3.1756,0.581351,103.75,94.2252,23.6183,46.1771,59.9642,68.627,79.383,80.1468,81.3366,92.9466,94.2252,98.5782,103.379,103.765,104.017,111.097,123.599,126.108,13.6432,13.3505,15.2909,92.2886,9.70563,-1.1498,1.48206,0.105166,-0.118468,0.152701,93.9271,95.3842,47.4849,100,1.36,70,53,10,3,0,0,0,0,0,100,194.286,62.5,26.4706,121.429,51.4286,3817,51414,27195.3,13195.5,1.75411e+08,0.485213,0.017693,1.74655,0.491172,3817.25,26111,23327,5131.7,7607,9147.5,13393,15771,18926.5,21257,26111,32317,37151,39098,40863,45485.5,47374.2,48963.3,11553.9,11536.7,23378.1,27195.3,7666.87,40.0059,-97.114,0.281919,0.00521802,-0.0126667,30227.6,32510,0,0,0,0,0,0,0,0,0,0,0,0,0,0,0,0,0,0,0,0,0,0,0,0,0,0,0,0,0,0,3,0.0220588,45.8333,2.08933,43.9589,48.7486,82,0.602941,83.8286,12.2749,51.6426,99.7513,51,0.375,108.624,7.89216,101.578,127.092,0,0,0,0,0,0,0,0,0,0,0,0,0,0,0,0,0,0,0,0,0,0,0,0,0,0,0,0,0,0,3,0.0220588,15448.7,3841.59,11145,20472,82,0.602941,25494.6,12736.6,3817,51414,51,0.375,30620.8,13346.4,6184,48286
5,3,1.02381e+06,599040,195,86,11.1039,131.807,86.5613,31.0239,967.472,0.358404,-0.692425,2.68247,0.625148,79.75,88.3617,39.4305,17.7539,25.1278,30.6106,67.8207,74.252,79.2843,82.1321,88.3617,96.8862,103.833,113.683,118.916,122.14,126.76,129.622,24.2716,24.1868,25.7032,86.5613,17.3123,-2.72144,1.7108,0.2,-0.157198,0.0988202,91.953,95.7506,74.2308,99.4872,1.95,86,80,26,3,0,0,0,0,0,99.4872,225.581,55.3846,66.1538,125.581,150,3200,53541,24184.7,12766.5,1.63829e+08,0.527877,0.368331,2.07472,0.41685,3200.25,22805.5,21368.8,4889.89,7073.95,8609.4,11143.6,12391.8,14921.3,18844.2,22805.5,26582.6,32025.6,33760.5,36816.2,42498.1,45533.2,51798.7,10879.4,10832.6,20984.4,24184.7,7334.34,735.576,158.832,0.303264,0.100292,0.0216559,27347.4,29902.3,0,0,0,0,0,0,1,0.00512821,1.38251,0,1.38251,1.38251,0,0,0,0,0,0,0,0,0,0,0,0,7,0.0358974,16.9371,3.35014,11.1039,19.6231,21,0.107692,30.8372,5.57441,23.1095,41.4046,94,0.482051,81.1675,11.785,50.751,99.4836,72,0.369231,116.625,9.11604,100.153,131.807,0,0,0,0,0,0,1,0.00512821,10098,0,10098,10098,0,0,0,0,0,0,0,0,0,0,0,0,7,0.0358974,16937.1,9025.14,5678,32002,21,0.107692,22665,12281.6,3200,44295,94,0.482051,22194.9,11583.7,4264,53541,72,0.369231,27930.3,13677.6,6162,51927
6,3,1.02382e+06,599040,222,96,19.1537,122.116,91.9387,18.7516,353.338,0.203958,-1.02469,4.96013,0.706911,79.25,92.3872,23.7018,24.2448,54.1942,69.938,79.2059,81.8885,87.8521,90.4288,92.3872,97.1853,100.556,105.59,106.83,116.304,119.232,121.094,13.5686,13.5596,18.6097,91.9387,10.0888,-1.25432,1.89252,0.109734,-0.124328,0.187585,93.8315,95.3674,71.3659,92.7928,2.22,96,93,28,5,0,0,0,0,0,92.7928,214.583,48.1982,73.8739,111.458,170.833,6232,48848,27179.7,11484.8,1.32544e+08,0.422551,-0.0600852,1.94554,0.491544,6232.25,27197,19603.8,7000.6,8442.25,10377.5,15284,18589.5,21105,23617,27197,30702,35063,38193.2,39041,41490.5,44869.8,47550.8,9671.5,9671.5,20947.4,27179.7,6643.31,-112.246,186.156,0.244422,-0.0168961,0.0280216,29506.5,31326.6,13,0.0585586,-0.0132439,0.251291,-0.461015,0.348777,3,0.0135135,0.714301,0.155724,0.529733,0.910631,0,0,0,0,0,0,0,0,0,0,0,0,1,0.0045045,19.1537,0,19.1537,19.1537,3,0.0135135,29.6077,11.2972,20.2018,45.4948,137,0.617117,84.6749,12.343,51.7858,99.3226,65,0.292793,111.245,6.52776,100.099,122.116,13,0.0585586,19589.5,6931.15,8161,27595,3,0.0135135,9404.33,3938.42,5226,14683,0,0,0,0,0,0,0,0,0,0,0,0,1,0.0045045,33364,0,33364,33364,3,0.0135135,36536,9718.12,22922,44973,137,0.617117,25881.4,11202.2,6232,47838,65,0.292793,29389,11666.6,7059,48848
7,3,1.02383e+06,599040,174,98,9.53215,102.268,72.5668,23.7389,567.013,0.327131,-0.414654,2.02804,0.679719,100.25,78.676,43.3218,24.8085,34.2652,36.2778,53.0711,53.9716,55.5779,62.1151,78.676,80.8337,93.9281,97.2934,98.5962,100.196,100.618,101.277,20.8017,20.2191,27.7885,72.5668,13.4622,-1.67614,-0.360985,0.185514,-0.124508,-0.0268147,76.351,79.3313,61.7992,93.6782,1.74,98,59,14,2,1,0,0,0,0,93.6782,166.327,55.1724,8.04598,97.9592,14.2857,4438,52208,26885.9,12092.4,1.4713e+08,0.449768,0.0427114,2.16101,0.469917,4438.25,26466,18323,4679.94,7262.7,9765.8,15386.8,17918.5,20365.6,24137.4,26466,29580.2,32946.8,36241.5,38682.6,43550.2,47348.9,50647.1,9943.65,9932.86,22447.7,26885.9,6978.67,60.9917,480.729,0.259566,0.00873972,0.0688854,29480.2,31516.3,11,0.0632184,0.0800397,0.22332,-0.312845,0.428451,0,0,0,0,0,0,0,0,0,0,0,0,1,0.00574713,9.53215,0,9.53215,9.53215,1,0.00574713,10.7089,0,10.7089,10.7089,27,0.155172,37.0953,3.56922,33.4502,43.8999,114,0.655172,77.1353,16.6421,52.8048,99.8089,20,0.114943,100.658,0.540922,100.049,102.268,11,0.0632184,22132.5,8797.66,10463,44940,0,0,0,0,0,0,0,0,0,0,0,0,1,0.00574713,5901,0,5901,5901,1,0.00574713,9557,0,9557,9557,27,0.155172,19756.2,11116.6,4438,44862,114,0.655172,26811.4,11176.4,4471,52208,20,0.114943,38851.4,8003.67,23581,51189
8,3,1.02384e+06,599040,179,102,43.7349,98.546,73.6192,12.4583,156.157,0.169227,0.0370046,2.08695,0.545224,58.75,73.2558,21.0131,45.3144,57.8812,58.4735,61.0067,63.727,65.2569,66.8218,73.2558,77.7846,82.0755,84.7401,85.5576,90.8957,92.7252,97.2564,10.6717,10.6655,15.6499,73.6192,7.17482,0.19038,0.147438,0.0974585,0.0265345,0.0205494,74.6659,75.674,29.223,92.1788,1.79,102,58,18,1,0,0,0,0,0,92.1788,161.765,45.2514,79.8883,79.4118,140.196,4268,53502,29458,13256.4,1.76804e+08,0.45001,-0.149008,1.82729,0.511639,4268.25,30607,24155,5482.64,9099.6,10487.6,15247.8,16672,20356,26904.4,30607,35450,39371.4,40827,41432,46291.4,48821.6,52255.8,11509.7,11460.2,25189.8,29458,7670.54,-347.524,26.1527,0.260389,-0.0453064,0.00340949,32303.4,34410.8,10,0.0558659,0.0563536,0.153704,-0.167187,0.370409,4,0.0223464,1.27856,0.0724561,1.1941,1.37424,0,0,0,0,0,0,0,0,0,0,0,0,0,0,0,0,0,0,3,0.0167598,44.5968,1.03468,43.7349,46.0518,162,0.905028,74.1567,11.9238,54.6233,98.546,0,0,0,0,0,0,10,0.0558659,24346.7,8058.15,11735,38448,4,0.0223464,16228.5,3884.65,10747,20516,0,0,0,0,0,0,0,0,0,0,0,0,0,0,0,0,0,0,3,0.0167598,11902.3,3832.52,6488,14824,162,0.905028,29783.1,13149.2,4268,53502,0,0,0,0,0,0
9,3,1.02385e+06,599040,163,87,40.6259,93.7892,73.1145,11.4195,131.235,0.156186,-0.323384,2.62904,0.61111,82.75,73.0168,18.0702,43.3813,56.0189,60.3276,64.2465,64.9093,66.0616,68.494,73.0168,77.6057,82.479,82.9795,84.1728,88.0032,88.7497,93.6194,9.73659,9.73553,11.7003,73.1145,6.48855,-0.303131,0.314181,0.088745,-0.0467179,0.0484209,74.0009,74.8276,32.1441,96.9325,1.63,87,55,19,2,0,0,0,0,0,96.9325,181.609,47.8528,25.7669,89.6552,48.2759,4525,51349,26752.6,12883.5,1.67043e+08,0.481581,0.0319635,1.86892,0.474705,4525.25,26082,20498.8,5080.95,6901.4,8577.8,13028.2,17162.8,19501.8,21258.4,26082,31304.6,35936.7,37661.5,40233.8,43155.8,47637.8,50267.5,11134.4,11116.6,22227.4,26752.6,7469.97,60.2452,82.0753,0.279224,0.00806498,0.0109874,29693.2,31924.6,2,0.0122699,-0.00589646,0.189217,-0.195114,0.183321,3,0.0184049,0.792104,0.245291,0.543098,1.12577,0,0,0,0,0,0,0,0,0,0,0,0,0,0,0,0,0,0,5,0.0306748,43.9051,2.50332,40.6259,46.3472,153,0.93865,74.0691,10.2795,52.7722,93.7892,0,0,0,0,0,0,2,0.0122699,24998,2075,22923,27073,3,0.0184049,8156.33,1711.22,5770,9698,0,0,0,0,0,0,0,0,0,0,0,0,0,0,0,0,0,0,5,0.0306748,13572,7879.66,6584,26191,153,0.93865,27183.3,12787.4,4525,51349,0,0,0,0,0,0
10,3,1.02386e+06,599040,154,70,38.1992,91.1215,71.3397,13.3408,179.248,0.187004,-0.0208874,1.78816,0.62621,86.75,70.9335,26.5496,46.1514,50.1712,57.2609,59.1673,60.1925,60.825,62.9895,70.9335,74.4814,85.5111,86.7421,87.0822,88.4414,89.3114,90.7563,11.8258,11.8187,16.1881,71.3397,7.60842,0.00776813,-0.337626,0.106651,0.00102099,-0.0443753,72.5763,73.7489,32.6384,91.5584,1.54,70,59,21,4,0,0,0,0,0,91.5584,201.429,44.8052,22.7273,98.5714,50,4735,51749,25851.7,12690.9,1.6221e+08,0.490913,0.188594,2.12393,0.449158,4735.25,26430,18430,5412,6819,8523,13194,15239,17436,22746,26430,28946,30920,33669,37822,44223,48358,50781.2,10473.4,10457.7,21116.5,25851.7,7318.52,321.462,415.21,0.283096,0.0439245,0.0567342,28798.8,31125.2,11,0.0714286,0.0722482,0.169997,-0.17357,0.444403,2,0.012987,0.670867,0.0263841,0.644483,0.697251,0,0,0,0,0,0,0,0,0,0,0,0,0,0,0,0,0,0,7,0.0454545,46.5813,3.73829,38.1992,49.8731,134,0.87013,72.633,12.3632,50.1712,91.1215,0,0,0,0,0,0,11,0.0714286,17048.2,9918.84,3583,37038,2,0.012987,29928.5,9645.5,20283,39574,0,0,0,0,0,0,0,0,0,0,0,0,0,0,0,0,0,0,7,0.0454545,17173.6,8277.48,4735,26430,134,0.87013,26305,12718.3,5020,51749,0,0,0,0,0,0
11,3,1.02387e+06,599040,140,76,37.1418,114.611,77.1943,12.9742,169.587,0.168073,-0.129382,4.29819,0.517013,81.25,80.3026,15.8119,40.7046,57.3727,61.7945,64.8036,70.1184,72.0628,74.7249,80.3026,81.1568,83.5478,85.9303,87.4849,89.0657,92.597,113.78,9.9751,9.87865,9.969,77.1943,7.08089,-0.466129,1.18652,0.0917282,-0.0658291,0.167566,78.277,79.301,39.2672,96.4286,1.4,76,53,11,0,0,0,0,0,0,96.4286,177.632,50,37.1429,92.1053,68.4211,4705,57148,27542.9,11319.3,1.29082e+08,0.410969,0.197369,2.53341,0.43548,4705.25,26869,16827.5,6153.3,9348.7,12575.6,17548.6,19105.5,20867.4,24819.2,26869,29387.6,32998.4,35933,37586.4,42077.2,46015.6,53192,9121.31,9106.66,22837.6,27542.9,6487.18,245.584,660.429,0.235531,0.0378568,0.101805,29778.1,31670.9,5,0.0357143,0.00902602,0.0903689,-0.0874951,0.14154,0,0,0,0,0,0,0,0,0,0,0,0,0,0,0,0,0,0,0,0,0,0,0,0,4,0.0285714,42.1972,4.91294,37.1418,47.1553,127,0.907143,77.1485,9.88593,56.4863,94.5565,4,0.0285714,113.645,0.749621,112.704,114.611,5,0.0357143,14266.2,3380.83,10672,20346,0,0,0,0,0,0,0,0,0,0,0,0,0,0,0,0,0,0,0,0,0,0,0,0,4,0.0285714,12148.5,3813.17,9364,18618,127,0.907143,28375,11066.4,4705,57148,4,0.0285714,16516,6393.16,8208,23145
12,3,1.02388e+06,599040,207,122,47.6038,110.027,86.9423,15.8045,251.025,0.181781,-0.350267,2.20439,0.630192,106.75,88.2743,22.5806,54.0674,58.2284,64.0246,73.5774,75.3411,78.7304,83.7781,88.2743,92.5998,97.4572,97.9218,105.863,107.321,108.221,109.685,13.2431,13.1865,20.1769,86.9423,9.05409,-0.816365,0.363419,0.104139,-0.0901654,0.0401387,88.3671,89.668,38.7649,97.5845,2.07,122,71,11,3,0,0,0,0,0,97.5845,165.574,51.6908,14.4928,87.7049,24.5902,3934,56088,29344.7,12745.5,1.63255e+08,0.434337,-0.0541885,2.06113,0.487224,3934.25,29150,19725.5,4714.54,9138.9,11155,17119.4,20259.8,22047.5,26288.2,29150,33557.4,38379.2,39985.2,42012,46228.2,49685.8,52642.1,10719.7,10719.7,25410.4,29344.7,7366.85,-113.02,338.887,0.251046,-0.0153416,0.0460017,31993.1,34044.2,5,0.0241546,0.101339,0.211131,-0.111176,0.459836,0,0,0,0,0,0,0,0,0,0,0,0,0,0,0,0,0,0,0,0,0,0,0,0,1,0.00483092,47.6038,0,47.6038,47.6038,156,0.753623,81.3096,12.6981,53.9131,99.1626,45,0.217391,107.343,1.30113,104.12,110.027,5,0.0241546,17848.6,8459.58,7995,31776,0,0,0,0,0,0,0,0,0,0,0,0,0,0,0,0,0,0,0,0,0,0,0,0,1,0.00483092,17617,0,17617,17617,156,0.753623,27333.7,12559,3934,56088,45,0.217391,36576.7,10631.8,13702,54848
13,3,1.02389e+06,599040,108,67,14.944,107.727,74.9531,19.2784,375.374,0.257206,-0.905991,3.77943,0.646766,87.75,74.557,23.366,18.2665,36.8424,47.2361,62.4424,66.1291,66.9163,69.1084,74.557,87.4839,87.8915,89.4951,90.4404,91.1046,97.3963,107.388,15.6472,15.6425,16.1379,74.9531,10.4477,-1.99814,1.28395,0.139389,-0.191252,0.122894,77.3926,79.2727,58.2572,93.5185,1.08,67,32,6,2,1,0,0,0,0,93.5185,150.746,45.3704,34.2593,73.1343,55.2239,4984,52041,27867,11896.9,1.4295e+08,0.426916,0.0633007,1.94697,0.486282,4984.25,27494,21245,5843,9553,12284,16070,17929,19847,23950,27494,31428,36064,39174,39933,44539,46504,49941,10208.1,10204,22882.7,27867,6915.39,123.162,155.679,0.248157,0.0178098,0.022512,30300.2,32262.1,5,0.0462963,0.0544367,0.145434,-0.182319,0.249504,2,0.0185185,0.936022,0.0501146,0.885908,0.986137,0,0,0,0,0,0,0,0,0,0,0,0,3,0.0277778,17.3162,1.68847,14.944,18.7383,8,0.0740741,41.2864,4.25836,35.7137,47.2361,85,0.787037,78.2916,12.0665,50.1952,97.3963,5,0.0462963,106.647,0.905905,105.325,107.727,5,0.0462963,25183.4,9345.94,7271,32569,2,0.0185185,14880.5,341.5,14539,15222,0,0,0,0,0,0,0,0,0,0,0,0,3,0.0277778,20135.3,14015.7,5843,39175,8,0.0740741,18637.6,7376.36,4984,28906,85,0.787037,28599.6,11737.4,6531,52041,5,0.0462963,34818,9080.8,20230,44591
14,3,1.0239e+06,599040,198,81,16.2241,87.7088,60.6684,19.9896,401.936,0.32949,-0.695025,2.56379,0.621732,19.25,66.781,30.2954,16.5123,19.2824,27.8286,44.8736,46.3737,49.8073,63.2283,66.781,68.7833,71.361,76.6691,80.1459,84.0296,86.7225,87.577,16.5494,15.7491,41.5482,60.6684,11.1817,-1.9435,0.892863,0.184308,-0.173811,0.0798505,63.8768,66.2272,43.8372,86.3636,1.98,81,75,37,5,0,0,0,0,0,86.3636,211.111,53.5354,81.8182,130.864,200,3874,55104,27736.5,14213.4,2.0321e+08,0.512446,0.0627022,1.74444,0.465791,3874.25,26368,26540.5,4040.7,6914.5,8888,13608,14664,17047,21687,26368,32687,38732,41204.5,42801,46197,49292,53951.2,12451.7,12417.6,23862.2,27736.5,8238.89,143.141,-124.676,0.297042,0.0173738,-0.0151326,31166.2,33716.3,22,0.111111,0.113098,0.219303,-0.329381,0.459195,5,0.0252525,0.777418,0.235593,0.504423,1.10541,0,0,0,0,0,0,0,0,0,0,0,0,14,0.0707071,18.5433,1.23521,16.2241,19.7899,38,0.191919,41.2629,8.11777,21.0015,49.8073,119,0.60101,71.8211,9.97856,50.1522,87.7088,0,0,0,0,0,0,22,0.111111,22035.1,12070.1,6196,48439,5,0.0252525,15647,8580.46,6198,30077,0,0,0,0,0,0,0,0,0,0,0,0,14,0.0707071,27081.9,11126.9,9186,44004,38,0.191919,24664.2,14258.7,5830,55104,119,0.60101,28794.5,14374.6,3874,54577,0,0,0,0,0,0
15,3,1.02391e+06,599040,180,94,42.4524,104.071,70.0373,12.6884,161.96,0.181166,-0.300398,2.39276,0.447673,81.75,74.0208,21.333,44.1438,46.5731,53.3951,55.934,58.265,62.6483,69.4119,74.0208,77.0508,78.8101,79.598,80.551,82.0353,85.0029,97.8975,10.8369,10.5078,12.9429,70.0373,7.12992,-0.884413,0.335738,0.101802,-0.124042,0.0470886,71.1774,72.2252,27.103,93.3333,1.8,94,61,18,7,0,0,0,0,0,93.3333,178.723,52.2222,12.2222,100,23.4043,4035,54504,26208.4,12896,1.67304e+08,0.492057,0.157652,1.87143,0.439348,4035.25,26007,23067.2,5431.62,7916.1,10023.1,13068.2,13883.2,16389.1,20593,26007,30989,35724.4,36950.5,38402.8,43196.6,47022.5,53029.1,11285.6,11283.7,22173.2,26208.4,7452.77,310.599,-29.4214,0.284365,0.0416757,-0.00394772,29209.4,31553.8,8,0.0444444,-0.00347618,0.260049,-0.322387,0.442228,4,0.0222222,0.549716,0.0329767,0.513934,0.602243,0,0,0,0,0,0,0,0,0,0,0,0,0,0,0,0,0,0,13,0.0722222,45.9901,1.90012,42.4524,49.2424,154,0.855556,71.8462,10.7573,50.2275,98.64,1,0.00555556,104.071,0,104.071,104.071,8,0.0444444,29034.8,11667.5,7525,45613,4,0.0222222,28834.8,10768.4,13523,42683,0,0,0,0,0,0,0,0,0,0,0,0,0,0,0,0,0,0,13,0.0722222,26691.2,12061,9003,47544,154,0.855556,26231.4,12980.8,4035,54504,1,0.00555556,16390,0,16390,16390
16,3,1.02392e+06,599040,164,93,53.3805,98.0926,76.8318,11.2379,127.122,0.146267,-0.217741,2.24313,0.524496,75.25,76.4574,18.7725,54.1125,56.7565,57.8891,66.9209,69.8744,72.0692,74.3416,76.4574,79.3755,83.1057,88.6469,89.5646,91.2773,93.2952,94.8399,9.12883,9.11744,9.16202,76.8318,6.44096,-0.304559,0.453749,0.083832,-0.0472847,0.0704474,77.6493,78.4248,22.924,93.2927,1.64,93,55,15,1,0,0,0,0,0,93.2927,164.516,45.122,52.439,79.5699,92.4731,6001,52856,26618.3,11681.6,1.37357e+08,0.438856,0.146756,1.91576,0.440023,6001.25,26311,20295,6735.52,9222,11371.4,15035.2,16315,17736,21547.4,26311,29940,33921.4,36610,38945.8,41869.8,46513.2,48238.8,10098.4,10096.4,20617,26618.3,6767.66,263.207,83.3248,0.254249,0.0388919,0.0123122,29068.7,31069.1,10,0.0609756,0.0345381,0.181886,-0.331176,0.424376,1,0.00609756,0.540702,0,0.540702,0.540702,0,0,0,0,0,0,0,0,0,0,0,0,0,0,0,0,0,0,0,0,0,0,0,0,153,0.932927,76.8318,11.2379,53.3805,98.0926,0,0,0,0,0,0,10,0.0609756,24325.4,14515.6,5694,45030,1,0.00609756,9378,0,9378,9378,0,0,0,0,0,0,0,0,0,0,0,0,0,0,0,0,0,0,0,0,0,0,0,0,153,0.932927,26618.3,11681.6,6001,52856,0,0,0,0,0,0
17,3,1.02393e+06,599040,163,111,73.6716,107.697,95.0002,6.45386,41.9176,0.0679352,-0.516353,3.05138,0.62685,94.75,95.3913,9.40337,78.8172,84.2503,86.2068,88.9286,90.5663,92.5725,94.5788,95.3913,96.622,99.1903,99.9697,100.565,102.676,103.842,107.158,5.06245,5.04066,5.1014,95.0002,3.63862,-0.362359,0.423087,0.0383011,-0.0995869,0.116277,95.2192,95.4316,20.932,96.9325,1.63,111,46,5,1,0,0,0,0,0,96.9325,142.342,53.3742,57.0552,78.3784,83.7838,5677,50397,28872.2,11395.5,1.30685e+08,0.394688,-0.24875,2.24238,0.518677,5677.25,30412,16652.5,7073.25,8854.35,10772.8,17587.8,20164.8,23229,27605.8,30412,32589.4,35568.1,36817.2,39218,42483.6,47198.9,49979.1,9272.54,9227.1,23195,28872.2,6532.13,-432.778,533.401,0.226243,-0.0662538,0.081658,31039.7,32694.4,5,0.0306748,0.129505,0.171528,-0.0657593,0.337993,0,0,0,0,0,0,0,0,0,0,0,0,0,0,0,0,0,0,0,0,0,0,0,0,0,0,0,0,0,0,120,0.736196,92.5678,5.36989,73.6716,99.9789,38,0.233129,102.681,2.10735,100.001,107.697,5,0.0306748,19997.4,11193.2,7384,37906,0,0,0,0,0,0,0,0,0,0,0,0,0,0,0,0,0,0,0,0,0,0,0,0,0,0,0,0,0,0,120,0.736196,29291.1,11895.9,5677,50397,38,0.233129,27549.3,9526.24,6546,47075
18,3,1.02394e+06,599040,229,142,20.7013,99.1344,70.7588,18.3801,339.431,0.259758,-0.877573,3.23125,0.638219,74.75,74.9409,26.7404,21.6532,29.5728,47.9785,56.0364,56.9551,62.2701,73.3749,74.9409,77.8778,82.0007,83.6954,85.4301,91.2603,95.1315,97.5312,14.8929,14.0941,14.0992,70.7588,10.131,-1.91078,1.19385,0.143177,-0.188607,0.117841,73.107,74.9208,49.2332,92.5764,2.29,142,70,14,2,1,0,0,0,0,92.5764,149.296,58.5153,48.0349,94.3662,77.4648,5386,58054,33259.5,13428.5,1.8118e+08,0.40375,-0.325434,2.01296,0.52923,11262.2,35311,22183.8,5994.88,10628.7,12921.2,19746,21704.8,26079.2,31346.4,35311,38755,42384.4,43888.5,46871,49730.4,52002.4,53639.5,11340.7,11259.6,22339.7,33259.5,7718.89,-700.314,236.965,0.232081,-0.0907274,0.0306993,35868.1,37796.7,17,0.0742358,-0.0156501,0.127312,-0.25393,0.261226,0,0,0,0,0,0,0,0,0,0,0,0,0,0,0,0,0,0,0,0,0,0,0,0,26,0.113537,34.1734,9.76534,20.7013,49.8637,186,0.812227,75.8728,12.5884,52.7676,99.1344,0,0,0,0,0,0,17,0.0742358,31739.1,13769.3,10941,55814,0,0,0,0,0,0,0,0,0,0,0,0,0,0,0,0,0,0,0,0,0,0,0,0,26,0.113537,35458,10234.5,10080,53619,186,0.812227,32952.2,13788.4,5386,58054,0,0,0,0,0,0
19,3,1.02395e+06,599040,141,78,2.2569,79.8064,37.4048,21.37,462.247,0.571317,0.0977007,1.83826,0.453232,55.75,39.8864,38.5056,2.99201,6.58078,10.8866,16.9635,17.4664,20.7833,24.5674,39.8864,48.8081,55.7589,55.972,56.2588,57.0687,76.3534,79.3039,19.3453,19.1971,21.7512,37.4048,12.2089,0.0407574,-0.289151,0.326398,0.00333835,-0.0236837,43.079,47.1069,34.4933,58.8652,1.41,78,49,12,2,0,0,0,0,0,58.8652,106.41,31.2057,17.7305,56.4103,32.0513,6487,55994,29882.1,13246.4,1.77606e+08,0.443287,-0.104036,1.99634,0.472562,6487.25,32739,21567,7002.78,9035.7,10823,15732.6,18472.5,21375,26548,32739,35477.8,38123.8,40039.5,41061.4,46748,50954.3,55600.4,11434.3,11237.1,23394.9,29882.1,7675.5,-305.124,266.78,0.256859,-0.0397529,0.0347574,32686.5,34807.4,49,0.347518,0.022225,0.206774,-0.296536,0.497069,9,0.0638298,1.0699,0.316871,0.5463,1.5529,4,0.0283688,3.14893,0.606814,2.2569,3.96906,2,0.0141844,6.5952,0.0180156,6.57718,6.61321,19,0.134752,14.8659,2.824,10.4978,18.0666,26,0.184397,33.7742,10.1514,22.5943,49.1573,32,0.22695,59.9448,8.34267,53.1136,79.8064,0,0,0,0,0,0,49,0.347518,34711.5,12788.9,8718,52845,9,0.0638298,28898.8,11715.1,9457,44082,4,0.0283688,28418.8,6708.82,19158,36530,2,0.0141844,11968.5,412.5,11556,12381,19,0.134752,24793.4,10119.4,8225,40645,26,0.184397,25864.5,12420.2,6487,42696,32,0.22695,37470.4,12527.8,7116,55994,0,0,0,0,0,0
0,4,1.02376e+06,599030,136,67,14.6078,117.307,82.9455,18.9595,362.672,0.228578,-0.610599,4.01429,0.665413,79.25,79.9276,17.3393,32.6803,48.6439,55.7453,71.3864,76.4706,78.37,79.0327,79.9276,89.5379,91.3858,93.8099,94.1379,108.208,115.374,116.738,14.2327,14.097,14.1437,82.9455,10.3617,-0.731554,2.07726,0.124922,-0.0706016,0.200474,85.0848,86.8873,66.8599,83.0882,1.36,67,58,10,1,0,0,0,0,0,83.0882,168.657,38.9706,48.5294,79.1045,98.5075,5637,53324,28718,11850.3,1.41684e+08,0.412645,-0.0812923,2.04036,0.48401,5637.25,29515,18648,7386.32,9680.2,12081.6,15997.8,19442,21748.6,25733.8,29515,32629.6,36482.8,38090,40939.6,42487.8,46597,51419.6,10009.4,9984.34,23080.7,28718,6872.2,-184.023,274.039,0.2393,-0.0267779,0.0398765,31066.9,32911.2,18,0.132353,0.0047235,0.215963,-0.316204,0.488338,5,0.0367647,0.850395,0.185365,0.577923,1.16186,0,0,0,0,0,0,0,0,0,0,0,0,1,0.00735294,14.6078,0,14.6078,14.6078,9,0.0661765,45.4859,6.1919,32.2536,49.3072,85,0.625,81.7047,9.73731,55.169,99.0817,18,0.132353,111.331,3.95772,106.63,117.307,18,0.132353,29402.5,13994.7,5940,49597,5,0.0367647,29954.8,15400,5348,52613,0,0,0,0,0,0,0,0,0,0,0,0,1,0.00735294,5637,0,5637,5637,9,0.0661765,31083.4,12196.9,7340,44658,85,0.625,28697,11535.8,7726,53324,18,0.132353,28916.7,12098,10173,46235
1,4,1.02377e+06,599030,225,99,2.01216,119.369,73.1158,30.2628,920.762,0.413902,-0.889905,2.55743,0.605875,92.25,85.4243,45.4729,2.21852,6.0501,31.029,34.9232,50.3176,52.8605,78.9616,85.4243,91.5853,93.235,95.7905,97.6552,101.151,102.238,110.204,25.7856,23.62,23.9525,73.1158,16.3482,-4.4463,0.864013,0.223593,-0.271975,0.0528506,79.1313,82.7723,68.8661,83.1111,2.25,99,97,26,3,0,0,0,0,0,83.1111,188.889,55.5556,29.3333,126.263,66.6667,5033,57004,24492.2,11951.5,1.43607e+08,0.487972,0.238128,2.21514,0.374424,18287.2,25394,19555,5510.52,7106.5,8885,12029.6,13739.5,15742.4,19640.6,25394,27735.6,31974.8,33294.5,35476.8,40342,43155,51527.3,10229.9,10223.4,11081.1,24492.2,6877.04,323.404,202.096,0.280785,0.0470267,0.029387,27252.6,29469.9,31,0.137778,0.0066497,0.217554,-0.356642,0.459261,7,0.0311111,1.11358,0.310346,0.52296,1.58245,7,0.0311111,2.74555,0.898074,2.01216,4.77457,5,0.0222222,5.93182,0.748763,5.02281,6.83606,0,0,0,0,0,0,32,0.142222,33.8735,4.41701,28.6017,49.3353,114,0.506667,83.6541,14.4758,50.0324,99.96,29,0.128889,103.561,4.87511,100.018,119.369,31,0.137778,26023.1,11118.2,5738,49650,7,0.0311111,36709.6,14129.3,8594,53884,7,0.0311111,26074.7,19850.5,8550,57004,5,0.0222222,20737.4,9030.75,8962,30911,0,0,0,0,0,0,32,0.142222,22143.3,10429.5,5976,45659,114,0.506667,24337.6,11726.4,5033,50707,29,0.128889,27957.4,11405.6,6681,46670
2,4,1.02378e+06,599030,157,84,38.8385,104.905,79.7042,15.7635,250.079,0.197774,-0.798369,3.01068,0.618558,85.25,82.901,12.3366,41.2265,46.2688,58.0368,63.1479,75.9398,78.8678,80.9895,82.901,85.1316,85.8999,88.2764,92.167,98.0998,100.188,104.608,12.0187,11.5243,11.6755,79.7042,8.61954,-1.56065,1.43494,0.108144,-0.18106,0.166475,81.2481,82.5546,40.275,100,1.57,84,51,21,1,0,0,0,0,0,100,186.905,64.9682,38.8535,121.429,72.619,2915,52636,27298.5,12439.6,1.55735e+08,0.455687,0.0851624,1.95046,0.490406,42828.2,27352,21420,5561.24,9252,11128.4,14581.8,16520,19117.4,22524.4,27352,30988,34836.2,37940,40085,44388.2,47544.8,50669.6,10619.8,10618.9,16577.9,27298.5,7213.02,169.254,180.98,0.264228,0.0234651,0.0250908,29999.2,32133.5,0,0,0,0,0,0,0,0,0,0,0,0,0,0,0,0,0,0,0,0,0,0,0,0,0,0,0,0,0,0,13,0.0828025,44.5704,2.76449,38.8385,48.1959,136,0.866242,81.6368,11.3935,55.4789,99.4541,8,0.0509554,103.942,0.670619,103.123,104.905,0,0,0,0,0,0,0,0,0,0,0,0,0,0,0,0,0,0,0,0,0,0,0,0,0,0,0,0,0,0,13,0.0828025,20576.1,10541.1,5167,39576,136,0.866242,28063.5,12319.5,2915,52636,8,0.0509554,25216.5,13727.9,12042,47893
3,4,1.02379e+06,599030,138,70,46.9529,119.887,91.4889,16.8333,285.458,0.183993,-0.237426,2.38622,0.610629,89.75,89.9424,24.8668,58.8038,62.5132,65.7391,79.3826,83.6407,87.54,89.3403,89.9424,91.2866,98.0525,108.507,110.257,114.236,116.148,118.057,13.0242,12.8436,12.8527,91.4889,9.49152,-0.41341,0.976968,0.103745,-0.0435557,0.102931,93.0246,94.4444,43.868,98.5507,1.38,70,53,12,3,0,0,0,0,0,98.5507,194.286,39.1304,53.6232,77.1429,105.714,4834,51664,26048.3,13127.9,1.73619e+08,0.503985,0.0269416,1.80431,0.453006,4834.25,26489,23055,5245.35,6379.75,8227.5,11191,14044.2,16901,22758,26489,31399,35525.5,37099.2,37629,43026,46425,51002.4,11486.6,11486.6,21214,26048.3,7613.78,40.5855,-46.9804,0.292295,0.00533053,-0.00617044,29169.4,31482.1,2,0.0144928,0.0497524,0.0106615,0.0390909,0.060414,0,0,0,0,0,0,0,0,0,0,0,0,0,0,0,0,0,0,0,0,0,0,0,0,1,0.00724638,46.9529,0,46.9529,46.9529,96,0.695652,83.3357,11.2426,58.5,99.6987,39,0.282609,112.7,3.54915,105.219,119.887,2,0.0144928,16031.5,3153.5,12878,19185,0,0,0,0,0,0,0,0,0,0,0,0,0,0,0,0,0,0,0,0,0,0,0,0,1,0.00724638,6644,0,6644,6644,96,0.695652,24968.4,13227.8,4834,51664,39,0.282609,29204,12157.2,5994,48270
4,4,1.0238e+06,599030,144,81,30.6361,138.381,113.144,19.3563,377.306,0.171077,-1.16133,4.38747,0.765769,126.75,116.206,23.3435,68.3432,71.5095,87.5885,93.6454,104.433,107.342,113.007,116.206,124.385,126.994,127.776,129.252,132.554,133.54,137.859,15.4017,15.1873,16.3337,113.144,10.4792,-2.55875,0.93955,0.0926185,-0.244174,0.0896585,114.788,116.155,81.1012,99.3056,1.44,81,48,12,3,0,0,0,0,0,99.3056,176.543,58.3333,33.3333,103.704,59.2593,4005,51605,27037.9,11980.1,1.44533e+08,0.443084,-0.0105916,1.94075,0.483885,4005.25,27081,19097,5620.66,7829.2,10268.6,15230.6,17232.5,18773.8,22883.4,27081,31809.6,34684.4,36329.5,39342,42932.8,45929.1,49157.2,10282.2,10281.5,23032.7,27037.9,6952.92,-30.2098,167.776,0.257154,-0.00434491,0.0241303,29573.2,31544.8,1,0.00694444,0.0289529,0,0.0289529,0.0289529,0,0,0,0,0,0,0,0,0,0,0,0,0,0,0,0,0,0,0,0,0,0,0,0,1,0.00694444,30.6361,0,30.6361,30.6361,33,0.229167,85.5785,9.44285,68.3329,94.5222,109,0.756944,122.246,9.44402,103.045,138.381,1,0.00694444,8104,0,8104,8104,0,0,0,0,0,0,0,0,0,0,0,0,0,0,0,0,0,0,0,0,0,0,0,0,1,0.00694444,24656,0,24656,24656,33,0.229167,23207.1,12508.6,4005,48902,109,0.756944,28219.6,11620.2,5590,51605
5,4,1.02381e+06,599030,185,113,28.1639,143.597,124.012,19.5827,385.566,0.15791,-2.17714,7.90519,0.830336,130.25,130.445,14.7522,57.8074,75.9096,99.3781,117.735,120.407,124.713,128.758,130.445,132.254,134.292,135.159,137.353,139.062,140.527,142.361,13.571,11.7907,11.7941,124.012,9.16879,-3.92275,2.50841,0.0739347,-0.427837,0.273581,125.549,126.692,94.5064,100,1.85,113,54,14,4,0,0,0,0,0,100,163.717,70.8108,51.3514,115.929,84.0708,5761,51674,26708.9,11939.2,1.43318e+08,0.44701,-0.0476293,1.84573,0.456252,5761.25,27803,20385,6134.96,8285.6,10008.6,13830.6,16122,18516.4,23185.6,27803,30841,34755.2,36507,38943.8,41807.4,44287,49153,10330.6,10293.6,20947.7,26708.9,6915.78,-117.032,29.4311,0.258932,-0.0169225,0.00425564,29255.9,31207.6,0,0,0,0,0,0,0,0,0,0,0,0,0,0,0,0,0,0,0,0,0,0,0,0,0,0,0,0,0,0,2,0.0108108,38.6634,10.4995,28.1639,49.1629,18,0.0972973,79.9048,11.6544,59.4539,99.5354,165,0.891892,129.858,8.8942,100.121,143.597,0,0,0,0,0,0,0,0,0,0,0,0,0,0,0,0,0,0,0,0,0,0,0,0,0,0,0,0,0,0,2,0.0108108,19421,6565,12856,25986,18,0.0972973,20006.1,8948.58,9219,39343,165,0.891892,27528.5,12014.4,5761,51674
6,4,1.02382e+06,599030,224,129,45.6032,137.917,108.404,17.1415,295.148,0.158126,-1.16438,4.67862,0.6803,122.25,112.453,23.0301,53.6029,79.1408,92.4692,96.414,97.7883,98.6195,102.029,112.453,118.872,119.944,120.818,122.128,123.228,128.575,136.04,13.9822,13.5457,15.417,108.404,9.11247,-1.79128,0.982277,0.0840603,-0.196574,0.107795,109.751,110.891,61.6749,100,2.24,129,77,15,3,0,0,0,0,0,100,173.643,58.0357,17.4107,100.775,30.2326,4188,52165,28621.5,12882.5,1.66703e+08,0.450099,-0.125413,1.8445,0.509276,4188.25,28845,21774.5,5175.2,7779.2,10423.5,14784.8,17877.8,20534.3,24174,28845,34087.8,38248.3,39652.2,41295,45350.6,47500.2,50560.1,11166,11163.3,24433.3,28621.5,7455.88,-276.797,48.3778,0.260499,-0.0371247,0.00648854,31387.1,33450.3,0,0,0,0,0,0,0,0,0,0,0,0,0,0,0,0,0,0,0,0,0,0,0,0,0,0,0,0,0,0,1,0.00446429,45.6032,0,45.6032,45.6032,80,0.357143,90.7357,12.7477,52.1159,99.888,143,0.638393,118.728,7.78189,100.067,137.917,0,0,0,0,0,0,0,0,0,0,0,0,0,0,0,0,0,0,0,0,0,0,0,0,0,0,0,0,0,0,1,0.00446429,24137,0,24137,24137,80,0.357143,27641,12309.6,5591,50610,143,0.638393,29201.4,13197.7,4188,52165
7,4,1.02383e+06,599030,130,73,42.6085,114.04,87.7952,20.3729,418.545,0.232051,-1.12761,2.80604,0.632591,95.25,95.0422,8.71513,43.2746,45.2453,51.5725,57.9665,90.2445,93.7355,94.7543,95.0422,96.0222,98.7068,98.9596,99.6701,101.902,112.546,113.746,16.3323,13.0734,13.0905,87.7952,10.1719,-3.35807,1.87901,0.115859,-0.330133,0.184727,90.128,91.9142,44.2933,92.3077,1.3,73,33,21,2,1,0,0,0,0,92.3077,164.384,71.5385,39.2308,127.397,69.863,5256,53497,27317.6,12063.1,1.46741e+08,0.441587,0.195592,2.02878,0.457321,5256.25,25339.5,20251.2,6983.47,8263.25,11939,16798.4,17499.2,18577,22411.6,25339.5,31242.2,35134.8,37750.5,39172.4,42817.2,47740.8,51412.8,10421.6,10313.5,22061.4,27317.6,6978.03,377.17,237.116,0.255441,0.054051,0.0339803,29862.5,31963.1,7,0.0538462,0.114611,0.283097,-0.448073,0.486724,3,0.0230769,0.688318,0.0567766,0.621852,0.760564,0,0,0,0,0,0,0,0,0,0,0,0,0,0,0,0,0,0,9,0.0692308,44.6169,1.02995,42.6085,45.6556,89,0.684615,87.5084,16.6007,50.7691,99.8439,22,0.169231,106.619,5.59233,100.782,114.04,7,0.0538462,25516.7,13335.7,6066,43083,3,0.0230769,20800.7,11228.7,5773,32759,0,0,0,0,0,0,0,0,0,0,0,0,0,0,0,0,0,0,9,0.0692308,19668.4,8342.92,5256,31143,89,0.684615,27205.9,11734.9,6981,51554,22,0.169231,30898.8,13090.4,10298,53497
8,4,1.02384e+06,599030,118,56,13.5517,102.733,58.5897,22.3369,504.082,0.381243,0.356606,2.7709,0.505018,49.25,56.3053,18.749,16.1007,24.6026,25.9297,48.4705,48.9758,49.2468,49.8324,56.3053,59.1123,67.1337,67.7249,70.62,95.6726,101.491,102.506,16.905,16.8665,17.3336,58.5897,12.3146,1.1086,2.08953,0.210184,0.090023,0.169679,62.7032,66.4031,43.9062,83.0508,1.18,56,48,11,3,0,0,0,0,0,83.0508,175,38.9831,57.6271,82.1429,121.429,3497,53195,28484.2,12039.9,1.46454e+08,0.422687,-0.2023,2.20675,0.502781,3497.25,30317,17819,6145.1,8089.75,10249.8,16757.8,20307.5,22676.9,25992.4,30317,32108.4,35173.4,38126.5,39783.2,43772.5,46170.9,51085.2,9975.69,9885.35,24987,28484.2,6953.72,-388.097,493.381,0.244125,-0.0558114,0.070952,30924.3,32755.7,15,0.127119,0.022963,0.294076,-0.602557,0.452387,5,0.0423729,0.883285,0.251384,0.580555,1.2812,0,0,0,0,0,0,0,0,0,0,0,0,2,0.0169492,14.8656,1.31392,13.5517,16.1795,38,0.322034,40.8479,11.3684,20.082,49.8346,49,0.415254,66.213,13.2544,50.2326,96.0531,9,0.0762712,101.711,0.757049,100.524,102.733,15,0.127119,26177.7,11713.6,6324,46216,5,0.0423729,15179.2,7850.25,8652,30477,0,0,0,0,0,0,0,0,0,0,0,0,2,0.0169492,14073,7660,6413,21733,38,0.322034,25893,12351.5,3497,53195,49,0.415254,29665.5,11388.7,6227,51020,9,0.0762712,36196.2,8575.95,17063,50396
9,4,1.02385e+06,599030,128,64,16.5604,95.7496,63.682,19.6914,390.93,0.309214,-0.186585,2.4416,0.595051,61.75,65.1097,26.9462,19.0412,30.0536,40.1542,49.184,50.9176,52.0158,61.5823,65.1097,66.6609,71.9426,77.8638,86.348,93.1839,94.4383,95.7208,15.5944,15.555,15.7212,63.682,11.2464,-0.381755,1.13061,0.176602,-0.0339446,0.100531,66.657,69.1677,46.9047,96.0938,1.28,64,44,19,1,0,0,0,0,0,96.0938,192.188,50,55.4688,100,110.938,5460,52536,25291.3,12140.5,1.486e+08,0.480028,0.246528,2.06896,0.421261,5460.25,24388,20117,6658.92,7365,9448.6,13327,15376,17310,21210.2,24388,27159,31752.6,35493,37305.8,43209.2,44663.4,51273.1,10166,10139.9,19831,25291.3,7021.7,440.858,263.643,0.277633,0.0627851,0.0375468,28054.3,30294.1,0,0,0,0,0,0,5,0.0390625,0.7999,0.181327,0.50589,1.02861,0,0,0,0,0,0,0,0,0,0,0,0,3,0.0234375,18.2353,1.18522,16.5604,19.129,23,0.179688,37.9737,6.9717,26.2501,49.9639,97,0.757812,71.1834,14.2567,50.1803,95.7496,0,0,0,0,0,0,0,0,0,0,0,0,5,0.0390625,18018,7851.52,6809,31271,0,0,0,0,0,0,0,0,0,0,0,0,3,0.0234375,13303.7,6878.94,7063,22887,23,0.179688,18220.6,9769.42,5460,47353,97,0.757812,27338.6,11929.6,6765,52536,0,0,0,0,0,0
10,4,1.02386e+06,599030,131,72,27.9764,118.55,68.3059,22.0524,490.263,0.322848,0.891476,3.36155,0.445269,59.25,63.4883,18.0894,30.5176,39.0633,40.6411,53.4444,57.2093,58.4402,60.5441,63.4883,66.7582,72.2264,75.2987,84.0256,115.11,116.584,117.913,16.4799,15.785,16.3869,68.3059,11.8933,2.17631,2.27383,0.174119,0.182986,0.191185,71.7775,75.3559,40.052,94.6565,1.31,72,47,8,3,1,0,0,0,0,94.6565,172.222,35.1145,62.5954,63.8889,113.889,4332,52220,25739,12431.7,1.55803e+08,0.48299,0.0493229,1.85075,0.447023,4332.25,25345.5,23414,5347.61,7075,8602.9,12715.4,14154.5,17062.5,21320.4,25345.5,30410.4,34513.1,37568.5,38170.6,41641.9,44980.5,49761.3,10812.5,10810.1,21406.8,25739,7217.37,69.1454,5.30784,0.280406,0.00958041,0.000735425,28584,30751.5,6,0.0458015,0.199663,0.213478,-0.107523,0.412999,1,0.00763359,0.815029,0,0.815029,0.815029,0,0,0,0,0,0,0,0,0,0,0,0,0,0,0,0,0,0,21,0.160305,40.6465,5.98746,27.9764,49.1893,88,0.671756,66.7018,9.81708,50.0931,88.7431,15,0.114504,116.44,1.24584,113.799,118.55,6,0.0458015,22336.7,8894.01,7595,34307,1,0.00763359,23661,0,23661,23661,0,0,0,0,0,0,0,0,0,0,0,0,0,0,0,0,0,0,21,0.160305,16589,8089.85,6354,37783,88,0.671756,26661.6,12147.7,4332,52220,15,0.114504,33136.8,11970.9,11672,48326
11,4,1.02387e+06,599030,155,78,41.4446,118.387,89.6917,24.9795,628.53,0.278504,-0.468082,1.89157,0.627055,114.75,86.9743,40.0516,42.1634,45.4619,52.2455,59.6146,74.596,83.905,86.0448,86.9743,112.011,114.093,114.648,114.951,115.556,117.072,118.216,21.2128,20.955,25.6358,89.6917,13.9451,-2.36203,-0.416163,0.155478,-0.169381,-0.029843,93.1052,95.9058,48.3984,89.0323,1.55,78,59,18,0,0,0,0,0,0,89.0323,176.923,40,21.9355,79.4872,43.5897,4867,54644,28613,12897.7,1.67564e+08,0.450763,-0.0346881,1.90588,0.477048,4867.25,30679,21832.8,6121.52,8833.2,11003.6,14855.4,16796.8,18996.1,24218,30679,34259,36589,38629.5,40358.8,44930.2,49810.1,51704.5,11202.9,11168.7,23745.8,28613,7471.21,-111.652,133.864,0.261112,-0.0149443,0.0179173,31385.6,33510.4,17,0.109677,0.0448888,0.140736,-0.196022,0.427874,0,0,0,0,0,0,0,0,0,0,0,0,0,0,0,0,0,0,0,0,0,0,0,0,13,0.083871,44.9068,2.10295,41.4446,49.4069,67,0.432258,76.8285,13.696,50.3774,96.1986,58,0.374194,114.589,2.52825,101.177,118.387,17,0.109677,21060.4,9869.62,8677,40462,0,0,0,0,0,0,0,0,0,0,0,0,0,0,0,0,0,0,0,0,0,0,0,0,13,0.083871,16203.8,9149.16,4867,36902,67,0.432258,27856.8,12014.5,6686,54644,58,0.374194,32267.9,12718.3,7333,51101
12,4,1.02388e+06,599030,185,90,37.4957,128.843,92.3973,19.9341,399.627,0.215744,-1.02432,3.12028,0.601022,97.25,97.2297,18.9222,45.0038,51.4898,56.2615,82.2899,87.5333,91.7831,96.0852,97.2297,98.0897,105.568,106.455,107.601,111.1,114.416,127.116,15.2717,14.0756,14.0759,92.3973,10.5877,-2.73996,1.65729,0.114589,-0.258786,0.15653,94.5232,96.2207,54.5976,95.6757,1.85,90,68,23,4,0,0,0,0,0,95.6757,196.667,63.7838,47.027,131.111,96.6667,3307,54154,27543.1,12617.6,1.60109e+08,0.458105,0.00559667,1.96782,0.476648,24182.2,26948,20271,4998.28,6972.4,10964.4,14514.2,17295,18517.4,24182,26948,31458.8,35956,37566,40478,44273,47108.4,49950.9,10725.6,10709.6,10948.2,27543.1,7310.12,7.83615,215.407,0.265406,0.00107196,0.0294669,30295.7,32415.5,8,0.0432432,-0.0183811,0.143721,-0.192645,0.178795,0,0,0,0,0,0,0,0,0,0,0,0,0,0,0,0,0,0,0,0,0,0,0,0,5,0.027027,43.9431,3.40667,37.4957,47.1472,106,0.572973,84.0748,16.8706,50.0928,99.4628,66,0.356757,109.434,5.32079,100.776,128.843,8,0.0432432,20813.2,9413.27,9176,34763,0,0,0,0,0,0,0,0,0,0,0,0,0,0,0,0,0,0,0,0,0,0,0,0,5,0.027027,11636.6,3307.86,5685,15578,106,0.572973,26325.9,12326.4,3307,54154,66,0.356757,30703.1,12270.7,4920,51955
13,4,1.02389e+06,599030,147,76,46.974,116.838,93.4646,17.5686,310.958,0.18797,-0.897369,3.26133,0.665443,97.25,96.8181,26.5954,47.2779,57.1688,69.4983,79.0887,80.8,88.4395,92.3846,96.8181,98.9499,106.296,107.395,108.125,113.691,114.924,116.568,14.0199,13.5874,13.5993,93.4646,9.72941,-1.9162,1.01416,0.104097,-0.196949,0.104236,95.1015,96.4828,45.597,91.8367,1.47,76,48,19,4,0,0,0,0,0,91.8367,177.632,53.7415,43.5374,103.947,84.2105,2302,53901,28738.2,13957.2,1.96257e+08,0.485666,-0.0843327,1.88163,0.51234,11017.2,28780,22934.5,3474.68,6855,8919.6,14356,17641.5,19601.4,24052.4,28780,34032.4,38608.8,40576,43126.8,46409.8,50161.7,53131.6,12022.5,12022.2,18769.6,28738.2,8104.05,-202.862,109.421,0.281996,-0.0250322,0.013502,31948.2,34284.8,11,0.0748299,0.0267935,0.243951,-0.274297,0.467627,1,0.00680272,0.528965,0,0.528965,0.528965,0,0,0,0,0,0,0,0,0,0,0,0,0,0,0,0,0,0,7,0.047619,47.9272,0.706725,46.974,49.0828,76,0.517007,86.4902,10.6859,60.6343,99.5176,52,0.353741,109.788,4.20255,101.191,116.838,11,0.0748299,28803.7,13325.8,10105,45901,1,0.00680272,5411,0,5411,5411,0,0,0,0,0,0,0,0,0,0,0,0,0,0,0,0,0,0,7,0.047619,20145.7,7613.41,8200,29547,76,0.517007,26512.9,14953.5,2302,53901,52,0.353741,33147.4,11597.7,6512,53254
14,4,1.0239e+06,599030,156,82,64.9005,118.893,97.5129,11.1786,125.773,0.114638,-0.776543,3.41477,0.60402,97.75,98.2927,13.9433,68.0594,74.9358,82.0381,89.7116,91.8539,92.7123,97.1812,98.2927,101.748,104.61,105.797,106.291,111.009,111.879,116.516,8.66818,8.60106,8.63214,97.5129,6.20295,-0.898626,0.882496,0.0636116,-0.144871,0.14227,98.1515,98.7408,32.0784,99.359,1.56,82,53,18,3,0,0,0,0,0,99.359,189.024,58.9744,54.4872,112.195,103.659,4454,56134,26630.5,13623,1.86792e+08,0.511557,0.0865527,1.85331,0.429113,4454.25,25598,24404,4631.64,6578.3,8281.2,11978.2,13950,17080.2,22166,25598,30858,36927.4,38354,39708,44690.8,48452.7,52276,11808.7,11796.9,22176.3,26630.5,7892.67,166.034,20.3565,0.296377,0.0210365,0.00257916,29912.7,32374.4,0,0,0,0,0,0,1,0.00641026,0.960851,0,0.960851,0.960851,0,0,0,0,0,0,0,0,0,0,0,0,0,0,0,0,0,0,0,0,0,0,0,0,86,0.551282,89.9124,8.94668,64.9005,99.9964,69,0.442308,106.986,4.38277,100.235,118.893,0,0,0,0,0,0,1,0.00641026,35789,0,35789,35789,0,0,0,0,0,0,0,0,0,0,0,0,0,0,0,0,0,0,0,0,0,0,0,0,86,0.551282,25173.3,14055.2,4454,56134,69,0.442308,28446.8,12834.8,4515,51850
15,4,1.02391e+06,599030,196,108,55.02,120.837,94.9685,14.5987,214.226,0.153721,-0.888087,3.40566,0.606964,86.25,98.1113,17.1359,55.7921,64.6202,73.4136,85.9161,86.8498,90.9323,96.2268,98.1113,100.633,102.426,103.986,105.763,112.718,114.776,116.868,11.2837,10.8149,14.7547,94.9685,7.99545,-1.48812,1.3075,0.0841905,-0.186121,0.16353,96.084,97.064,39.483,98.9796,1.96,108,63,20,5,0,0,0,0,0,98.9796,179.63,62.7551,75.5102,113.889,137.037,3252,56462,28285.8,12736.3,1.63054e+08,0.450273,-0.0568512,1.99311,0.470471,3252.25,29478.5,20377,4459.79,8694.35,9834.3,15131.4,17888.5,20066.7,23685,29478.5,33278.6,36597.7,38265.5,40457.2,44539.1,48899.3,52030.7,10958.9,10930.2,25033.5,28285.8,7365.6,-150.014,211.778,0.260399,-0.0203669,0.0287523,31020.9,33104.2,2,0.0102041,-0.0775847,0.175632,-0.253216,0.098047,0,0,0,0,0,0,0,0,0,0,0,0,0,0,0,0,0,0,0,0,0,0,0,0,0,0,0,0,0,0,112,0.571429,86.1057,12.6874,55.02,99.5641,82,0.418367,107.074,5.52528,100.174,120.837,2,0.0102041,23896,7983,15913,31879,0,0,0,0,0,0,0,0,0,0,0,0,0,0,0,0,0,0,0,0,0,0,0,0,0,0,0,0,0,0,112,0.571429,26826.2,13210.7,3252,56462,82,0.418367,30279.3,11769.4,4178,54272
16,4,1.02392e+06,599030,236,118,21.4091,99.9193,72.2825,12.591,159.245,0.174192,-0.376904,4.37446,0.647985,57.25,72.9753,16.8358,37.4072,56.0626,57.404,62.191,62.9648,65.1708,69.8444,72.9753,74.7247,76.8306,79.8007,84.1258,88.4799,91.2949,98.7538,9.6638,9.63374,16.2135,72.2825,6.9631,0.0100002,0.935859,0.0963318,0.00143617,0.134403,73.3709,74.3671,49.8313,94.9153,2.36,118,87,26,4,1,0,0,0,0,94.9153,189.831,50.8475,86.017,101.695,172.034,5631,58504,31251.2,13251.6,1.76393e+08,0.424036,-0.269379,2.12122,0.484562,29959.2,33585,21376.2,6034.51,8273.7,10823.2,17723.6,20066.2,24735,29605.4,33585,35619.4,40221.3,41442.5,42923,47710.4,50112.6,56141.6,11062.8,10914.2,11234.3,31251.2,7603.91,-574.554,415.513,0.243316,-0.0755603,0.0546447,33944.7,35923.2,9,0.0381356,0.0330278,0.243531,-0.35115,0.414347,3,0.0127119,0.948233,0.115708,0.812483,1.09524,0,0,0,0,0,0,0,0,0,0,0,0,0,0,0,0,0,0,5,0.0211864,33.6476,10.0845,21.4091,46.0352,219,0.927966,73.1646,11.1792,55.3894,99.9193,0,0,0,0,0,0,9,0.0381356,24154.3,13578.5,10846,45530,3,0.0127119,19499.7,12925.1,8663,37666,0,0,0,0,0,0,0,0,0,0,0,0,0,0,0,0,0,0,5,0.0211864,24088,13683.2,6361,42451,219,0.927966,31414.8,13196.3,5631,58504,0,0,0,0,0,0
17,4,1.02393e+06,599030,283,158,8.01928,97.8808,65.4809,21.0164,443.429,0.320955,-0.715032,2.50402,0.639446,72.75,71.9946,26.9872,20.0087,25.1425,28.8457,51.1575,55.0023,56.9361,63.6564,71.9946,75.7073,79.8084,81.9895,83.6058,88.0788,91.3137,97.2284,17.5017,16.8414,16.8544,65.4809,11.7326,-2.18209,0.83795,0.179176,-0.185986,0.0714207,68.7709,71.1967,56.8442,90.106,2.83,158,108,14,2,0,1,0,0,0,90.106,161.392,52.6502,42.7562,94.3038,76.5823,2040,56784,32196.7,12786.9,1.64149e+08,0.39715,-0.337263,2.23428,0.550868,46654.2,33947,19740,5061.44,9864.9,13087.6,19630,22740.5,25583.6,30566,33947,36759,40465.6,42480.5,43841.2,47072.4,51202.6,54881.6,10625.3,10499.7,15402.8,32196.7,7323.43,-643.698,468.068,0.227459,-0.0878957,0.0639137,34642.9,36459.1,26,0.0918728,0.0597107,0.162325,-0.240034,0.365957,2,0.00706714,0.875432,0.342558,0.532874,1.21799,0,0,0,0,0,0,1,0.00353357,8.01928,0,8.01928,8.01928,2,0.00706714,19.209,0.313608,18.8954,19.5226,47,0.166078,30.8042,6.6402,20.4228,43.7883,205,0.724382,74.1629,12.2984,50.7075,97.8808,0,0,0,0,0,0,26,0.0918728,28605.7,10789,11277,47513,2,0.00706714,14629,6424,8205,21053,0,0,0,0,0,0,1,0.00353357,11230,0,11230,11230,2,0.00706714,30094,5031,25063,35125,47,0.166078,30821.3,11961.8,6113,51871,205,0.724382,32634.8,12943,2040,56784,0,0,0,0,0,0
18,4,1.02394e+06,599030,276,171,8.13863,88.5583,52.4554,19.9337,399.022,0.380012,-0.243329,1.89793,0.551069,67.75,54.2641,31.3735,15.4876,17.84,24.6339,30.3687,37.6085,40.2271,44.8629,54.2641,62.4704,67.6572,68.982,71.8567,76.7963,80.7246,83.9001,17.3782,17.3271,19.6959,52.4554,11.4862,-0.794516,0.0802978,0.21897,-0.0691714,0.00699082,56.1153,58.9577,43.3021,86.5942,2.76,171,87,18,0,0,0,0,0,0,86.5942,139.766,45.2899,25,73.0994,40.3509,5831,58469,30534.1,13522.8,1.83634e+08,0.442876,-0.0191241,1.88048,0.469301,5831.25,30086,23371,7023.08,10223.5,11598.8,16596.4,19015,21669.2,26745.4,30086,35495.2,39533.4,42386,44168.8,47968.6,51435.7,55957,11646.7,11641.1,24702.8,30534.1,7827.75,-62.8631,87.7268,0.256361,-0.0080308,0.0112072,33394.5,35614,32,0.115942,0.044757,0.143979,-0.186895,0.436274,5,0.0181159,0.661234,0.123221,0.528595,0.83585,0,0,0,0,0,0,1,0.00362319,8.13863,0,8.13863,8.13863,18,0.0652174,17.2663,1.34892,15.2068,19.2399,88,0.318841,36.6215,7.69793,20.0179,49.8714,132,0.478261,68.1457,9.09045,50.7197,88.5583,0,0,0,0,0,0,32,0.115942,39279.1,12264.7,12586,59817,5,0.0181159,47480.8,7119.38,38453,57261,0,0,0,0,0,0,1,0.00362319,27965,0,27965,27965,18,0.0652174,25611.4,9033.6,11599,40165,88,0.318841,32246.4,14036.2,6601,58469,132,0.478261,30083.2,13532,5831,53683,0,0,0,0,0,0
19,4,1.02395e+06,599030,153,93,4.70698,71.3787,44.967,18.3107,338.6,0.407202,-0.721515,2.55563,0.603855,32.75,51.5044,25.8533,4.78191,8.78962,11.932,32.5891,34.3625,36.3905,40.478,51.5044,56.0749,58.5144,60.2158,60.9451,64.2386,67.5273,70.4499,15.4576,15.2243,18.928,44.967,10.2404,-1.89713,0.597654,0.227732,-0.185258,0.0583622,48.5522,50.881,39.7064,66.6667,1.53,93,47,11,2,0,0,0,0,0,66.6667,109.677,34.6405,51.634,56.9892,84.9462,5415,54534,27908.9,13156,1.74794e+08,0.471391,0.171529,1.88952,0.457947,5415.25,26987,22874.5,7421.57,9830.1,11194.6,13391,16134.5,19044.3,22415.8,26987,31140,37498.3,39009,40894,45329.8,49096.6,53899.1,11404.1,11385.9,22493.7,27908.9,7635.21,357.94,21.1324,0.273576,0.0468802,0.00276776,30854.3,33207.9,41,0.267974,0.141361,0.199467,-0.189971,0.465731,10,0.0653595,0.876272,0.421163,0.569415,1.96783,3,0.0196078,4.78657,0.0673695,4.70698,4.87172,7,0.0457516,8.51315,1.41373,5.1482,9.74667,3,0.0196078,12.0521,0.160932,11.9304,12.2795,36,0.235294,36.2483,4.93039,22.0469,43.2487,53,0.346405,59.8413,5.23256,50.34,71.3787,0,0,0,0,0,0,41,0.267974,34927.3,15286.9,6620,57198,10,0.0653595,30187.4,10626,17961,49381,3,0.0196078,8520.33,3083.87,5415,12725,7,0.0457516,13951,3873.16,11004,22126,3,0.0196078,13407,4428.6,8351,19136,36,0.235294,28195.6,12389.9,8353,53904,53,0.346405,31476,12389.7,7478,54534,0,0,0,0,0,0
0,5,1.02376e+06,599020,164,87,3.78836,147.301,115.487,20.2895,414.267,0.175686,-2.25611,12.3302,0.778317,125.75,117.236,19.3691,41.2518,79.0924,94.8715,104.143,107.87,109.229,114.279,117.236,124.404,126.068,127.239,128.439,136.912,140.646,143.708,14.0325,13.8754,14.7954,115.487,10.1142,-2.21611,2.21823,0.0875785,-0.21911,0.219319,117.256,118.501,109.697,96.9512,1.64,87,55,20,2,0,0,0,0,0,96.9512,182.759,55.4878,32.9268,104.598,62.069,5279,50049,25321.6,11658.6,1.36782e+08,0.46042,0.0532231,1.9283,0.447679,5279.25,25709,19562,5696.96,7654.2,9457.8,12662.4,15070,17791.8,21305.2,25709,30493.8,32750.8,34632,36877,40294.2,42565.7,48840.7,10097.3,10094.4,20042.3,25321.6,6755.38,63.69,102.58,0.266784,0.00942804,0.0151849,27876.6,29868.1,3,0.0182927,0.271899,0.182164,0.019287,0.441979,2,0.0121951,1.17007,0.0131127,1.15696,1.18319,1,0.00609756,3.78836,0,3.78836,3.78836,1,0.00609756,6.2891,0,6.2891,6.2891,0,0,0,0,0,0,0,0,0,0,0,0,21,0.128049,86.8359,9.50047,66.5695,98.8846,136,0.829268,121.535,11.1621,101.256,147.301,3,0.0182927,25273.7,19087.9,10932,52250,2,0.0121951,27202,11943,15259,39145,1,0.00609756,7982,0,7982,7982,1,0.00609756,15685,0,15685,15685,0,0,0,0,0,0,0,0,0,0,0,0,21,0.128049,17429.5,11111.1,5279,40176,136,0.829268,26738.6,11195,5807,50049
1,5,1.02377e+06,599020,278,117,3.1099,143.464,99.1063,28.8879,837.693,0.291484,-1.33783,4.59268,0.68396,84.75,106.319,27.6787,6.04675,40.4305,54.9265,84.6148,90.7355,94.3028,100.711,106.319,111.059,116.329,118.414,120.189,124.494,133.802,142.815,21.4263,20.6626,27.8072,99.1063,15.1441,-4.0814,2.90729,0.152806,-0.269505,0.191975,103.231,105.949,94.6505,94.6043,2.78,117,116,38,7,0,0,0,0,0,94.6043,224.786,60.0719,75.1799,142.735,178.632,3547,49080,24190.2,11430.5,1.31155e+08,0.472525,0.130522,2.04278,0.453369,22101.2,24821,18298.5,5044.06,6731,9208.2,12289.2,14097.5,16032.6,20188,24821,28158.2,30623.4,32396,34384,39752.6,42374.4,47781.9,9762.6,9743.87,9923.63,24190.2,6593.25,188.536,218.139,0.272558,0.0285954,0.0330852,26754.9,28777.6,15,0.0539568,0.0363569,0.175635,-0.211213,0.310823,0,0,0,0,0,0,3,0.0107914,3.6232,0.52045,3.1099,4.33668,1,0.00359712,7.09486,0,7.09486,7.09486,3,0.0107914,12.8577,1.03314,12.1152,14.3187,14,0.0503597,37.9236,10.3204,20.6079,49.4952,80,0.28777,82.5925,15.4141,50.1876,99.838,162,0.582734,116.482,10.4545,100.013,143.464,15,0.0539568,37648.5,12841.8,11318,55681,0,0,0,0,0,0,3,0.0107914,29871.3,14202,13969,48447,1,0.00359712,10819,0,10819,10819,3,0.0107914,12653.7,2431.74,10541,16060,14,0.0503597,17332.7,9249.26,6259,37725,80,0.28777,21456,10954.2,5649,47621,162,0.582734,26324.1,11186.8,3547,49080
2,5,1.02378e+06,599020,215,115,20.029,117.551,87.6512,21.6058,469.098,0.246497,-1.24603,3.85271,0.693403,101.75,94.2057,26.9198,29.7765,37.7349,50.3855,73.6643,75.0159,84.6869,91.543,94.2057,97.8595,100.91,101.936,102.842,106.83,112.351,116.634,16.732,15.4017,17.0123,87.6512,11.3837,-3.30259,1.96228,0.129875,-0.290117,0.172377,90.2749,92.1924,66.211,95.3488,2.15,115,78,21,1,0,0,0,0,0,95.3488,178.261,63.2558,26.5116,118.261,49.5652,4785,52841,27894.2,12056.4,1.46068e+08,0.432218,-0.0280979,1.92415,0.480881,4785.25,28709,19750,6410.24,9132.2,11330.2,15216.8,17851,20070.8,23543.6,28709,32833.8,35728.6,37601,39422.2,44361.6,47121.4,49099.9,10406,10386.8,23108.9,27894.2,6981.33,-70.9059,150.835,0.250279,-0.0101565,0.0216055,30388.2,32338.4,10,0.0465116,-0.00334329,0.0842521,-0.183763,0.114244,0,0,0,0,0,0,0,0,0,0,0,0,0,0,0,0,0,0,0,0,0,0,0,0,21,0.0976744,37.3055,7.078,20.029,47.4239,114,0.530233,85.7527,11.8466,54.828,99.9841,70,0.325581,105.847,5.11246,100.049,117.551,10,0.0465116,31817.7,15774.6,7855,55585,0,0,0,0,0,0,0,0,0,0,0,0,0,0,0,0,0,0,0,0,0,0,0,0,21,0.0976744,25723,9847.44,10007,41772,114,0.530233,26603.8,12600.3,4785,52841,70,0.325581,30647,11239.5,7400,48206
3,5,1.02379e+06,599020,169,94,68.2636,126.568,100.025,13.6748,188.112,0.136713,-0.202539,2.7476,0.544749,91.25,98.6932,17.3548,70.9453,72.9881,79.5342,91.1467,91.5248,94.1512,96.7255,98.6932,102.211,106.759,108.88,111.605,119.355,122.345,125.222,10.743,10.702,12.9451,100.025,7.70732,-0.12642,1.04623,0.077054,-0.0164026,0.135745,100.955,101.844,30.7895,100,1.69,94,59,15,1,0,0,0,0,0,100,179.787,47.929,78.1065,86.1702,140.426,3785,51701,27316.6,12544.2,1.58292e+08,0.459214,0.0153696,1.89145,0.4911,3785.25,27660,20713,4754.84,7790.6,10953,15961.6,16660,17739.4,21824.6,27660,32323.6,35392.2,37373,39967.6,43932.8,47311.8,50109.4,10886.8,10878.3,23531.3,27316.6,7270.69,34.6985,112.523,0.266164,0.00477238,0.0154762,30059.1,32175.2,0,0,0,0,0,0,0,0,0,0,0,0,0,0,0,0,0,0,0,0,0,0,0,0,0,0,0,0,0,0,0,0,0,0,0,0,88,0.52071,89.7093,8.93463,68.2636,99.3614,81,0.47929,111.232,7.88795,100.048,126.568,0,0,0,0,0,0,0,0,0,0,0,0,0,0,0,0,0,0,0,0,0,0,0,0,0,0,0,0,0,0,0,0,0,0,0,0,88,0.52071,25511.5,12864.1,4895,51701,81,0.47929,29277.6,11880.1,3785,50022
4,5,1.0238e+06,599020,169,112,86.9743,141.859,122.459,11.789,139.808,0.0962689,-0.890403,3.24966,0.646538,127.75,124.909,14.8426,89.2549,99.6724,105.654,113.05,115.712,118.641,122.864,124.909,127.904,129.665,130.554,131.806,135.757,137.197,140.264,9.38557,9.10391,9.26845,122.459,6.5075,-1.31437,0.820039,0.0531401,-0.201978,0.126015,123.025,123.552,34.9888,100,1.69,112,46,11,0,0,0,0,0,0,100,150.893,61.5385,43.787,92.8571,66.0714,1166,52097,30701.7,12673.8,1.61581e+08,0.412804,-0.442733,2.07188,0.579916,1166.25,33865,19438,5872.76,9392.6,11036.2,17527.4,21482,24300,29114.2,33865,36691.8,39779,40920,42357,45343.8,47633,51191.5,10766.6,10551.9,29535.5,30701.7,7236.25,-906.561,257.107,0.235695,-0.125281,0.0355304,33214.7,34988.4,0,0,0,0,0,0,0,0,0,0,0,0,0,0,0,0,0,0,0,0,0,0,0,0,0,0,0,0,0,0,0,0,0,0,0,0,10,0.0591716,94.2998,4.37129,86.9743,99.6745,159,0.940828,124.23,9.67016,100.096,141.859,0,0,0,0,0,0,0,0,0,0,0,0,0,0,0,0,0,0,0,0,0,0,0,0,0,0,0,0,0,0,0,0,0,0,0,0,10,0.0591716,19046.4,11445.9,7385,43896,159,0.940828,31434.7,12385.7,1166,52097
5,5,1.02381e+06,599020,181,110,44.3296,141.019,118.703,14.7748,219.509,0.124469,-2.13818,9.69468,0.7692,124.75,122.638,15.3074,61.5253,96.3881,100.889,108.705,111.808,116.653,120.196,122.638,124.797,126.41,127.115,129.66,131.372,135.25,136.485,10.479,9.77152,9.9654,118.703,7.31726,-2.15547,1.64141,0.0616435,-0.294574,0.22432,119.619,120.356,73.1769,100,1.81,110,56,14,1,0,0,0,0,0,100,164.545,65.7459,40.3315,108.182,66.3636,4904,53045,28243.9,12134.2,1.48057e+08,0.429623,-0.148632,1.93292,0.484824,4904.25,29295,20600,5829.2,8309,10970,15095,18156,20884,25261,29295,32769,36009,38756,40380,43748,46350,48546,10337.3,10309.8,23339.7,28243.9,7023.3,-302.744,154.009,0.248666,-0.0431057,0.0219283,30740.2,32629.8,0,0,0,0,0,0,0,0,0,0,0,0,0,0,0,0,0,0,0,0,0,0,0,0,0,0,0,0,0,0,2,0.0110497,45.252,0.922382,44.3296,46.1744,14,0.0773481,89.2729,11.2799,65.363,99.4892,165,0.911602,122.09,8.84877,100.849,141.019,0,0,0,0,0,0,0,0,0,0,0,0,0,0,0,0,0,0,0,0,0,0,0,0,0,0,0,0,0,0,2,0.0110497,13210.5,2240.5,10970,15451,14,0.0773481,21717.9,10661.7,6624,36009,165,0.911602,28979.8,12038.1,4904,53045
6,5,1.02382e+06,599020,167,107,52.1596,131.888,111.828,11.5866,135.059,0.103611,-1.27619,7.16727,0.748397,106.75,112.133,14.1357,79.099,94.1807,98.1907,102.493,105.978,106.82,110.496,112.133,115.69,119.201,120.114,120.949,125.958,126.856,130.977,8.94452,8.9351,10.0404,111.828,6.25531,-0.773255,0.745223,0.0559369,-0.123616,0.119134,112.427,112.964,58.6891,100,1.67,107,50,8,2,0,0,0,0,0,100,156.075,53.2934,72.4551,83.1776,113.084,2085,52361,27698.1,12957.5,1.68908e+08,0.467811,-0.163696,1.85004,0.509451,34999.2,30289,22888.5,3640.12,8475.9,9625.2,13045.6,15482.5,18807,24664.4,30289,33495,36374,38371,39392,44359,45631.1,50207.3,11281.1,11114.6,11839.1,27698.1,7481.39,-367.772,51.6164,0.270104,-0.0491583,0.00689931,30579.1,32662.2,0,0,0,0,0,0,0,0,0,0,0,0,0,0,0,0,0,0,0,0,0,0,0,0,0,0,0,0,0,0,0,0,0,0,0,0,23,0.137725,92.2596,11.1561,52.1596,99.8398,144,0.862275,114.953,8.0551,100.733,131.888,0,0,0,0,0,0,0,0,0,0,0,0,0,0,0,0,0,0,0,0,0,0,0,0,0,0,0,0,0,0,0,0,0,0,0,0,23,0.137725,18704.3,8575.31,6186,38633,144,0.862275,29134.7,12960.9,2085,52361
7,5,1.02383e+06,599020,117,61,50.6758,121.95,92.6215,18.9632,362.703,0.204739,-0.591985,2.14421,0.588511,107.25,96.9173,34.2464,51.3516,58.7376,63.4306,71.5085,73.6635,87.5333,91.7068,96.9173,103.022,107.324,107.91,108.571,110.507,118.813,121.543,16.1932,15.5975,17.104,92.6215,10.6508,-1.95791,0.36485,0.114993,-0.183828,0.0342557,94.5428,96.2066,41.1942,100,1.17,61,41,13,2,0,0,0,0,0,100,191.803,59.8291,31.6239,114.754,60.6557,4725,53354,26824,12594.8,1.59996e+08,0.469534,0.00885167,1.95211,0.45444,4725.25,26937,21790,5094.72,6979.8,9219,14137.4,16906,17918.6,23492.2,26937,30609.2,34690.2,38696,39931.6,42826.4,45656,52372.6,10683.7,10682.7,22098.7,26824,7312.29,-19.9285,162.094,0.272603,-0.00272534,0.0221674,29633.6,31775.5,0,0,0,0,0,0,0,0,0,0,0,0,0,0,0,0,0,0,0,0,0,0,0,0,0,0,0,0,0,0,0,0,0,0,0,0,60,0.512821,77.5289,14.3624,50.6758,97.367,57,0.487179,108.509,5.36861,100.39,121.95,0,0,0,0,0,0,0,0,0,0,0,0,0,0,0,0,0,0,0,0,0,0,0,0,0,0,0,0,0,0,0,0,0,0,0,0,60,0.512821,25291,12899.7,5088,52955,57,0.487179,28437.6,12056.8,4725,53354
8,5,1.02384e+06,599020,139,78,23.7832,131.113,85.4272,30.6871,949.112,0.359219,-0.343932,1.68962,0.574345,100.75,99.5951,54.2794,24.8799,34.4656,49.6516,51.3108,53.1712,58.3489,90.494,99.5951,100.538,102.45,107.451,118.35,119.257,121.009,130.186,28.0605,25.781,25.9115,85.4272,17.2354,-1.84149,-0.4122,0.201755,-0.106843,-0.0239159,90.7718,94.906,61.3365,92.0863,1.39,78,45,14,2,0,0,0,0,0,92.0863,164.103,56.1151,34.5324,100,61.5385,5996,53516,28372,12396.5,1.54883e+08,0.436927,0.0909965,1.87598,0.470876,5996.25,29262,20519,7132.3,9671.8,11889.5,16328,18427.2,19961,22768.6,29262,32375.8,37627.5,38946.2,40982.4,44554.7,47563.4,51114.6,10868.6,10860.2,22375.8,28372,7191.44,179.322,82.1749,0.253469,0.0249354,0.0114268,30962,33047.4,9,0.0647482,0.0638873,0.157147,-0.157248,0.394845,2,0.0143885,0.639604,0.138931,0.500673,0.778536,0,0,0,0,0,0,0,0,0,0,0,0,0,0,0,0,0,0,14,0.100719,36.2132,8.72333,23.7832,49.9399,54,0.388489,68.6982,20.1982,50.1043,99.9744,60,0.431655,111.967,10.1329,100.017,131.113,9,0.0647482,30607.2,12331.9,13841,57164,2,0.0143885,33571.5,7912.5,25659,41484,0,0,0,0,0,0,0,0,0,0,0,0,0,0,0,0,0,0,14,0.100719,19862.5,11707.3,5996,50654,54,0.388489,26654.1,11598.6,6757,47667,60,0.431655,31903.8,11948,9296,53516
9,5,1.02385e+06,599020,152,79,27.1721,124.435,85.9171,21.6121,470.597,0.251546,-0.0459945,2.567,0.603983,93.25,87.0743,25.915,36.6761,54.8343,60.8581,66.8343,68.3552,70.9132,85.2316,87.0743,92.7454,93.3958,94.2702,109.222,121.343,122.217,124.149,17.1861,17.0935,17.8335,85.9171,12.2501,-0.00796065,1.27195,0.14258,-0.000649845,0.103832,88.5937,91.0232,58.3841,88.1579,1.52,79,56,12,4,1,0,0,0,0,88.1579,169.62,51.3158,28.9474,98.7342,55.6962,5030,52577,26931.8,13657.7,1.87934e+08,0.507121,0.0790731,1.79638,0.460634,5030.25,27666.5,23289.5,5252.01,6174.75,8066.1,12353.4,15373.5,18302.2,20768.6,27666.5,31220.2,35761.8,38663,42063.4,45271.6,49040.6,50596.5,11935.3,11934.5,21901.5,26931.8,7932.27,186.042,-20.4792,0.294532,0.0234538,-0.00258175,30196.9,32650.3,5,0.0328947,0.27852,0.185264,0.0316089,0.483883,13,0.0855263,0.770084,0.266911,0.503593,1.4895,0,0,0,0,0,0,0,0,0,0,0,0,0,0,0,0,0,0,5,0.0328947,37.8646,6.29585,27.1721,45.0282,100,0.657895,79.2778,13.1046,51.8434,97.123,29,0.190789,117.096,6.08134,107.606,124.435,5,0.0328947,21250.6,13924.4,5598,45686,13,0.0855263,22041.3,12365.4,6275,51005,0,0,0,0,0,0,0,0,0,0,0,0,0,0,0,0,0,0,5,0.0328947,12239.2,6682.62,5729,23807,100,0.657895,25833.7,13252.5,5030,50395,29,0.190789,33251.4,12933.3,7741,52577
10,5,1.02386e+06,599020,166,93,28.515,125.742,89.0704,24.5557,606.797,0.275688,-0.00649264,1.87298,0.622822,65.25,89.2805,44.6932,36.9557,56.4348,61.3075,65.2785,69.7354,71.7772,75.8145,89.2805,96.8047,111.273,114.429,120.284,121.648,123.618,125.385,21.7769,21.7755,26.7876,89.0704,14.0089,0.175361,-0.39306,0.157279,0.0125178,-0.0280578,92.3932,95.3787,60.1703,95.7831,1.66,93,56,14,3,0,0,0,0,0,95.7831,170.968,48.1928,77.1084,86.0215,137.634,3007,50773,26496.4,11854.5,1.41419e+08,0.447401,-0.0564004,2.18042,0.49176,3007.25,26779,17167.5,3369.62,7376,9334.2,15367,18157.5,19764,23126.6,26779,30991.8,33198.8,35325,38594.4,41197.4,44638.7,50203.1,9903.97,9902.2,23489.1,26496.4,6844.34,-128.602,426.022,0.258312,-0.0187895,0.0622444,29027.4,30961,6,0.0361446,-0.0113496,0.114745,-0.169819,0.161533,1,0.0060241,0.993473,0,0.993473,0.993473,0,0,0,0,0,0,0,0,0,0,0,0,0,0,0,0,0,0,5,0.0301205,36.8857,5.10881,28.515,44.592,103,0.620482,76.6002,13.3263,54.4509,98.5039,51,0.307229,119.371,4.41183,110.452,125.742,6,0.0361446,7841.67,2856.73,4730,12238,1,0.0060241,11878,0,11878,11878,0,0,0,0,0,0,0,0,0,0,0,0,0,0,0,0,0,0,5,0.0301205,13047.4,6968.07,3386,24089,103,0.620482,25372.6,11247.7,3007,50773,51,0.307229,30084.5,12029.1,7223,50257
11,5,1.02387e+06,599020,142,75,35.4677,143.694,104.748,23.5795,559.993,0.225108,-0.728027,3.22125,0.640139,106.25,106.981,30.0705,43.9303,59.3236,66.1238,89.2036,91.1057,94.3631,101.314,106.981,115.301,119.868,121.176,122.053,127.058,142.555,143.275,18.6024,18.4056,18.4173,104.748,13.0611,-2.02696,1.8457,0.124691,-0.155191,0.141313,107.369,109.543,67.4442,98.5916,1.42,75,50,16,1,0,0,0,0,0,98.5916,186.667,57.0423,51.4085,108,97.3333,4659,50104,27781.6,13144,1.74009e+08,0.473121,-0.0339437,1.80804,0.508803,4659.25,28139.5,22884.2,4996.68,6885.5,9370.3,14371.6,16692.5,18122,23605.8,28139.5,33001.8,36926.4,39576.8,40888.4,45258.3,48235.6,49855.2,11387.7,11381.2,23122.3,27781.6,7639.55,-75.8671,10.0684,0.274986,-0.00993083,0.00131793,30734,32947.1,2,0.0140845,-0.0471329,0.0700705,-0.117203,0.0229377,0,0,0,0,0,0,0,0,0,0,0,0,0,0,0,0,0,0,0,0,0,0,0,0,4,0.028169,43.1706,4.92922,35.4677,48.612,49,0.34507,83.5832,14.514,52.7116,99.8904,87,0.612676,119.499,11.4332,100.225,143.694,2,0.0140845,20556.5,5515.5,15041,26072,0,0,0,0,0,0,0,0,0,0,0,0,0,0,0,0,0,0,0,0,0,0,0,0,4,0.028169,18587.5,8322.91,8482,26998,49,0.34507,22492.9,11835.8,4659,46146,87,0.612676,31182.9,12834.4,6541,50104
12,5,1.02388e+06,599020,185,105,43.9287,156.992,126.892,20.1086,406.576,0.15847,-0.419409,3.07524,0.733773,115.25,125.613,34.8257,87.418,97.5823,103.401,109.4,112.096,115.097,116.62,125.613,133.051,145.457,146.922,148.413,151.589,153.175,155.865,17.1977,17.1393,18.5456,126.892,11.3343,-0.612477,0.0260623,0.0893225,-0.0540376,0.00229942,128.475,129.934,81.5807,98.9189,1.85,105,66,12,2,0,0,0,0,0,98.9189,174.286,45.4054,68.1081,80,120,4810,49817,28837,11830.8,1.40736e+08,0.410264,-0.145594,1.99309,0.533849,4810.25,30322,18583.5,5486.84,10121.2,12475.8,18234.6,19643.5,21362.4,25823.6,30322,33248.2,36909.4,38227,39881.6,44447.6,46522,49108.3,10121.8,10073.1,24026.7,28837,6843.89,-261.99,215.956,0.237331,-0.0382808,0.0315546,31169.5,32972.6,1,0.00540541,0.0418211,0,0.0418211,0.0418211,1,0.00540541,0.999763,0,0.999763,0.999763,0,0,0,0,0,0,0,0,0,0,0,0,0,0,0,0,0,0,1,0.00540541,43.9287,0,43.9287,43.9287,12,0.0648649,92.1165,4.35507,87.238,97.8317,170,0.918919,129.834,17.3039,101.735,156.992,1,0.00540541,10578,0,10578,10578,1,0.00540541,10739,0,10739,10739,0,0,0,0,0,0,0,0,0,0,0,0,0,0,0,0,0,0,1,0.00540541,26349,0,26349,26349,12,0.0648649,25549.5,11697.3,12310,46889,170,0.918919,29083.6,11838.6,4810,49817
13,5,1.02389e+06,599020,180,86,70.7436,152.181,109.672,13.4516,181.991,0.122652,0.766956,4.66534,0.478023,100.25,106.766,10.772,80.0651,91.2565,96.2807,100.399,103.918,104.292,105.545,106.766,111.536,114.024,114.69,115.461,127.742,142.399,145.956,9.57895,9.46139,12.0982,109.672,7.06099,0.896135,1.83522,0.0643825,0.126914,0.25991,110.494,111.348,38.3863,96.6667,1.8,86,68,22,4,0,0,0,0,0,96.6667,202.326,45,78.8889,94.186,165.116,2658,59299,28855.1,13606.6,1.86211e+08,0.47155,-0.0431063,1.91474,0.462512,2658.25,30975.5,22119.2,4605.89,7973.55,10053.1,14740,17073,18778.5,24548.6,30975.5,34717.2,37594.7,39192.2,42162.2,45951.4,49530,53078,11836,11758.7,26196.9,28855.1,7877.79,-127.575,130.349,0.273012,-0.0161943,0.0165464,31902.3,34183.4,3,0.0166667,0.0616307,0.232732,-0.210553,0.357983,3,0.0166667,0.799045,0.372791,0.533235,1.32624,0,0,0,0,0,0,0,0,0,0,0,0,0,0,0,0,0,0,0,0,0,0,0,0,28,0.155556,91.9575,7.22941,70.7436,99.9297,146,0.811111,113.07,11.5714,100.006,152.181,3,0.0166667,18054.3,6688.44,10748,26910,3,0.0166667,20051.7,11888,11428,36862,0,0,0,0,0,0,0,0,0,0,0,0,0,0,0,0,0,0,0,0,0,0,0,0,28,0.155556,21616.9,10829.8,2658,45831,146,0.811111,30243.3,13644.8,3735,59299
14,5,1.0239e+06,599020,175,123,56.1314,128.938,106.954,11.9959,144.728,0.112159,-0.98076,4.90445,0.698052,110.25,107.51,13.6745,72.3088,84.0287,93.6715,98.7034,100.434,101.682,104.923,107.51,111.17,112.934,114.108,118.337,121.605,123.41,126.781,9.13174,9.12256,9.19601,106.954,6.51543,-0.764265,1.07969,0.0609179,-0.117301,0.165713,107.625,108.235,49.9152,100,1.75,123,42,9,1,0,0,0,0,0,100,142.276,51.4286,42.2857,73.1707,60.1626,5029,56264,35245.3,12699.2,1.62197e+08,0.36031,-0.411226,2.28706,0.589758,5029.25,37672,19531,6708.3,11099.8,18088.2,22935.2,25628,27948.2,33508.2,37672,40689.8,43803.6,45159,46557.2,51090.4,53523.5,55509.7,10675.9,10547.9,30216,35245.3,7273.98,-743.951,410.089,0.206382,-0.102276,0.0563775,37463.3,39147,0,0,0,0,0,0,0,0,0,0,0,0,0,0,0,0,0,0,0,0,0,0,0,0,0,0,0,0,0,0,0,0,0,0,0,0,40,0.228571,90.934,10.3682,56.1314,99.5594,135,0.771429,111.701,7.49069,100.009,128.938,0,0,0,0,0,0,0,0,0,0,0,0,0,0,0,0,0,0,0,0,0,0,0,0,0,0,0,0,0,0,0,0,0,0,0,0,40,0.228571,34214.6,12617.9,9165,55273,135,0.771429,35550.6,12707.2,5029,56264
15,5,1.02391e+06,599020,254,142,36.5553,119.043,86.9749,20.103,405.726,0.231135,-0.72182,2.43294,0.611238,97.75,93.5052,28.9238,39.3832,50.9251,54.1909,63.1618,73.393,79.0046,87.8511,93.5052,97.5962,100.269,102.317,103.322,107.525,112.94,116.535,16.7881,15.9237,16.286,86.9749,11.1734,-2.23159,0.805833,0.128467,-0.199724,0.0721209,89.268,91.1586,49.4093,100,2.54,142,88,23,1,0,0,0,0,0,100,178.873,61.0236,38.5827,109.155,69.0141,2241,55824,28779.7,12385.3,1.54001e+08,0.430347,-0.0655925,1.93184,0.495283,35673.2,29192.5,20097.5,7092.01,9534.25,11637.8,15797.2,18728,20936.5,25208,29192.5,33637,37287.9,38825.5,41857.2,44390.4,47282.9,51836.6,10640.2,10636.6,11607,28779.7,7160.77,-150.171,124.779,0.248813,-0.0209713,0.0174254,31331.6,33309.3,0,0,0,0,0,0,0,0,0,0,0,0,0,0,0,0,0,0,0,0,0,0,0,0,0,0,0,0,0,0,10,0.0393701,42.7997,4.72393,36.5553,49.7766,166,0.653543,80.4229,16.2573,50.1081,99.8369,78,0.307087,106.582,4.96638,100.123,119.043,0,0,0,0,0,0,0,0,0,0,0,0,0,0,0,0,0,0,0,0,0,0,0,0,0,0,0,0,0,0,10,0.0393701,23553.3,11429,8172,43419,166,0.653543,26750.6,12148.9,2241,55824,78,0.307087,33768.2,11467.7,8493,53009
16,5,1.02392e+06,599020,259,112,4.57592,101.843,51.5874,24.6446,609.984,0.477724,-0.102285,2.31746,0.483324,54.75,53.4912,34.1791,5.11108,7.68477,17.6011,26.8041,33.108,36.7149,51.797,53.4912,55.5581,62.9636,67.2871,73.9066,82.8188,92.3129,99.2209,19.6813,19.457,19.5148,51.5874,14.0613,-0.443,1.3773,0.272572,-0.0315049,0.0979493,57.1718,61.2472,45.7672,89.5753,2.59,112,94,42,11,0,0,0,0,0,89.5753,207.143,54.0541,40.1544,125,92.8571,4079,56757,27323.9,13158,1.73883e+08,0.481557,0.262995,1.97706,0.441264,4079.25,25708,22570.5,6687.89,9508.05,10820.3,14026.4,15133.8,17827.5,21491.2,25708,31332.2,35500.1,37704.2,41254.4,45074.1,49466.4,55728.9,11388.5,11345.8,23244.7,27323.9,7583.01,543.877,92.8891,0.277523,0.0717231,0.0122496,30327.1,32770.1,20,0.0772201,0.13262,0.237208,-0.485503,0.436346,7,0.027027,0.870888,0.27595,0.514626,1.34172,2,0.00772201,4.76736,0.191439,4.57592,4.9588,16,0.0617761,6.67791,1.32032,5.1001,8.47784,10,0.03861,17.1493,1.16452,14.5566,18.6303,56,0.216216,31.6355,7.9708,20.2067,48.9689,146,0.563707,66.4767,14.1251,50.0244,99.3534,2,0.00772201,101.606,0.237381,101.368,101.843,20,0.0772201,37933.3,12936.7,13534,58204,7,0.027027,35065.9,9127.79,22652,45556,2,0.00772201,13840.5,4011.5,9829,17852,16,0.0617761,25194.6,8816.46,10171,41553,10,0.03861,21322.6,7417.74,10836,36828,56,0.216216,23152.3,10099.7,7775,48230,146,0.563707,29732.1,14183.9,4079,56757,2,0.00772201,28860.5,17799.5,11061,46660
17,5,1.02393e+06,599020,233,130,2.71571,77.6906,47.0548,20.4452,420.342,0.434498,-0.780519,2.7358,0.591386,54.75,53.0021,18.9971,3.17573,4.86203,7.42783,24.1661,39.6256,42.33,47.6521,53.0021,54.6974,57.9097,58.6227,63.7069,71.6181,75.0905,77.2483,16.0913,15.2041,15.3508,47.0548,11.2334,-2.14997,1.52256,0.23873,-0.191391,0.135539,51.3046,53.8923,43.0294,77.2532,2.33,130,75,20,7,1,0,0,0,0,77.2532,138.462,48.927,30.4721,87.6923,54.6154,3872,52054,21493.8,11194.2,1.26011e+08,0.520812,0.604537,2.5511,0.365734,10236.2,19141.5,17366.2,4655.42,6849.95,8524.1,10933.2,12123.8,13131.3,17139.2,19141.5,22913.2,27353,29490,31708,38835.2,41763.6,49715,9367.71,9139.97,12059.4,21493.8,6342.45,940.544,395.695,0.295083,0.148293,0.0623883,24234.2,26617.4,40,0.171674,0.0950932,0.217751,-0.297602,0.488296,13,0.055794,0.80122,0.169994,0.552681,1.08843,10,0.0429185,3.8196,0.7084,2.71571,4.86513,10,0.0429185,6.41642,1.04324,5.03454,8.22066,5,0.0214592,16.655,0.901811,15.5675,17.6972,51,0.218884,38.2175,9.42719,20.8939,49.6901,104,0.446352,60.9148,8.14474,50.1671,77.6906,0,0,0,0,0,0,40,0.171674,42189,11495,6574,59904,13,0.055794,37583.7,15942,8325,56529,10,0.0429185,18764.8,7827.89,3872,29363,10,0.0429185,14037.7,4684.7,7354,24206,5,0.0214592,20646.4,6259.3,13406,32164,51,0.218884,22131,10294,5911,41718,104,0.446352,22201.4,12175.3,4183,52054,0,0,0,0,0,0
18,5,1.02394e+06,599020,128,84,4.23474,66.8166,31.4211,16.714,284.257,0.531934,0.530494,2.16713,0.434412,60.25,26.6457,22.4176,4.65536,8.34479,13.0209,19.7943,20.4736,21.4459,22.5518,26.6457,30.2254,38.4833,42.8912,49.1834,59.7776,60.2792,63.1235,14.1094,13.4832,29.0615,31.4211,9.51387,1.46247,0.586769,0.302786,0.153719,0.0616751,35.5899,39.112,26.532,45.3125,1.28,84,35,8,1,0,0,0,0,0,45.3125,69.0476,17.9688,3.90625,27.381,5.95238,3833,47428,19723,11555.5,1.35872e+08,0.585889,0.851045,2.5758,0.364491,3833.25,15404.5,15041,4539.8,7009.6,8309.3,10098.2,10812.8,11663.2,13378.4,15404.5,19065.4,23147.3,25853.8,32384.4,37752.5,41963.4,46072.5,9545.63,9040.5,15889.7,19723,6437.87,1574.6,513.509,0.326414,0.244584,0.0797639,22858.8,25655.3,57,0.445312,0.10225,0.197592,-0.195929,0.498998,13,0.101562,0.686056,0.134656,0.511615,0.961813,2,0.015625,4.6037,0.368962,4.23474,4.97267,2,0.015625,8.3423,0.00356007,8.33874,8.34586,8,0.0625,14.504,2.28363,12.0005,19.4981,34,0.265625,28.7779,7.97116,20.2385,45.8136,12,0.09375,58.504,3.74019,51.4299,66.8166,0,0,0,0,0,0,57,0.445312,40904.3,13193.1,5840,58419,13,0.101562,35879.4,15646.2,5451,57257,2,0.015625,24321.5,13945.5,10376,38267,2,0.015625,33435,13993,19442,47428,8,0.0625,28441.8,12512.2,7210,44606,34,0.265625,19030.9,10569.2,5073,45050,12,0.09375,12819.8,4991.71,3833,20782,0,0,0,0,0,0
19,5,1.02395e+06,599020,111,76,2.53623,62.1217,26.0134,24.5074,617.773,0.942109,0.541206,1.35948,0.394008,4.25,10.6121,50.222,2.68553,3.46767,4.11269,5.70139,6.82095,7.02488,7.58126,10.6121,15.7475,55.8631,57.0429,58.1444,59.442,60.3287,61.5939,23.339,19.8576,21.9845,26.0134,13.0255,2.93705,-1.8673,0.500724,0.225485,-0.143357,35.7394,41.6865,22.5298,32.4324,1.11,76,28,6,0,1,0,0,0,0,32.4324,47.3684,11.7117,28.8288,17.1053,42.1053,5226,38902,17505.9,9837.69,9.95452e+07,0.561964,0.720035,2.3161,0.364648,5226.25,13160.5,15433,5725.45,6661.25,6987.5,8732,9690,10440.5,12033,13160.5,18851,20312.5,25123,28550,31945.5,37153.8,38449.4,8364.49,8075.56,12279.7,17505.9,5609.74,1244.87,205.471,0.320449,0.221913,0.0366276,20080.7,22329.1,52,0.468468,0.241932,0.186348,-0.149888,0.489859,23,0.207207,0.880048,0.281534,0.518598,1.49766,7,0.0630631,3.74143,0.692924,2.53623,4.46076,10,0.0900901,7.41695,1.04835,5.70139,9.74033,6,0.0540541,12.9742,2.22668,10.4434,15.9564,0,0,0,0,0,0,13,0.117117,58.3289,1.98957,55.2025,62.1217,0,0,0,0,0,0,52,0.468468,41168.2,10999.8,8479,57557,23,0.207207,37631.7,13105.9,13596,56186,7,0.0630631,23957.4,7119.95,11528,32793,10,0.0900901,23070.7,11789.1,6653,38902,6,0.0540541,11238,4276.81,6838,19559,0,0,0,0,0,0,13,0.117117,12644.2,6112.1,5226,28929,0,0,0,0,0,0
0,6,1.02376e+06,599010,222,117,23.6764,147.025,114.27,26.8917,726.561,0.235334,-1.93322,6.3992,0.734455,111.75,120.542,20.1228,27.2141,40.4129,98.324,106.899,110.051,111.615,117.129,120.542,123.493,128.178,130.174,131.294,138.282,141.544,144.86,17.8357,16.8231,18.5618,114.27,12.9037,-4.2318,3.51365,0.112923,-0.327952,0.272298,117.392,119.405,90.1487,96.3964,2.22,117,79,23,3,0,0,0,0,0,96.3964,182.906,60.3604,65.7658,114.53,124.786,3233,51258,26494.5,12447.8,1.55675e+08,0.469825,0.0114606,1.86413,0.484363,11640.2,27035.5,21118.8,4939.12,7880.75,9415.3,13080,15653.2,17562.1,22633.6,27035.5,30315.8,35051.5,36772,39480.2,43486.3,45651.1,48854.9,10684.2,10665.8,15851.3,26494.5,7209.94,17.4691,80.9353,0.27213,0.00242292,0.0112255,29273,31392.2,6,0.027027,0.129458,0.189164,-0.211359,0.355427,2,0.00900901,1.01373,0.122159,0.891572,1.13589,0,0,0,0,0,0,0,0,0,0,0,0,0,0,0,0,0,0,18,0.0810811,37.2256,8.22928,23.6764,47.9348,12,0.0540541,92.2895,13.8698,55.9205,99.9711,184,0.828829,123.241,11.3683,100.649,147.025,6,0.027027,29521,13448.4,10288,42324,2,0.00900901,28123.5,16865.5,11258,44989,0,0,0,0,0,0,0,0,0,0,0,0,0,0,0,0,0,0,18,0.0810811,22344.5,12357.3,8558,47816,12,0.0540541,17734,8666.39,8402,40965,184,0.828829,27471.8,12358.4,3233,51258
1,6,1.02377e+06,599010,277,152,5.40145,139.169,102.503,28.0417,789.284,0.27357,-1.22738,3.85989,0.725894,102.75,109.492,29.5282,24.595,43.6922,49.2726,89.5001,94.4846,97.6769,102.377,109.492,114.733,122.137,124.013,125.948,129.022,134.716,136.798,21.0033,20.4681,20.9608,102.503,14.8311,-3.93186,2.22023,0.144689,-0.26511,0.149701,106.269,108.907,95.5645,96.7509,2.77,152,97,23,5,0,0,0,0,0,96.7509,176.316,57.4007,56.3177,104.605,102.632,5023,56473,29266.6,11875.5,1.41556e+08,0.40577,-0.132192,2.04907,0.471208,28992.2,30690.5,19545.8,5921.11,9798.75,12552.3,18037.6,19465,21295.9,25959,30690.5,33828.4,37440.9,39010.8,40719.2,43463.3,46310.8,52307.1,10180.9,10131.8,10200.6,29266.6,6841.83,-288.765,225.933,0.233776,-0.0422058,0.0330223,31584.2,33390.8,7,0.0252708,-0.0314402,0.110553,-0.231496,0.126877,2,0.00722022,1.7311,0.0115732,1.71953,1.74267,0,0,0,0,0,0,1,0.00361011,5.40145,0,5.40145,5.40145,2,0.00722022,16.0266,0.437242,15.5893,16.4638,25,0.0902527,42.8595,5.75092,28.6,49.6989,64,0.231047,86.3557,15.087,52.3764,99.98,176,0.635379,118.381,10.9146,100.017,139.169,7,0.0252708,39046.9,8868.05,22270,50643,2,0.00722022,11800.5,3689.5,8111,15490,0,0,0,0,0,0,1,0.00361011,15028,0,15028,15028,2,0.00722022,17150,7812,9338,24962,25,0.0902527,31875.5,13260.6,7649,52754,64,0.231047,27230,11796.3,6907,56473,176,0.635379,29855.3,11525.3,5023,54892
2,6,1.02378e+06,599010,137,92,6.06665,117.047,82.8367,24.1971,590.418,0.292105,-1.48718,4.45158,0.691743,103.75,87.1367,19.4252,10.4353,28.0546,41.724,79.0995,81.5101,83.3256,85.6377,87.1367,91.2582,100.503,100.935,102.769,103.833,104.618,105.394,17.2681,16.2246,21.3055,82.8367,12.2517,-4.20369,2.38308,0.147902,-0.34311,0.19451,86.2984,88.4871,76.2111,87.5912,1.37,92,40,4,1,0,0,0,0,0,87.5912,130.435,61.3139,10.219,91.3043,15.2174,4504,49089,28238.4,10746.2,1.16452e+08,0.380554,-0.148537,2.07659,0.532342,4504.25,30001.5,17065.5,5388.11,11875,13854.5,17766.2,19831.2,21080.2,25164,30001.5,32167.8,34609.7,36896.8,38514.8,42388.7,43619.1,47932.6,9149.18,9063.78,23734.2,28238.4,6220.36,-234.075,246.814,0.22028,-0.0376304,0.0396784,30214.1,31786.5,17,0.124088,-0.0289521,0.130651,-0.182686,0.211762,0,0,0,0,0,0,0,0,0,0,0,0,2,0.0145985,7.86968,1.80303,6.06665,9.67271,3,0.0218978,17.6479,2.80184,13.6865,19.7069,10,0.0729927,36.1317,5.91652,24.0369,42.2392,67,0.489051,83.3544,10.8232,51.7913,99.8898,38,0.277372,103.307,2.7515,100.227,117.047,17,0.124088,38019.3,14616.9,4251,57176,0,0,0,0,0,0,0,0,0,0,0,0,2,0.0145985,16502.5,1524.5,14978,18027,3,0.0218978,21576.7,1840.32,19451,23940,10,0.0729927,25191.4,9392.86,10196,42838,67,0.489051,29147.9,11533,4504,48236,38,0.277372,28580.3,9580.31,13504,49089
3,6,1.02379e+06,599010,150,91,13.1074,112.658,88.7578,26.4248,704.087,0.297718,-1.65493,4.4302,0.75992,101.25,100.769,14.7893,15.3462,20.5034,41.076,71.8691,89.4069,90.5733,97.6502,100.769,101.64,102.611,104.196,105.661,108.265,110.06,111.221,19.7497,16.2136,16.2332,88.7578,12.5952,-5.83692,2.85656,0.141906,-0.463423,0.226797,92.6078,94.8982,74.2519,80.6667,1.5,91,43,15,1,0,0,0,0,0,80.6667,132.967,62,34.6667,102.198,57.1429,1820,53626,29128.9,13184.1,1.7527e+08,0.452613,-0.309285,1.98563,0.527138,1820.25,31317,22434,5241,7182,8598,13960,18315,22914,26660,31317,34407,37767,40749,41869,44507,46818,52620.6,11213.9,11116.5,27308.7,29128.9,7593.81,-687.702,186.516,0.260697,-0.0905608,0.0245615,31973.6,33969,29,0.193333,0.041056,0.168241,-0.241245,0.479839,0,0,0,0,0,0,0,0,0,0,0,0,0,0,0,0,0,0,6,0.04,17.2613,2.48342,13.1074,19.4642,12,0.08,37.1667,7.34677,20.5034,42.1524,40,0.266667,89.717,10.3201,68.0422,99.9229,63,0.42,104.785,3.37129,100.092,112.658,29,0.193333,32913.3,15301.3,8421,55873,0,0,0,0,0,0,0,0,0,0,0,0,0,0,0,0,0,0,6,0.04,19057.5,11157.1,7182,34876,12,0.08,20672.5,11467.5,6645,37496,40,0.266667,25763.4,12446.3,5071,46818,63,0.42,33835.6,12081.5,1820,53626
4,6,1.0238e+06,599010,115,68,23.7523,126.146,97.5915,14.6311,216.188,0.149922,-1.33736,9.60219,0.721128,95.75,95.7195,15.1036,42.3769,84.0364,85.5286,89.3098,90.299,90.9381,93.3673,95.7195,99.6698,104.245,105.403,108.807,112.479,123.339,125.574,10.3403,10.1445,10.1445,97.5915,7.43526,0.115296,1.58304,0.0761876,0.0155067,0.212909,98.6821,99.5969,72.4224,88.6957,1.15,68,35,9,3,0,0,0,0,0,88.6957,150,36.5217,44.3478,61.7647,75,4402,53771,29967,13727.2,1.90301e+08,0.458076,-0.243771,1.8464,0.517836,4402.25,33847.5,22275,4618.96,7153.45,9845.7,16811.6,18524,19490,27088.4,33847.5,36455.4,39392.1,40799,43085.6,46648.3,49024.8,52393.6,12022,11832,25564.8,29967,7939.63,-584.759,49.7908,0.264945,-0.0736507,0.00627117,32961.5,35093.9,12,0.104348,-0.0420828,0.0968355,-0.254417,0.109827,1,0.00869565,0.728154,0,0.728154,0.728154,0,0,0,0,0,0,0,0,0,0,0,0,0,0,0,0,0,0,2,0.0173913,32.922,9.16974,23.7523,42.0918,59,0.513043,90.8636,4.77254,70.6021,98.6632,41,0.356522,110.428,7.85949,100.341,126.146,12,0.104348,32624.8,15818.8,6747,51866,1,0.00869565,20466,0,20466,20466,0,0,0,0,0,0,0,0,0,0,0,0,0,0,0,0,0,0,2,0.0173913,15546.5,606.5,14940,16153,59,0.513043,28828.6,14160.8,4402,53771,41,0.356522,32308.8,12756,6482,49355
5,6,1.02381e+06,599010,114,63,36.3307,144.485,112.006,23.7683,569.931,0.212206,-1.35839,4.64659,0.699696,108.25,114.05,18.9754,38.6381,57.1022,69.1626,105.509,107.552,108.511,110.753,114.05,119.697,124.254,126.528,130.511,136.631,141.785,144.319,16.5029,16.4195,17.4784,112.006,12.3174,-2.85984,2.86632,0.109971,-0.23218,0.232706,114.5,116.391,73.7525,100,1.14,63,41,8,2,0,0,0,0,0,100,180.952,54.386,71.9298,98.4127,130.159,5676,56146,27769.2,12533.2,1.58472e+08,0.451336,0.12671,2.08294,0.437749,5676.25,26959.5,20033.2,5969.56,9177.9,11059.5,14955.4,17088,19780.2,24204.4,26959.5,31863.2,34212,37121.2,40841,44194.4,48139.9,53790.1,10566.5,10553,22092.9,27769.2,7267.42,207.274,314.609,0.261708,0.0285209,0.0432904,30466.5,32632.3,0,0,0,0,0,0,0,0,0,0,0,0,0,0,0,0,0,0,0,0,0,0,0,0,0,0,0,0,0,0,3,0.0263158,40.9246,6.0107,36.3307,49.4155,15,0.131579,71.3049,16.1921,53.069,97.6184,96,0.842105,120.587,11.7643,104.65,144.485,0,0,0,0,0,0,0,0,0,0,0,0,0,0,0,0,0,0,0,0,0,0,0,0,0,0,0,0,0,0,3,0.0263158,17237.3,1983.65,14941,19781,15,0.131579,15451.4,6278.03,5968,32325,96,0.842105,30023,12165.5,5676,56146
6,6,1.02382e+06,599010,167,92,53.6435,148.076,115.223,19.9663,401.068,0.173284,-0.801922,4.19064,0.652099,107.25,110.338,26.0508,55.7804,74.0195,98.481,102.417,106.16,107.17,108.072,110.338,119.669,129.936,132.21,134.922,140.473,142.252,146.087,15.6226,15.4502,15.8704,115.223,10.7991,-0.656291,1.35001,0.0937234,-0.060773,0.125012,116.94,118.432,60.4302,99.4012,1.67,92,61,12,1,1,0,0,0,0,99.4012,180.435,47.3054,68.8623,85.8696,125,4894,54288,26771.2,11960.5,1.43921e+08,0.446767,-0.0102637,1.89483,0.442912,4894.25,26984,20401.5,6185.8,8573.5,10455.5,14378,15897,17706,23896,26984,31269,35084,36298.5,38059,42186,44936.2,48840.2,10366.1,10361.2,21877,26771.2,6922.45,-58.1795,63.831,0.258578,-0.00840446,0.00922087,29321.5,31298,1,0.00598802,0.0329825,0,0.0329825,0.0329825,0,0,0,0,0,0,0,0,0,0,0,0,0,0,0,0,0,0,0,0,0,0,0,0,0,0,0,0,0,0,22,0.131737,82.0673,19.2019,53.6435,99.9992,144,0.862275,120.288,14.4783,100.167,148.076,1,0.00598802,25076,0,25076,25076,0,0,0,0,0,0,0,0,0,0,0,0,0,0,0,0,0,0,0,0,0,0,0,0,0,0,0,0,0,0,22,0.131737,20978.1,10751.9,7479,48465,144,0.862275,27656.3,11888.5,4894,54288
7,6,1.02383e+06,599010,108,63,50.9029,142.396,98.4443,24.5446,608.343,0.249325,-0.373573,1.86381,0.51962,109.25,108.947,40.7042,54.5161,57.036,62.6222,69.0656,73.3323,77.5908,103.971,108.947,110.811,113.686,114.036,114.387,128.766,133.571,137.845,21.7073,19.7496,19.7551,98.4443,13.7589,-1.70274,0.4747,0.139763,-0.123756,0.0345013,101.458,104.049,46.7399,95.3704,1.08,63,32,12,1,0,0,0,0,0,95.3704,163.492,61.1111,45.3704,104.762,77.7778,3940,56230,28754.2,13393.3,1.81139e+08,0.465785,-0.0952503,2.1457,0.47455,3940.25,30614,21933.5,4449.62,6436.6,8682.4,15819.8,16695.5,20433,26536.2,30614,33820.6,36758,38629,39586.4,46861,49405.5,55978.7,11209,11094.1,24814,28754.2,7742.8,-262.08,477.986,0.269275,-0.0338482,0.061733,31720.4,33917.7,5,0.0462963,-0.0920173,0.158652,-0.279305,0.120811,0,0,0,0,0,0,0,0,0,0,0,0,0,0,0,0,0,0,0,0,0,0,0,0,0,0,0,0,0,0,37,0.342593,68.2301,8.96029,50.9029,93.9672,66,0.611111,115.383,9.82219,102.93,142.396,5,0.0462963,16491.4,8648.36,8034,33088,0,0,0,0,0,0,0,0,0,0,0,0,0,0,0,0,0,0,0,0,0,0,0,0,0,0,0,0,0,0,37,0.342593,19923.4,10698.1,3940,49392,66,0.611111,33704.9,12147.2,5215,56230
8,6,1.02384e+06,599010,185,85,39.1648,151.987,120.043,23.4523,553.066,0.195365,-0.97769,3.41788,0.716866,144.25,126.577,34.8318,55.9562,71.6878,90.353,101.182,104.34,111.302,117.958,126.577,133.483,137.683,139.172,140.46,144.405,145.702,151.078,18.9843,18.5741,24.7151,120.043,12.8876,-2.90842,1.09354,0.107358,-0.225676,0.0848523,122.313,124.189,79.923,97.8378,1.85,85,73,25,2,0,0,0,0,0,97.8378,212.941,53.5135,11.3514,116.471,24.7059,3673,53417,27701.4,12829.9,1.65521e+08,0.463151,0.0919857,1.90349,0.483041,3673.25,27260,22243,5597,8841,10917,14485,16731,18681,22845,27260,31221,36783,38974,40669,45243,48394,51408.6,10992.4,10980.5,24028.1,27701.4,7437,190.205,131.274,0.26847,0.0255756,0.0176515,30528.2,32751.4,3,0.0162162,-0.134026,0.232741,-0.304434,0.195049,1,0.00540541,1.80455,0,1.80455,1.80455,0,0,0,0,0,0,0,0,0,0,0,0,0,0,0,0,0,0,1,0.00540541,39.1648,0,39.1648,39.1648,30,0.162162,80.8987,12.9999,55.7344,98.3588,150,0.810811,128.412,14.4839,100.09,151.987,3,0.0162162,31302.7,14579.4,13755,49452,1,0.00540541,9106,0,9106,9106,0,0,0,0,0,0,0,0,0,0,0,0,0,0,0,0,0,0,1,0.00540541,14991,0,14991,14991,30,0.162162,25052.5,12152.3,4913,45091,150,0.810811,28315.9,12893.1,3673,53417
9,6,1.02385e+06,599010,175,103,31.9416,150.062,119.27,18.8987,359.313,0.158453,-1.18316,5.60229,0.739313,112.75,119.575,23.8719,63.5246,91.5118,95.4164,109.65,111.694,112.46,113.304,119.575,121.658,134.247,135.566,136.733,139.037,140.604,149.471,14.3397,14.3363,15.3755,119.27,10.1359,-1.57459,1.29186,0.0849832,-0.155347,0.127453,120.758,122.014,85.7848,95.4286,1.75,103,54,15,2,1,0,0,0,0,95.4286,162.136,49.1429,65.7143,83.4951,111.65,5084,55146,28620.9,13072.6,1.71923e+08,0.45675,0.0628795,2.08999,0.470155,5084.25,28782,18498.5,5892.5,7290.5,10310.2,17235.8,19097,20105.2,23928.4,28782,32925.4,35873.2,37595.5,40510.8,46871,50340,53919.6,11012.1,11011.1,23536.7,28620.9,7560,109.186,399.945,0.264143,0.0144426,0.0529028,31465.1,33695.9,6,0.0342857,0.00881193,0.176989,-0.235573,0.29091,2,0.0114286,0.821059,0.0826982,0.73836,0.903757,0,0,0,0,0,0,0,0,0,0,0,0,0,0,0,0,0,0,1,0.00571429,31.9416,0,31.9416,31.9416,23,0.131429,88.2063,12.4397,60.8732,98.9342,143,0.817143,124.877,12.3388,100.065,150.062,6,0.0342857,16786.7,6771.83,8292,26065,2,0.0114286,6816,2494,4322,9310,0,0,0,0,0,0,0,0,0,0,0,0,0,0,0,0,0,0,1,0.00571429,5084,0,5084,5084,23,0.131429,21695.2,11089,6373,46390,143,0.817143,29899.4,12906.3,5480,55146
10,6,1.02386e+06,599010,151,74,26.8377,135.921,110.552,20.0798,406.163,0.181632,-1.60247,6.18679,0.767432,121.75,114.782,18.6518,38.1834,72.3895,78.5307,99.2475,104.493,106.793,112.618,114.782,120.311,122.325,123.145,126.071,130.152,132.882,135.12,14.9459,14.1814,15.064,110.552,10.4187,-2.96475,1.90589,0.0942429,-0.284559,0.18293,112.361,113.752,82.2893,90.7285,1.51,74,59,15,3,0,0,0,0,0,90.7285,185.135,56.9536,32.4503,116.216,66.2162,3315,54403,27495.3,13680,1.88517e+08,0.497538,0.0678225,1.94446,0.473307,3315.25,27567,22906,4691.36,5973.2,9677.4,14074.8,16518,18223.6,22067,27567,31361,35421,39424,41696.6,44659.2,49606.8,54006.7,11676.7,11676.2,24180.1,27495.3,7938.16,130.108,195.226,0.288709,0.0163902,0.0245933,30710.5,33140,10,0.0662252,-0.00367177,0.128723,-0.207417,0.172437,4,0.0264901,0.758442,0.117783,0.630252,0.946117,0,0,0,0,0,0,0,0,0,0,0,0,0,0,0,0,0,0,2,0.013245,27.0387,0.200997,26.8377,27.2397,28,0.18543,83.4766,12.136,57.6389,99.6022,107,0.708609,119.198,8.98633,100.16,135.921,10,0.0662252,26641.6,13486.9,5073,43017,4,0.0264901,18180.2,12780.3,4582,36809,0,0,0,0,0,0,0,0,0,0,0,0,0,0,0,0,0,0,2,0.013245,7736.5,2270.5,5466,10007,28,0.18543,21607.5,11608.3,5199,44161,107,0.708609,29405.4,13573.3,3315,54403
11,6,1.02387e+06,599010,159,90,73.3887,149.447,128.216,16.4276,271.608,0.128124,-1.23411,4.16324,0.720863,133.25,133.319,22.226,75.796,93.6313,104.653,116.709,118.81,121.836,130.103,133.319,135.911,139.251,141.036,141.638,144.07,146.143,148.35,13.0319,12.2557,12.2557,128.216,8.80391,-2.37306,1.15556,0.0686646,-0.269546,0.131255,129.264,130.18,53.8894,98.1132,1.59,90,48,19,2,0,0,0,0,0,98.1132,173.333,61.6352,49.0566,108.889,86.6667,1873,52999,28629.2,14321.8,2.06438e+08,0.500251,-0.0972828,1.69071,0.523339,1873.25,29873,25705.5,4900.5,7132.25,8117.5,13646,15273.2,18308,23181,29873,35534,39453,40978.8,42910,47440,49153.2,52035.4,12694.8,12663.5,26756,28629.2,8296.2,-245.086,-207.765,0.289781,-0.029542,-0.0250434,32011.7,34425,2,0.0125786,-0.0135514,0.132411,-0.145963,0.11886,1,0.00628931,1.43669,0,1.43669,1.43669,0,0,0,0,0,0,0,0,0,0,0,0,0,0,0,0,0,0,0,0,0,0,0,0,13,0.081761,88.6577,8.41828,73.3887,97.6518,143,0.899371,131.812,11.5223,103.05,149.447,2,0.0125786,22123.5,16066.5,6057,38190,1,0.00628931,26412,0,26412,26412,0,0,0,0,0,0,0,0,0,0,0,0,0,0,0,0,0,0,0,0,0,0,0,0,13,0.081761,12804.2,7923.35,5580,36782,143,0.899371,30067.9,13900.3,1873,52999
12,6,1.02388e+06,599010,213,118,14.5418,155.846,133.952,15.5004,241.427,0.115716,-2.56586,18.5162,0.845057,147.25,136.154,18.565,95.8483,108.271,115.081,122.852,126.839,128.623,132.279,136.154,140.727,144.302,145.404,146.794,148.558,151.293,155.478,11.2479,11.152,14.3063,133.952,7.85515,-1.59528,1.08883,0.0586417,-0.203087,0.138614,134.845,135.549,117.45,97.1831,2.13,118,79,15,1,0,0,0,0,0,97.1831,175.424,52.5822,15.9624,94.9153,28.8136,5105,52418,29196.7,11813.2,1.40228e+08,0.404606,-0.134982,2.10672,0.509198,5105.25,28953,17866,6725.72,9441.5,11526.2,17819.8,20406.5,21963.8,26772,28953,33891,37018.8,38272.5,40010.6,44542.6,46781,52064.5,9904.42,9903.25,24091.4,29196.7,6817.23,-256.459,356.542,0.233493,-0.0376192,0.0523002,31496,33289,5,0.0234742,0.0590295,0.159994,-0.192203,0.290786,1,0.00469484,1.05206,0,1.05206,1.05206,0,0,0,0,0,0,0,0,0,0,0,0,1,0.00469484,14.5418,0,14.5418,14.5418,0,0,0,0,0,0,3,0.0140845,95.7561,2.1579,93.1504,98.4346,203,0.953052,135.104,12.3206,102.192,155.846,5,0.0234742,19231.6,7327.57,11669,30425,1,0.00469484,19203,0,19203,19203,0,0,0,0,0,0,0,0,0,0,0,0,1,0.00469484,18527,0,18527,18527,0,0,0,0,0,0,3,0.0140845,15928,7297.95,9028,26025,203,0.953052,29445.3,11759.6,5105,52418
13,6,1.02389e+06,599010,228,139,46.7146,150.828,111.804,19.4838,381.307,0.174267,0.0649926,2.42774,0.625184,131.75,107.217,32.973,73.3237,86.3728,88.7599,94.843,96.7538,97.9664,103.828,107.217,116.987,128.16,129.727,131.521,137.195,146.871,149.485,16.7931,16.352,22.8142,111.804,11.078,0.526094,0.461258,0.0990836,0.04749,0.0416373,113.489,115.114,64.1824,99.1228,2.28,139,64,19,5,1,0,0,0,0,99.1228,162.59,42.5439,18.4211,69.7842,30.2158,3542,55114,29402.3,13476.3,1.82417e+08,0.458342,-0.0957791,1.89659,0.50144,3542.25,30936,23377,5419.5,7550.75,10201,15495,17320.2,20965.5,25444,30936,34468,38782,40697.2,41949,47465.5,50186.2,52658,11607.8,11570.3,25860,29402.3,7798.13,-222.283,144.988,0.265222,-0.0285046,0.0185927,32343.5,34538.9,1,0.00438596,-0.0561943,0,-0.0561943,-0.0561943,1,0.00438596,1.10713,0,1.10713,1.10713,0,0,0,0,0,0,0,0,0,0,0,0,0,0,0,0,0,0,1,0.00438596,46.7146,0,46.7146,46.7146,75,0.328947,91.7979,6.81958,71.9585,99.834,150,0.657895,122.242,14.5395,100.503,150.828,1,0.00438596,6993,0,6993,6993,1,0.00438596,9507,0,9507,9507,0,0,0,0,0,0,0,0,0,0,0,0,0,0,0,0,0,0,1,0.00438596,10089,0,10089,10089,75,0.328947,25348.4,12688.5,4559,51373,150,0.657895,31557.9,13333.3,3542,55114
14,6,1.0239e+06,599010,183,101,64.7505,129.696,90.1394,10.3832,108.404,0.115191,0.704614,6.89851,0.390929,92.25,91.5212,11.8231,66.0919,70.5414,78.197,82.9501,84.1534,87.2558,90.0646,91.5212,92.1351,93.8116,95.9765,96.3473,98.5585,99.0786,128.666,7.0912,6.9405,7.00778,90.1394,5.28502,-0.239636,1.35784,0.0586316,-0.0453424,0.256922,90.7355,91.3515,24.7352,100,1.83,101,71,10,1,0,0,0,0,0,100,181.188,59.5628,38.2514,107.921,69.3069,3638,57303,29686.8,12922.7,1.67914e+08,0.435301,-0.0928853,2.14334,0.485397,3638.25,30534,19161,4428.22,8699,10656.4,17636.2,20061.5,22298,27176,30534,34571.4,37353.4,39222.5,41376,46334.4,50685.2,53853.7,10796,10781.7,26048.6,29686.8,7455.98,-209.515,443.331,0.251154,-0.0281003,0.0594597,32377.5,34436,0,0,0,0,0,0,0,0,0,0,0,0,0,0,0,0,0,0,0,0,0,0,0,0,0,0,0,0,0,0,0,0,0,0,0,0,175,0.956284,88.8282,8.11487,64.7505,99.14,8,0.0437158,118.822,12.8609,100.49,129.696,0,0,0,0,0,0,0,0,0,0,0,0,0,0,0,0,0,0,0,0,0,0,0,0,0,0,0,0,0,0,0,0,0,0,0,0,175,0.956284,29630.1,12923.8,3638,57303,8,0.0437158,30928.4,12835.7,9987,48099
15,6,1.02391e+06,599010,185,116,44.7742,98.4527,75.8611,12.2132,149.973,0.160994,-0.190205,2.14538,0.579132,74.25,76.2901,21.932,48.8867,58.5335,59.7697,63.0717,64.8707,68.792,73.6447,76.2901,79.1577,85.7528,86.8027,87.7658,91.7484,93.0963,97.2714,10.2556,10.2469,10.4103,75.8611,7.03372,-0.284643,0.241631,0.0927184,-0.0404683,0.0343532,76.838,77.7594,30.6282,100,1.85,116,55,13,1,0,0,0,0,0,100,159.483,51.3514,58.3784,81.8966,93.1034,4801,55391,22791,11881.2,1.41931e+08,0.521312,0.551652,2.37446,0.355605,4801.25,20027,20300,5865.92,7411.8,9220.6,11444.8,12557,14041.2,16941.2,20027,24452.6,30053.2,32857,34237.2,38651.2,44397.2,50785.9,10101.2,9954.3,17989.8,22791,6752.65,958.054,249.836,0.296285,0.141878,0.0369982,25702.1,28195.7,0,0,0,0,0,0,0,0,0,0,0,0,0,0,0,0,0,0,0,0,0,0,0,0,0,0,0,0,0,0,3,0.0162162,47.3375,1.84076,44.7742,49.0126,182,0.983784,76.3313,11.7445,50.0566,98.4527,0,0,0,0,0,0,0,0,0,0,0,0,0,0,0,0,0,0,0,0,0,0,0,0,0,0,0,0,0,0,0,0,0,0,0,0,3,0.0162162,15643.3,6389.41,10611,24659,182,0.983784,22908.9,11914.8,4801,55391,0,0,0,0,0,0
16,6,1.02392e+06,599010,242,139,5.1903,77.4619,51.0786,17.8037,318.517,0.348554,-0.710342,2.63094,0.634942,44.75,56.6066,25.0549,6.78311,18.181,25.8624,33.4425,40.673,44.3995,45.5888,56.6066,59.5678,64.1879,65.7279,67.1511,70.8774,73.0247,76.7664,15.0088,14.553,16.1094,51.0786,9.97886,-1.78832,0.652107,0.195363,-0.179211,0.0653488,54.0925,56.2341,45.1292,85.124,2.42,139,78,23,2,0,0,0,0,0,85.124,148.201,47.9339,54.9587,83.4532,95.6835,5080,55858,26221,12284.1,1.51635e+08,0.468484,0.299511,2.1892,0.416342,5080.25,25334,19735.5,6310.2,8489,10486.5,14192,16086,18654.5,21644,25334,28507,33568.5,35821.5,38925,42478.5,49137.5,53145.1,10270.7,10237.3,21140.8,26221,7064.74,512.417,351.891,0.26943,0.0725316,0.0498096,28955.8,31228.1,32,0.132231,0.00400242,0.200263,-0.316805,0.472005,4,0.0165289,0.678434,0.0839243,0.591814,0.813718,0,0,0,0,0,0,7,0.0289256,7.83199,1.87527,5.1903,9.9542,8,0.0330579,16.3776,3.61376,10.0453,19.1489,73,0.301653,37.8665,7.95025,23.7295,48.7478,118,0.487603,64.1703,6.41808,50.504,77.4619,0,0,0,0,0,0,32,0.132231,36807.8,14103.2,8525,58779,4,0.0165289,44893.8,10479.5,32173,60050,0,0,0,0,0,0,7,0.0289256,16925.9,11159.7,8484,40791,8,0.0330579,18126,8025.31,6333,30678,73,0.301653,26512.6,11801.9,5080,55858,118,0.487603,27140.8,12451.7,5297,53575,0,0,0,0,0,0
17,6,1.02393e+06,599010,219,145,2.8647,76.4903,54.7665,17.4604,307.059,0.318815,-0.926757,3.26465,0.704942,45.25,59.6087,23.4868,2.97389,24.024,29.28,40.1986,45.1225,45.9225,53.5572,59.6087,62.7281,67.616,68.6093,70.5051,73.6115,75.1254,76.0201,14.3669,13.8957,17.1629,54.7665,9.65577,-2.09537,0.736522,0.176308,-0.217007,0.0762779,57.4824,59.3845,51.0452,63.9269,2.19,145,53,17,4,0,0,0,0,0,63.9269,96.5517,36.9863,47.032,55.8621,71.0345,3692,50338,19141.3,10346.3,1.07816e+08,0.540522,0.868055,3.33957,0.331204,22203.2,17571.5,13962.8,4196.77,6261.25,7776.2,9943.8,11152,12098.2,14203.4,17571.5,20224.2,23100,25114.8,27272.8,32748.9,39225.4,48936.1,8298.15,8211.44,9005.62,19141.3,5756.05,1054.29,602.283,0.300713,0.183162,0.104635,21758.6,24171,71,0.324201,-0.0323403,0.178669,-0.387026,0.384405,8,0.0365297,0.850173,0.212843,0.538862,1.24439,3,0.0136986,2.94712,0.0791968,2.8647,3.05401,1,0.00456621,9.36817,0,9.36817,9.36817,2,0.00913242,18.7156,0.0222635,18.6934,18.7379,43,0.196347,38.1285,7.96461,23.8397,48.3959,91,0.415525,65.6279,7.10882,51.9435,76.4903,0,0,0,0,0,0,71,0.324201,41762.4,13466.5,8040,61756,8,0.0365297,43118.6,12248.9,25812,57787,3,0.0136986,13747.7,1285.6,12011,15082,1,0.00456621,30581,0,30581,30581,2,0.00913242,20460,8006,12454,28466,43,0.196347,25264.1,12033.5,4646,50338,91,0.415525,16271.3,8149.37,3692,39139,0,0,0,0,0,0
18,6,1.02394e+06,599010,113,55,3.17341,69.2381,46.6075,16.927,294.952,0.363182,-1.62534,4.82742,0.657448,54.25,52.3884,14.6254,3.42443,4.14879,18.2547,39.6906,40.8464,46.408,51.3899,52.3884,54.2487,54.5859,55.4719,55.5313,58.7233,65.3806,68.2124,12.126,10.5672,10.7466,46.6075,8.38264,-3.0541,2.43508,0.179856,-0.364337,0.290491,49.5861,51.0988,42.5598,30.9735,1.13,55,42,15,1,0,0,0,0,0,30.9735,63.6364,21.2389,12.3894,43.6364,25.4545,5946,23001,11747.9,3941.72,1.59942e+07,0.335525,1.19821,3.90184,0.340188,5946.25,11088,4082.5,6366.24,7726.6,8020.6,8566.8,8919,9479.4,9945.8,11088,11636.6,12439.6,13001.5,13846.6,17227,20068.7,22413.1,2983.84,2898.09,5801.68,11747.9,2147.43,594.338,399.459,0.182792,0.276767,0.186017,12391.6,13088.8,65,0.575221,0.021702,0.219179,-0.412232,0.477664,13,0.115044,0.907761,0.365772,0.506034,1.88615,4,0.0353982,3.97168,0.513413,3.17341,4.55121,0,0,0,0,0,0,0,0,0,0,0,0,9,0.079646,42.471,3.98182,38.8099,49.5739,22,0.19469,56.0517,4.75354,50.9181,69.2381,0,0,0,0,0,0,65,0.575221,31518.6,12188.6,5110,51582,13,0.115044,28586.2,12491.2,6966,46614,4,0.0353982,12519,4319.95,8554,19553,0,0,0,0,0,0,0,0,0,0,0,0,9,0.079646,11110.1,2982.73,7182,17229,22,0.19469,11868.6,4170.91,5946,23001,0,0,0,0,0,0
19,6,1.02395e+06,599010,77,55,2.07038,12.6466,7.93235,3.87592,15.8573,0.488621,-0.241233,1.49563,0.554257,2.25,7.68782,7.23516,2.0936,2.1865,2.52917,3.49342,4.26361,5.04274,6.99305,7.68782,10.5052,11.362,11.4988,11.8451,12.4132,12.5926,12.6358,3.49594,3.48307,5.70659,7.93235,2.31173,-0.233171,-0.27359,0.291431,-0.100864,-0.118348,8.82864,9.44501,5.73882,24.6753,0.77,55,19,2,1,0,0,0,0,0,24.6753,34.5455,11.6883,22.0779,16.3636,30.9091,5234,51929,19627.5,15324.1,2.47874e+08,0.780745,1.14091,2.74108,0.308246,5234.25,12948,10407.5,5256.68,5347.4,5808.8,8495.8,9266,9629,11263.2,12948,17250.4,19466,19673.5,29761.4,47239.2,48371.3,51217.5,11925.4,10912.9,14393.3,19627.5,8245.41,3019.45,945.997,0.420094,0.366198,0.11473,24901.2,29431.6,20,0.25974,0.273689,0.107005,0.0787314,0.456699,38,0.493506,1.09611,0.428751,0.544482,1.90228,6,0.0779221,3.01732,0.917771,2.07038,4.50174,5,0.0649351,7.56138,1.30168,5.85424,9.79879,8,0.103896,11.8505,0.657575,10.6818,12.6466,0,0,0,0,0,0,0,0,0,0,0,0,0,0,0,0,0,0,20,0.25974,42492.1,9905.25,22296,61758,38,0.493506,42217.8,11321.5,13394,57902,6,0.0779221,36040.3,17387,5234,51929,5,0.0649351,11332,5633.92,5360,19869,8,0.103896,12502.6,3916.45,7660,19478,0,0,0,0,0,0,0,0,0,0,0,0,0,0,0,0,0,0
0,7,1.02376e+06,599000,159,87,24.0548,141.88,110.963,22.3677,503.481,0.201578,-1.62577,5.67617,0.737601,99.25,116.628,18.7663,39.9024,58.0997,89.8527,99.2297,105.82,108.324,110.609,116.628,120.133,123.534,124.586,127.161,132.991,136.079,140.008,15.8497,15.2703,21.1708,110.963,11.3898,-3.23055,2.57791,0.102645,-0.283635,0.226334,113.195,114.842,86.1017,100,1.59,87,58,13,1,0,0,0,0,0,100,182.759,59.7484,79.2453,109.195,144.828,5398,53695,27968.6,12560,1.58752e+08,0.449075,-0.0455483,1.94677,0.467329,5398.25,29717,20902.5,5905.62,8390.1,9949.6,15375.6,16916.5,20123.8,23840.8,29717,32663.6,35620.2,37819,40279.4,43999.6,46667.7,52007.8,10836.7,10777.3,22570.3,27968.6,7274.58,-122.561,183.333,0.260098,-0.0168478,0.0252018,30659.3,32718.3,0,0,0,0,0,0,0,0,0,0,0,0,0,0,0,0,0,0,0,0,0,0,0,0,0,0,0,0,0,0,5,0.0314465,38.6961,7.64308,24.0548,44.8777,32,0.201258,85.2765,17.1811,54.7823,99.9903,122,0.767296,120.662,9.54244,102.051,141.88,0,0,0,0,0,0,0,0,0,0,0,0,0,0,0,0,0,0,0,0,0,0,0,0,0,0,0,0,0,0,5,0.0314465,20309.8,9705.77,9257,34772,32,0.201258,20750.7,10022.7,5477,40930,122,0.767296,30175.7,12427.7,5398,53695
1,7,1.02377e+06,599000,226,115,14.2709,135.532,98.1824,27.7409,773.023,0.282544,-1.50635,4.84151,0.691992,103.25,103.887,22.5366,15.3711,24.969,54.6666,87.3104,93.1537,95.4498,99.3187,103.887,110.586,113.688,115.69,119.186,122.916,129.069,134.642,19.9756,19.052,19.0791,98.1824,14.2134,-4.30199,3.03919,0.144765,-0.302671,0.213825,102.026,104.494,82.2591,98.6726,2.26,115,77,31,3,0,0,0,0,0,98.6726,193.913,62.8319,53.5398,123.478,105.217,4232,52636,28037.7,12591.7,1.59266e+08,0.4491,0.0161628,1.91972,0.491814,4232.25,28280,20563.5,5497.24,8791.6,10556.4,15434,17678.5,19715.4,23628,28280,32772,35697,38242,41141.2,45109.4,47741.8,51849.9,10801.1,10798.2,23805.5,28037.7,7293.19,27.3083,158.063,0.26012,0.00374436,0.0216727,30735.4,32837.7,3,0.0132743,-0.0072386,0.115834,-0.146086,0.137466,0,0,0,0,0,0,0,0,0,0,0,0,0,0,0,0,0,0,8,0.0353982,15.6224,0.861981,14.2709,16.7452,9,0.039823,31.5638,7.9948,23.474,43.5367,74,0.327434,85.1965,14.9229,51.0363,99.396,132,0.584071,115.008,8.80337,100.241,135.532,3,0.0132743,33145.7,11206.7,19927,47327,0,0,0,0,0,0,0,0,0,0,0,0,0,0,0,0,0,0,8,0.0353982,25802,12255.8,11330,52300,9,0.039823,27208.4,14934.2,10401,49907,74,0.327434,26073.4,12719.8,4232,52636,132,0.584071,29331,12192.6,5345,52362
2,7,1.02378e+06,599000,72,47,76.9023,103.874,92.008,7.79801,61.7898,0.0847536,-0.150827,1.63537,0.560063,98.25,94.0043,12.8314,79.0666,81.1432,81.7556,82.0956,85.2737,86.8238,87.5979,94.0043,96.9023,97.9093,98.1051,98.4115,102.768,103.544,103.748,7.14662,6.97508,7.60503,92.008,4.48114,-0.233409,-0.180704,0.0487038,-0.052087,-0.0403256,92.3379,92.6615,14.8546,87.5,0.72,47,17,7,1,0,0,0,0,0,87.5,134.043,48.6111,20.8333,74.4681,31.9149,6068,50684,29583.2,12942.1,1.70199e+08,0.437481,-0.19669,1.79061,0.527058,6068.25,30129,20080.5,7205.08,9022.1,10859,16058,20018.5,21679.2,25429,30129,36695.8,39246,40099,41660.4,45670.2,47489.8,50407.5,11330.1,11317.5,23515,29583.2,7549.79,-456.188,-52.1258,0.255205,-0.0604239,-0.00690427,32290.3,34293.1,7,0.0972222,0.198843,0.17978,-0.14324,0.381968,2,0.0277778,0.714768,0.197791,0.516977,0.912559,0,0,0,0,0,0,0,0,0,0,0,0,0,0,0,0,0,0,0,0,0,0,0,0,55,0.763889,90.3564,6.93859,76.9023,99.1847,8,0.111111,103.363,0.434539,102.488,103.874,7,0.0972222,30102.4,14519.1,10870,48691,2,0.0277778,27439.5,8989.5,18450,36429,0,0,0,0,0,0,0,0,0,0,0,0,0,0,0,0,0,0,0,0,0,0,0,0,55,0.763889,29922.8,12778.5,6068,50238,8,0.111111,27248.6,13790.8,9428,50684
3,7,1.02379e+06,599000,97,69,48.6854,90.3796,76.705,10.5492,113.759,0.13753,-0.5771,2.70005,0.672026,71.75,76.6003,14.7672,50.7301,58.3618,62.7597,69.1238,71.5901,71.7865,72.3683,76.6003,79.1841,86.0094,86.3573,86.9523,89.3127,90.0575,90.3736,8.7346,8.73188,9.43276,76.705,6.01783,-0.789775,0.326865,0.0784542,-0.131239,0.0543161,77.427,78.0922,27.4477,47.4227,0.97,69,20,7,1,0,0,0,0,0,47.4227,66.6667,22.6804,32.9897,31.8841,46.3768,2612,42514,23657.7,11735.4,1.40781e+08,0.496051,-0.0874595,1.6513,0.527435,2612.25,24114,20886,3930.05,5788.75,8520.5,11382,12638.8,15337,18270,24114,30196,32780,33524.8,35325,38062,40411.2,41729.6,10479.6,10475.8,21045.5,23657.7,6894.12,-203.321,-257.417,0.291411,-0.029492,-0.0373387,26408.5,28386.6,47,0.484536,0.0536982,0.167841,-0.286642,0.442904,4,0.0412371,0.681154,0.250561,0.526781,1.11473,0,0,0,0,0,0,0,0,0,0,0,0,0,0,0,0,0,0,1,0.0103093,48.6854,0,48.6854,48.6854,45,0.463918,77.3276,9.79411,53.2292,90.3796,0,0,0,0,0,0,47,0.484536,43228.4,14142,7818,57636,4,0.0412371,50639.5,5768.63,44139,58213,0,0,0,0,0,0,0,0,0,0,0,0,0,0,0,0,0,0,1,0.0103093,38162,0,38162,38162,45,0.463918,23335.4,11662,2612,42514,0,0,0,0,0,0
4,7,1.0238e+06,599000,214,113,20.6298,129.658,98.9611,29.7611,890.993,0.300735,-1.69363,4.73651,0.718447,106.75,107.287,16.9199,22.9261,24.0326,25.8984,92.4089,97.5033,100.221,106.31,107.287,111.356,112.546,114.423,118.112,125.344,126.843,129.468,20.8225,18.2134,18.2475,98.9611,14.3054,-5.39303,3.59511,0.144556,-0.376993,0.251311,103.339,105.895,75.8016,78.972,2.14,113,80,20,1,0,0,0,0,0,78.972,149.558,57.4766,45.3271,108.85,85.8407,4029,52625,28996.9,14157.2,2.01621e+08,0.488233,-0.0896636,1.76434,0.513785,4029.25,29672,24864,5062.12,7124.2,8674.6,14070.2,16784,19418.8,24504.4,29672,34588.6,39292.2,41648,43912.6,47610.2,50221.2,52122.9,12315.2,12294.9,24967.6,28996.9,8212.76,-220.055,-76.7384,0.283229,-0.0267942,-0.0093438,32268.4,34639,42,0.196262,-0.00175341,0.150288,-0.271573,0.399611,3,0.0140187,0.663495,0.165498,0.50728,0.89254,0,0,0,0,0,0,0,0,0,0,0,0,0,0,0,0,0,0,21,0.0981308,26.589,6.91184,20.6298,49.1395,28,0.130841,90.4609,9.93653,54.6337,99.7425,120,0.560748,113.61,8.24336,100.165,129.658,42,0.196262,36048.4,14812.2,6462,59202,3,0.0140187,32874.3,12111.1,16024,43958,0,0,0,0,0,0,0,0,0,0,0,0,0,0,0,0,0,0,21,0.0981308,19392,7859.19,5945,34809,28,0.130841,21764.7,13785,4835,51318,120,0.560748,32365.2,13690.3,4029,52625
5,7,1.02381e+06,599000,178,98,19.4738,151.439,124.334,30.0923,911.138,0.242028,-2.26167,7.2103,0.794602,144.75,133.625,15.9509,26.5788,36.9378,102.803,117.955,124.522,126.938,129.805,133.625,136.841,139.554,140.472,142.278,145.592,147.547,150.085,19.5404,17.0836,21.1038,124.334,13.3714,-6.22488,4.20224,0.107544,-0.465536,0.31427,127.924,130.024,104.161,91.573,1.78,98,60,14,6,0,0,0,0,0,91.573,166.327,68.5393,12.9213,124.49,23.4694,1467,51899,28526.6,13300.3,1.77989e+08,0.466241,-0.194574,1.71294,0.536557,1467.25,31392,23101.5,5734.2,7386.4,9865.4,14216.6,16481.5,17498.4,24498.2,31392,35468.6,38269,39583,41467.6,45067.8,46442.8,50450.4,11836.8,11742.2,27059.4,28526.6,7670.77,-470.416,-173.327,0.268898,-0.0613258,-0.0225958,31474.8,33588.8,13,0.0730337,-0.0330188,0.153702,-0.255754,0.199309,2,0.011236,0.73126,0.0552944,0.675966,0.786555,0,0,0,0,0,0,0,0,0,0,0,0,1,0.00561798,19.4738,0,19.4738,19.4738,12,0.0674157,36.1954,9.26873,25.9948,49.878,3,0.0168539,61.9081,15.6375,50.6297,84.0215,147,0.825843,133.516,10.9228,102.493,151.439,13,0.0730337,25396.2,13813,8559,52421,2,0.011236,12719.5,2171.5,10548,14891,0,0,0,0,0,0,0,0,0,0,0,0,1,0.00561798,17119,0,17119,17119,12,0.0674157,19926.3,12691.9,6991,43508,3,0.0168539,15136,2384.9,11766,16939,147,0.825843,29579.6,13084.1,1467,51899
6,7,1.02382e+06,599000,197,118,35.0762,153.318,131.677,17.0652,292.746,0.129599,-1.72247,8.16492,0.81698,142.75,136.168,18.8452,87.1553,105.62,106.552,115.346,125.033,126.677,134.16,136.168,139.832,142.686,143.878,144.49,147.997,149.972,152.828,13.1537,12.3637,13.5075,131.677,8.86533,-2.36834,1.08553,0.0673263,-0.267147,0.122447,132.778,133.693,95.1693,97.4619,1.97,118,63,14,2,0,0,0,0,0,97.4619,162.712,61.9289,28.4264,103.39,47.4576,3397,50898,29054.7,11861.5,1.41431e+08,0.408247,-0.152241,1.98968,0.54015,3397.25,29065,19198.5,6675.58,9348.65,12285,16624.4,19692.2,21501.3,26101.2,29065,33559,37496.4,38890.8,40509,43710.3,46592.1,50607,10086.9,10086.9,25657.4,29054.7,6859.93,-290.117,210.432,0.236104,-0.0422915,0.0306755,31382.6,33182.6,3,0.0152284,0.0767475,0.0919982,-0.0453802,0.176659,2,0.0101523,0.619835,0.0582285,0.561607,0.678063,0,0,0,0,0,0,0,0,0,0,0,0,0,0,0,0,0,0,1,0.00507614,35.0762,0,35.0762,35.0762,5,0.0253807,88.4262,13.5089,62.0629,98.0719,186,0.944162,133.359,13.8717,105.024,153.318,3,0.0152284,32611.3,2107.5,31062,35591,2,0.0101523,12496,4076,8420,16572,0,0,0,0,0,0,0,0,0,0,0,0,0,0,0,0,0,0,1,0.00507614,11346,0,11346,11346,5,0.0253807,12681.4,4999.11,7395,19881,186,0.944162,29590,11635.4,3397,50898
7,7,1.02383e+06,599000,175,82,45.0651,142.44,116.186,21.8633,480.752,0.188176,-1.79151,6.05312,0.730376,126.75,122.505,19.0105,45.2427,57.4978,96.6565,106.025,108.795,109.773,120.74,122.505,126.093,127.094,127.805,129.018,136.213,141.396,142.013,15.6791,14.1953,14.7034,116.186,10.7901,-3.53626,2.70747,0.0928695,-0.327732,0.250921,118.225,119.728,70.1536,100,1.75,82,65,25,3,0,0,0,0,0,100,213.415,65.7143,34.2857,140.244,73.1707,2005,54238,27269,13007.5,1.70168e+08,0.477007,0.0564744,2.0585,0.48368,2005.25,27525,20480.5,4975.88,7240.6,9220.6,14917.4,16727.5,17800.2,24043.2,27525,31640.8,36217.6,37208,39403.2,43423.2,49998.9,53562.3,11071.1,11069.7,25263.8,27269,7518.98,56.9706,286.535,0.275733,0.0075769,0.0381081,30212.5,32473.1,0,0,0,0,0,0,0,0,0,0,0,0,0,0,0,0,0,0,0,0,0,0,0,0,0,0,0,0,0,0,5,0.0285714,45.6818,0.950137,45.0651,47.5703,18,0.102857,76.6509,18.886,50.2923,98.2943,152,0.868571,123.187,10.5094,102.277,142.44,0,0,0,0,0,0,0,0,0,0,0,0,0,0,0,0,0,0,0,0,0,0,0,0,0,0,0,0,0,0,5,0.0285714,17225.8,11670.5,2005,29936,18,0.102857,19803.4,10968.1,6052,37816,152,0.868571,28483.5,12832.7,4967,54238
8,7,1.02384e+06,599000,172,103,5.56529,161.71,140.785,19.5026,382.644,0.138528,-3.63575,20.9049,0.865986,143.75,144.704,11.6575,55.8989,110.099,125.68,136.599,138.94,140.531,143.268,144.704,146.41,148.827,150.597,152.471,155.964,157.696,159.398,11.3592,10.4546,10.5132,140.785,8.25539,-3.20602,2.84815,0.0586385,-0.388354,0.345005,142.129,142.998,133.323,97.093,1.72,103,59,8,2,0,0,0,0,0,97.093,162.136,67.4419,56.3953,112.621,94.1748,5157,52598,30050.4,12407.4,1.5487e+08,0.412886,-0.29566,2.09696,0.524723,5157.25,32106,18593,6604.96,9145.4,10533.8,16154.4,20776.5,24340,28604.2,32106,34794,37572,39369.5,40941.8,45440.4,48814.7,51489.4,10383.1,10192.9,24893.1,30050.4,7116.32,-586.084,388.398,0.236813,-0.0823577,0.0545785,32511,34327.2,0,0,0,0,0,0,5,0.0290698,1.51474,0.463015,0.815434,1.96408,0,0,0,0,0,0,1,0.00581395,5.56529,0,5.56529,5.56529,0,0,0,0,0,0,1,0.00581395,41.7039,0,41.7039,41.7039,3,0.0174419,74.7655,8.24443,63.2115,81.8972,162,0.94186,143.453,11.3812,100.271,161.71,0,0,0,0,0,0,5,0.0290698,15075.4,9683.09,5981,32595,0,0,0,0,0,0,1,0.00581395,10595,0,10595,10595,0,0,0,0,0,0,1,0.00581395,11991,0,11991,11991,3,0.0174419,19082,7331.08,9890,27831,162,0.94186,30485.1,12285.5,5157,52598
9,7,1.02385e+06,599000,207,116,60.2083,156.005,128.936,17.6797,314.096,0.13712,-1.04764,4.42347,0.717433,120.25,128.633,23.8868,72.9343,99.3278,104.988,116.873,119.516,120.35,126.541,128.633,137.11,141.732,143.403,144.75,148.344,150.922,155.059,14.0229,14.0211,16.1311,128.936,9.6588,-1.67454,0.996835,0.0749114,-0.173369,0.103205,130.143,131.204,67.469,99.5169,2.07,116,64,23,4,0,0,0,0,0,99.5169,177.586,49.2754,70.0483,87.931,125,4908,52656,28649.9,12653,1.60879e+08,0.441642,-0.0815715,1.91684,0.497233,4908.25,28813.5,20489,5534.8,7644.5,10631.5,16320,18327.2,20485.5,24239,28813.5,33071,37975,38816.2,41347,45020.5,47380.8,51755.6,10884.9,10883.9,23741.6,28649.9,7325.84,-176.131,139.583,0.255702,-0.0240424,0.0190535,31319.5,33355.6,1,0.00483092,-0.0113112,0,-0.0113112,-0.0113112,0,0,0,0,0,0,0,0,0,0,0,0,0,0,0,0,0,0,0,0,0,0,0,0,0,0,0,0,0,0,11,0.0531401,83.5786,13.7694,60.2083,99.0674,195,0.942029,131.495,14.0324,100.109,156.005,1,0.00483092,31395,0,31395,31395,0,0,0,0,0,0,0,0,0,0,0,0,0,0,0,0,0,0,0,0,0,0,0,0,0,0,0,0,0,0,11,0.0531401,19736.6,9210.64,9737,37579,195,0.942029,29152.7,12633.7,4908,52656
10,7,1.02386e+06,599000,173,89,17.3644,142.925,118.776,21.2864,455.807,0.179215,-2.18723,8.33648,0.807666,108.75,124.668,16.647,41.4358,68.5566,100.487,109.1,114.867,116.321,121.75,124.668,126.846,128.995,131.514,133.438,136.532,139.396,141.009,14.3072,13.1866,19.395,118.776,10.1387,-3.68421,2.79315,0.0853598,-0.363383,0.275495,120.668,122.003,100.001,97.6879,1.73,89,59,21,4,0,0,0,0,0,97.6879,189.888,65.896,80.9249,128.09,157.303,2980,54572,27404.4,14058.1,1.98806e+08,0.512987,0.0719389,1.7491,0.473414,2980.25,28072,25075,4956.56,6820.6,9217.4,12749,14616,16174.6,20975.8,28072,32276.6,37715.8,39691,41749,45881.2,48579.2,53660.8,12400.4,12379.9,24424.1,27404.4,8145.23,172.733,-123.59,0.297224,0.0212067,-0.0151733,30799.8,33330.7,3,0.017341,-0.110016,0.0586248,-0.192062,-0.0586654,1,0.00578035,0.528928,0,0.528928,0.528928,0,0,0,0,0,0,0,0,0,0,0,0,1,0.00578035,17.3644,0,17.3644,17.3644,2,0.0115607,39.1002,6.48784,32.6124,45.5881,13,0.0751445,69.4095,9.23729,54.0821,85.0041,153,0.884393,124.674,10.0315,100.211,142.925,3,0.017341,31012.7,4708.39,25367,36893,1,0.00578035,12154,0,12154,12154,0,0,0,0,0,0,0,0,0,0,0,0,1,0.00578035,22997,0,22997,22997,2,0.0115607,10909,3363,7546,14272,13,0.0751445,17097.2,10991.9,4911,42428,153,0.884393,28524.6,13925.4,2980,54572
11,7,1.02387e+06,599000,171,103,16.2487,154.6,134.44,28.8147,835.289,0.214331,-2.9206,10.8139,0.854285,146.25,142.5,11.0966,18.3545,50.112,116.045,133.637,137.036,138.504,141.324,142.5,145.898,146.939,148.132,149.373,151.138,151.672,153.937,17.0006,13.8697,14.2366,134.44,11.2984,-6.42651,4.62897,0.0840408,-0.568796,0.4097,137.493,139.16,116.506,97.6608,1.71,103,52,14,2,0,0,0,0,0,97.6608,162.136,76.0234,36.8421,126.214,61.165,4742,54661,31079.5,13564,1.85091e+08,0.436429,-0.250569,1.82345,0.527605,35822.2,33172,24310.5,6679.98,8915.7,11167.6,16100.6,19048.5,22606.6,27586,33172,36771,41268.6,43359,44633.6,47780.2,50202.5,51745.6,11802.9,11642.6,11838.8,31079.5,7833.93,-587.919,-16.2915,0.252061,-0.0750478,-0.00207961,33910.5,35972.7,2,0.0116959,-0.000787589,0.0127698,-0.0135574,0.0119822,2,0.0116959,1.67746,0.305519,1.37194,1.98298,0,0,0,0,0,0,0,0,0,0,0,0,3,0.0175439,17.6311,0.980916,16.2487,18.4229,6,0.0350877,35.0595,7.18232,24.1896,47.1709,4,0.0233918,73.9047,16.3366,56.9745,96.78,154,0.900585,142.16,9.27582,102.15,154.6,2,0.0116959,21143,9348,11795,30491,2,0.0116959,19623.5,12747.5,6876,32371,0,0,0,0,0,0,0,0,0,0,0,0,3,0.0175439,27130,4676,20992,32330,6,0.0350877,23286.8,6904.62,10696,30474,4,0.0233918,10639.2,4210.37,4742,15743,154,0.900585,31991,13506.2,6216,54661
12,7,1.02388e+06,599000,212,119,61.4815,151.561,125.521,19.3865,377.636,0.154448,-1.37126,4.38329,0.710923,129.75,131.015,21.4423,69.9553,77.0238,98.6951,111.688,117.194,122.518,128.43,131.015,134.557,137.897,138.636,139.593,143.52,146.276,150.632,14.8702,13.761,13.808,125.521,10.1379,-3.05667,1.77432,0.0807661,-0.30151,0.175019,127.01,128.245,62.9434,99.0566,2.12,119,66,23,4,0,0,0,0,0,99.0566,176.471,66.5094,54.717,118.487,97.479,6290,54013,30637.5,13107.9,1.7264e+08,0.427839,-0.149143,1.86569,0.510184,6290.25,32648,22381.2,6618.1,9367.7,11910.2,16999.6,19005,20678.2,26833.4,32648,35924.8,39294.3,41386.2,42921.2,48130.2,50801.1,52708,11352.1,11272.8,24347.3,30637.5,7579.8,-330.562,92.7062,0.247402,-0.043611,0.0122307,33323.8,35360.8,1,0.00471698,-0.0381928,0,-0.0381928,-0.0381928,1,0.00471698,0.794285,0,0.794285,0.794285,0,0,0,0,0,0,0,0,0,0,0,0,0,0,0,0,0,0,0,0,0,0,0,0,22,0.103774,80.9922,11.3385,61.4815,98.7772,188,0.886792,130.732,12.0659,101.176,151.561,1,0.00471698,35544,0,35544,35544,1,0.00471698,32131,0,32131,32131,0,0,0,0,0,0,0,0,0,0,0,0,0,0,0,0,0,0,0,0,0,0,0,0,22,0.103774,24090.5,9978.67,9275,42843,188,0.886792,31403.7,13216.2,6290,54013
13,7,1.02389e+06,599000,207,118,25.4401,134.91,102.183,19.5002,382.104,0.190835,-0.906676,4.19034,0.701043,106.75,106.315,25.082,47.7116,62.3214,82.9203,87.9058,91.2095,92.9738,96.8265,106.315,110.413,115.599,116.291,117.066,122.423,130.843,133.951,15.4969,15.2641,15.2826,102.183,10.6816,-1.44403,1.42413,0.104534,-0.135189,0.133325,104.027,105.576,75.5414,100,2.07,118,73,15,1,0,0,0,0,0,100,175.424,55.0725,45.4106,96.6102,79.661,3887,57198,30473.5,13664.6,1.87629e+08,0.448411,0.00811241,1.9015,0.498706,3887.25,30669,22982.5,5944.94,9751.9,12308.2,15488.8,19239.5,21011,26430.4,30669,34853.6,40645.8,42222,43782.2,47837,51015.3,56576.2,11689.1,11688.2,26586.2,30473.5,7906.99,-5.69149,108.648,0.259471,-0.000719805,0.0137408,33396.9,35671.3,0,0,0,0,0,0,0,0,0,0,0,0,0,0,0,0,0,0,0,0,0,0,0,0,0,0,0,0,0,0,5,0.0241546,43.428,9.01822,25.4401,48.91,85,0.410628,86.8123,11.0628,50.52,98.49,117,0.565217,115.861,8.60896,100.327,134.91,0,0,0,0,0,0,0,0,0,0,0,0,0,0,0,0,0,0,0,0,0,0,0,0,0,0,0,0,0,0,5,0.0241546,21368.6,9280.26,9580,33209,85,0.410628,28510.2,14163.1,3887,57198,117,0.565217,32288.9,13088.4,5431,56683
14,7,1.0239e+06,599000,165,104,67.4523,106.95,88.6408,9.49208,90.6524,0.107085,0.283696,2.47986,0.53645,85.75,86.1194,13.3524,68.0987,75.1551,77.9641,81.5475,82.4351,83.1894,85.7554,86.1194,87.7865,95.671,95.7875,96.8499,105.409,106.162,106.69,7.81783,7.42425,7.46112,88.6408,5.35321,0.481646,0.555252,0.0603921,0.0899733,0.103723,89.1476,89.6559,20.9763,99.3939,1.65,104,54,7,0,0,0,0,0,0,99.3939,157.692,38.1818,60,60.5769,95.1923,3464,58391,33173.5,13641,1.8722e+08,0.411204,-0.293944,2.10713,0.54089,31201.2,34711,21505.2,5881.05,9086.65,13815.7,19587,22086.8,25456.4,31201,34711,39360.4,42137,43592,45384.2,50594.3,54038.1,54880.7,11475.6,11388.3,11757.8,33173.5,7851.1,-627.625,392.977,0.236668,-0.079941,0.0500537,35868.6,37862.6,1,0.00606061,-3.05176e-06,0,-3.05176e-06,-3.05176e-06,0,0,0,0,0,0,0,0,0,0,0,0,0,0,0,0,0,0,0,0,0,0,0,0,0,0,0,0,0,0,140,0.848485,85.8753,7.22817,67.4523,99.83,24,0.145455,104.773,2.45623,100.041,106.95,1,0.00606061,18710,0,18710,18710,0,0,0,0,0,0,0,0,0,0,0,0,0,0,0,0,0,0,0,0,0,0,0,0,0,0,0,0,0,0,140,0.848485,33746.6,13332.4,3464,58391,24,0.145455,29830.2,14884.6,5355,54263
15,7,1.02391e+06,599000,198,128,36.2179,97.9863,74.7591,12.6182,160.058,0.168785,-0.00916535,2.87518,0.623963,91.25,72.7767,18.4798,40.0664,56.4188,60.0245,65.4664,66.6361,67.672,71.3533,72.7767,74.7266,78.1498,85.1158,91.0368,92.4293,95.4495,96.7128,9.95631,9.74582,17.4008,74.7591,7.04543,0.313553,0.753376,0.0942418,0.0445045,0.106931,75.8165,76.8299,37.6578,96.4646,1.98,128,58,12,0,0,0,0,0,0,96.4646,149.219,38.3838,16.6667,59.375,25.7812,2180,55461,31090.4,12583.1,1.59167e+08,0.404725,-0.170788,2.1778,0.542603,2180.25,32431,18513,7020,9543.5,12927,18562,21825.5,24090,27995,32431,35637,39654,40338.5,41773,47336,51076.5,53674.5,10529.7,10486.7,28910.2,31090.4,7250.39,-334.456,454.141,0.233204,-0.0461294,0.0626367,33540.2,35431.4,5,0.0252525,-0.0287165,0.0840286,-0.152258,0.0914181,2,0.010101,0.94123,0.239958,0.701271,1.18119,0,0,0,0,0,0,0,0,0,0,0,0,0,0,0,0,0,0,3,0.0151515,37.6723,1.98796,36.2179,40.4831,188,0.949495,75.3509,11.8067,53.085,97.9863,0,0,0,0,0,0,5,0.0252525,15792.2,4852.23,9985,22934,2,0.010101,10934,3991,6943,14925,0,0,0,0,0,0,0,0,0,0,0,0,0,0,0,0,0,0,3,0.0151515,22927.7,10392.3,13636,37435,188,0.949495,31220.7,12572.1,2180,55461,0,0,0,0,0,0
16,7,1.02392e+06,599000,255,159,2.09048,75.6866,45.4966,17.2959,300.508,0.380158,-0.298814,2.37972,0.589788,53.25,45.6611,20.4448,4.348,17.025,19.3618,32.8206,34.7371,35.2203,40.4707,45.6611,52.6698,53.8585,55.1819,64.7235,69.0538,71.1389,72.2797,14.3051,14.304,14.9049,45.4966,9.87225,-0.648769,0.731008,0.216989,-0.0657165,0.0740467,48.6733,51.1035,42.4553,86.6667,2.55,159,82,13,1,0,0,0,0,0,86.6667,138.994,43.9216,30.5882,70.4403,49.0566,3469,56293,31222.7,12285.1,1.51609e+08,0.393467,-0.283735,2.2767,0.525399,3469.25,32201,17819,5164,9673,12768,20835,22915,24671,27976,32201,36695,39170,40734,42209,46598,49454,53893.8,10319.3,10289.8,27753.4,31222.7,7044.36,-505.059,477.979,0.225617,-0.0716969,0.0678527,33552.6,35316.3,12,0.0470588,0.0773709,0.223512,-0.266904,0.49827,22,0.0862745,0.86822,0.323519,0.552918,1.7333,3,0.0117647,2.9235,0.590572,2.09048,3.3922,2,0.00784314,8.21879,0.0476074,8.17118,8.2664,20,0.0784314,16.7934,2.94101,10.8862,19.5226,93,0.364706,36.9939,6.83638,21.3845,48.355,103,0.403922,60.7111,7.84014,50.3749,75.6866,0,0,0,0,0,0,12,0.0470588,36547.3,14153.2,9162,55543,22,0.0862745,45776.3,9394.41,14265,60563,3,0.0117647,36938.7,19412.5,9503,51511,2,0.00784314,15368.5,3586.5,11782,18955,20,0.0784314,32052.2,8220.32,11124,46101,93,0.364706,30999.8,12842.1,7442,56293,103,0.403922,31404.1,12022,3469,55200,0,0,0,0,0,0
17,7,1.02393e+06,599000,132,73,4.8042,47.6156,22.4404,15.0729,231.179,0.671688,0.377427,1.43257,0.411951,8.75,14.9319,30.4509,4.85042,5.87312,7.1094,8.72376,8.88669,9.09598,11.2984,14.9319,24.2186,38.3453,39.3376,39.8579,40.4304,46.7527,47.5502,14.0682,13.4417,14.489,22.4404,8.43656,1.27295,-0.937902,0.375954,0.150885,-0.111171,27.0326,30.3252,16.9314,43.9394,1.32,73,44,13,2,0,0,0,0,0,43.9394,79.4521,18.9394,34.8485,34.2466,63.0137,4887,49276,20718,9854.08,9.88064e+07,0.475628,0.512237,2.71906,0.356643,4887.25,18733.5,15456.2,5968.86,7831,8704.2,10814,13240.5,14271.6,17240.8,18733.5,21884.2,25672,28696.8,30488.6,33135.6,35318.9,45064.8,8210.12,8109.5,15830.8,20718,5660.33,595.832,335.894,0.273208,0.105264,0.0593417,22942.1,24889.3,55,0.416667,0.000169713,0.26406,-0.439647,0.452853,19,0.143939,0.741885,0.197566,0.509662,1.06829,2,0.0151515,4.84474,0.0405436,4.8042,4.88528,19,0.143939,8.13797,1.2151,5.62889,9.88385,12,0.0909091,14.0203,3.0527,10.3579,19.3761,25,0.189394,38.7595,6.39653,22.6962,47.6156,0,0,0,0,0,0,0,0,0,0,0,0,55,0.416667,34787,13585.9,7063,56637,19,0.143939,40439,10309.6,25089,60031,2,0.0151515,13653.5,4321.5,9332,17975,19,0.143939,17876.6,6774.18,7134,31876,12,0.0909091,19800.4,8179.05,4887,31534,25,0.189394,23883.1,11672.5,6785,49276,0,0,0,0,0,0,0,0,0,0,0,0
18,7,1.02394e+06,599000,103,61,2.12293,7.65215,5.22061,1.933,3.94407,0.370263,-0.364464,1.62194,0.560239,2.25,5.71439,3.23288,2.13614,2.18901,2.26803,3.14361,3.66919,3.9897,4.56094,5.71439,6.455,6.7635,6.90208,7.08485,7.31034,7.56637,7.635,1.75508,1.69806,2.98964,5.22061,1.15052,-0.157469,-0.0880063,0.22038,-0.136868,-0.0764929,5.56698,5.83019,3.04754,18.4466,1.03,61,38,4,0,0,0,0,0,0,18.4466,31.1475,10.6796,16.5049,18.0328,27.8689,5366,44744,24053.5,9790.22,1.01173e+08,0.407018,0.162964,2.91655,0.474568,5366.25,23872,7973.5,5832.92,7700.6,10383.2,19287.8,20206,20927,21577.6,23872,25411,26374.4,28179.5,29903.8,38598.8,40368.2,43868.8,7238.29,7219.63,18687.3,24053.5,5662.64,249.505,1415.75,0.235418,0.0440615,0.250016,25969.6,27583.2,59,0.572816,0.0353292,0.171911,-0.318363,0.458717,25,0.242718,1.2982,0.373402,0.576066,1.87517,8,0.0776699,3.13645,0.86664,2.12293,4.32232,11,0.106796,6.73637,0.671656,5.51542,7.65215,0,0,0,0,0,0,0,0,0,0,0,0,0,0,0,0,0,0,0,0,0,0,0,0,59,0.572816,42259.9,9648.44,14817,59033,25,0.242718,35122.2,13177,11404,52771,8,0.0776699,24741.2,9473.01,10989,44744,11,0.106796,23553.4,9984.89,5366,39882,0,0,0,0,0,0,0,0,0,0,0,0,0,0,0,0,0,0,0,0,0,0,0,0
19,7,1.02395e+06,599000,107,77,2.0148,72.0092,33.0063,28.5908,836.446,0.866223,0.00201978,1.12832,0.442772,2.25,48.5629,54.852,2.02206,2.22146,2.53254,3.08202,3.63884,4.21387,4.87975,48.5629,54.7281,57.7455,58.4908,59.4323,66.8969,71.303,72.007,28.0971,27.4347,30.7789,33.0063,15.6323,0.77759,-2.94737,0.473616,0.0497425,-0.188543,43.6675,48.9023,31.281,41.1215,1.07,77,25,4,1,0,0,0,0,0,41.1215,57.1429,21.4953,38.3178,29.8701,53.2468,2376,51344,25113.5,12379.8,1.56823e+08,0.492953,0.294347,2.64754,0.464334,2376.25,24667.5,13159.2,3581.72,6298.45,7445.4,14614.2,19695.8,20371,21714.6,24667.5,26337.8,29759.3,32855,33753.4,45003.8,48620.9,50788.4,9493.37,9456.43,22737.3,25113.5,7093,428.445,1094.76,0.282438,0.0604039,0.154343,27999.1,30345.6,55,0.514019,0.0469455,0.187656,-0.287671,0.458808,8,0.0747664,0.965138,0.411776,0.530382,1.62692,18,0.168224,3.26475,0.918605,2.0148,4.78952,3,0.0280374,5.40999,0.185613,5.24067,5.66836,0,0,0,0,0,0,2,0.0186916,48.5629,0.981724,47.5812,49.5446,21,0.196262,60.9598,6.36128,51.572,72.0092,0,0,0,0,0,0,55,0.514019,45118.3,12804.9,11767,65535,8,0.0747664,44536.2,13206.6,13236,56395,18,0.168224,32381.5,13464.5,6265,51344,3,0.0280374,21728.7,2050.95,20183,24627,0,0,0,0,0,0,2,0.0186916,13327,8147,5180,21474,21,0.196262,20489.9,8790.68,2376,34603,0,0,0,0,0,0
0,8,1.02376e+06,598990,233,123,60.4851,139.073,109.653,19.924,398.675,0.1817,-0.805064,2.7784,0.625649,125.75,114.801,25.4673,63.4599,67.2674,72.9252,93.5963,100.261,101.412,105.077,114.801,119.774,124.078,125.729,127.044,130.837,134.212,136.168,16.4786,15.9082,18.5186,109.653,11.0683,-2.18308,0.892227,0.100939,-0.197237,0.0806109,111.449,112.994,47.7904,100,2.33,123,84,22,4,0,0,0,0,0,100,189.431,58.3691,24.8927,110.569,47.1545,2935,55350,31135.4,13251.6,1.76361e+08,0.425611,-0.165088,1.97652,0.538021,19560.2,31830,20738,5322.6,9161.4,12972.2,18083.6,21019,23082.2,27111.8,31830,36798,40477.2,41757,43773,47948.6,51712,54073.1,11345.2,11338.3,14688.9,31135.4,7656.94,-346.759,209.831,0.245924,-0.0452869,0.027404,33838.1,35882.7,0,0,0,0,0,0,0,0,0,0,0,0,0,0,0,0,0,0,0,0,0,0,0,0,0,0,0,0,0,0,0,0,0,0,0,0,57,0.244635,80.9065,12.6388,60.4851,99.7486,176,0.755365,118.963,10.9308,100.055,139.073,0,0,0,0,0,0,0,0,0,0,0,0,0,0,0,0,0,0,0,0,0,0,0,0,0,0,0,0,0,0,0,0,0,0,0,0,57,0.244635,24078.3,10634.9,5938,48731,176,0.755365,33420.9,13209.6,2935,55350
1,8,1.02377e+06,598990,191,130,56.3557,135.291,106.936,15.9882,256.989,0.149512,-0.493707,3.33493,0.640785,101.75,105.388,24.8846,56.5083,83.7169,90.7602,94.1332,95.1338,96.9904,101.85,105.388,111.925,117.759,120.018,122.859,126.654,130.75,133.834,13.2482,13.2345,13.4936,106.936,8.98309,-0.421917,0.672706,0.0840043,-0.0469679,0.0748859,108.125,109.219,49.5899,98.4293,1.91,130,48,12,1,0,0,0,0,0,98.4293,144.615,48.6911,59.6859,71.5385,87.6923,4241,55721,31240.6,13530.8,1.84062e+08,0.433116,-0.296169,1.89103,0.524467,38593.2,34080,23884.8,6251.15,8419,10905.9,15956.8,18368.8,23036.9,29148.4,34080,37713.6,41105.6,42253.5,44263.6,47655.8,49691.6,54112.3,11673.7,11536.1,12126.6,31240.6,7786.33,-684.418,81.6352,0.249238,-0.0878999,0.0104844,34044.9,36066.5,3,0.0157068,-0.0086821,0.0178512,-0.0338793,0.00526589,0,0,0,0,0,0,0,0,0,0,0,0,0,0,0,0,0,0,0,0,0,0,0,0,0,0,0,0,0,0,66,0.34555,90.0349,10.1306,56.3557,99.8792,122,0.638743,116.079,10.0129,100.184,135.291,3,0.0157068,16943,8001.51,10759,28242,0,0,0,0,0,0,0,0,0,0,0,0,0,0,0,0,0,0,0,0,0,0,0,0,0,0,0,0,0,0,66,0.34555,25682.1,13217.3,4241,55721,122,0.638743,34247.6,12722.5,7889,55038
2,8,1.02378e+06,598990,158,88,50.7927,110.002,88.4943,12.5885,159.542,0.142252,-0.784377,3.51783,0.636747,82.75,87.4877,17.9197,51.9634,62.9856,76.4082,81.8309,82.4122,82.6945,84.8596,87.4877,92.6477,99.3385,100.332,101.544,103.202,103.88,104.737,9.93848,9.82266,10.7859,88.4943,6.90982,-0.869,0.693759,0.0780821,-0.125763,0.100402,89.3852,90.1859,37.3792,94.3038,1.58,88,53,12,5,0,0,0,0,0,94.3038,169.318,39.8734,63.924,71.5909,114.773,4562,54109,28328,13838.1,1.92788e+08,0.488497,0.142064,1.8019,0.479665,4562.25,26072,24589,5346.36,7522.8,11159.4,14793.2,16726,19211.4,22646.2,26072,31661.4,39367,41315,43212,47392.6,49869.8,53933.4,12042.7,11889,23765.7,28328,8008.36,330.492,8.77994,0.282702,0.0412684,0.00109635,31527.3,34022.7,6,0.0379747,0.253664,0.23067,-0.122681,0.493718,3,0.0189873,0.938921,0.356937,0.562428,1.41836,0,0,0,0,0,0,0,0,0,0,0,0,0,0,0,0,0,0,0,0,0,0,0,0,107,0.677215,82.9557,10.5156,50.7927,99.6218,42,0.265823,102.605,1.79615,100.019,110.002,6,0.0379747,27738,11404.6,11196,40047,3,0.0189873,21360.3,5804.47,16364,29499,0,0,0,0,0,0,0,0,0,0,0,0,0,0,0,0,0,0,0,0,0,0,0,0,107,0.677215,26940.9,13699.3,4562,53966,42,0.265823,31861.7,13558.9,6219,54109
3,8,1.02379e+06,598990,169,78,39.422,104.143,73.9142,12.8937,167.487,0.174441,-0.534045,2.9936,0.532936,75.25,75.0947,20.9533,40.1163,51.0961,59.0164,63.3722,65.7835,66.4058,74.312,75.0947,75.7292,85.3437,86.7368,87.3792,88.7547,89.6812,91.6434,10.2517,10.0629,10.0671,73.9142,7.20317,-0.795104,0.578521,0.0974532,-0.110383,0.0803147,75.0303,76.0322,34.2467,79.8817,1.69,78,61,26,4,0,0,0,0,0,79.8817,173.077,49.7041,37.2781,107.692,80.7692,6548,55382,27166.6,12441.3,1.5594e+08,0.457962,0.254453,1.9899,0.422218,6548.25,26418,23326,7166.18,9818.1,11899.8,14322.6,15700.5,18505.2,23593.4,26418,29060.8,35344,39026.5,40017.2,43971,47912.1,51674.2,10485.3,10451.4,20618.3,27166.6,7186.48,496.376,170.075,0.264534,0.0690709,0.023666,29879.9,32125.3,34,0.201183,-0.00504031,0.177817,-0.306927,0.498202,0,0,0,0,0,0,0,0,0,0,0,0,0,0,0,0,0,0,0,0,0,0,0,0,7,0.0414201,42.598,3.99911,39.422,49.0043,127,0.751479,75.4022,10.6006,51.9926,92.0219,1,0.00591716,104.143,0,104.143,104.143,34,0.201183,34964.7,16952.5,8271,59885,0,0,0,0,0,0,0,0,0,0,0,0,0,0,0,0,0,0,0,0,0,0,0,0,7,0.0414201,14859,7652.98,6548,31180,127,0.751479,27901.6,12329.3,7021,55382,1,0.00591716,19976,0,19976,19976
4,8,1.0238e+06,598990,233,125,20.9371,122.748,77.4267,27.0519,735.635,0.349387,0.0871793,1.59579,0.554846,53.75,73.8412,50.0765,23.2337,39.073,48.2359,53.2376,53.7896,54.2419,62.4987,73.8412,92.7215,101.342,103.866,104.525,114.409,115.719,118.986,24.7596,24.435,27.4029,77.4267,15.4113,0.57627,-0.86051,0.199044,0.0373927,-0.0558363,82.0165,85.9918,55.7801,82.4034,2.33,125,83,21,3,1,0,0,0,0,82.4034,153.6,36.0515,62.2318,67.2,116,3151,55387,27963.5,13742.2,1.89836e+08,0.491432,0.0253423,1.80859,0.475008,3151.25,27797.5,22676.8,4518.64,6479.45,9868.8,14257.4,16684.2,19035.5,21663.6,27797.5,32919.2,38143.8,39361,42257.4,46704,48912.9,51867.4,12041.5,12040.7,24812.3,27963.5,7963.89,54.0005,0.358891,0.284796,0.00678068,4.50648e-05,31157.8,33553.1,38,0.16309,0.0183978,0.182631,-0.290371,0.390605,3,0.0128755,0.898944,0.174333,0.684229,1.11123,0,0,0,0,0,0,0,0,0,0,0,0,0,0,0,0,0,0,26,0.111588,40.8028,7.84478,20.9371,49.3489,106,0.454936,67.8141,16.0528,50.6165,99.8158,60,0.257511,110.279,6.00567,100.187,122.748,38,0.16309,37030.2,13719.8,8904,56861,3,0.0128755,31852.7,10272,17643,41572,0,0,0,0,0,0,0,0,0,0,0,0,0,0,0,0,0,0,26,0.111588,19715,10703.9,4591,43428,106,0.454936,27975.5,13099.7,3151,54096,60,0.257511,31516.7,14470.3,3787,55387
5,8,1.02381e+06,598990,259,126,9.81225,146.055,100.078,31.7459,1012.05,0.317212,-1.12102,3.14013,0.662533,117.75,111.9,30.0483,25.3018,32.9726,38.2847,75.5404,90.8537,96.9884,106.049,111.9,117.121,119.233,120.902,121.625,131.465,134.763,139.235,24.9383,23.0962,23.6511,100.078,16.7865,-4.94427,2.28758,0.167735,-0.294539,0.136275,104.992,108.266,89.0528,91.8919,2.59,126,100,31,2,0,0,0,0,0,91.8919,188.889,62.1622,33.2046,127.778,68.254,4037,54013,30445.9,13184.9,1.74574e+08,0.433059,-0.162904,1.95616,0.528431,27666.2,30968.5,20614.2,5992.39,8697.9,10588.8,18381.2,20845,22613.4,26886.4,30968.5,35399,39677.3,41459.2,43545,47719.9,50255.1,52647.2,11209.2,11200.9,11461.7,30445.9,7619.73,-333.275,201.558,0.250271,-0.0437384,0.0264521,33178.2,35230.2,11,0.042471,0.189354,0.195721,-0.19767,0.452655,10,0.03861,0.846895,0.276142,0.533024,1.4172,0,0,0,0,0,0,1,0.003861,9.81225,0,9.81225,9.81225,1,0.003861,19.9982,0,19.9982,19.9982,31,0.119691,35.576,5.23648,24.1096,49.7481,44,0.169884,81.9471,14.1245,50.9523,99.4308,161,0.621622,118.51,10.4339,100.189,146.055,11,0.042471,25540.9,12550.4,5684,45529,10,0.03861,26125.7,12511.3,3869,38855,0,0,0,0,0,0,1,0.003861,14104,0,14104,14104,1,0.003861,18703,0,18703,18703,31,0.119691,27322.9,13469.4,6022,49789,44,0.169884,29291.9,14255.7,5975,53798,161,0.621622,31537,12671.3,4037,54013
6,8,1.02382e+06,598990,200,118,5.83779,143.578,113.841,21.3108,456.443,0.187198,-2.28475,12.172,0.78411,116.25,116.022,22.6894,7.80746,85.0013,94.9757,102.6,103.727,105.158,112.844,116.022,122.413,124.977,126.417,131.486,135.395,139.822,143.132,14.685,14.517,14.5234,113.841,10.5717,-1.92099,1.97818,0.0928636,-0.181711,0.18712,115.818,117.164,106.144,99.5,2,118,57,20,4,1,0,0,0,0,99.5,168.644,56,47.5,94.9153,80.5085,3240,53128,29597.4,14234.6,2.03649e+08,0.480943,-0.0896189,1.72303,0.528331,40436.2,30361,24773.5,3953.14,7285.6,10858.8,14579,16860.5,18812.4,24358.8,30361,35636.2,40644.4,41634,44133.8,48431.6,50552.1,52611.2,12560.9,12538.2,14368.6,29597.4,8242.21,-225.448,-150.766,0.278478,-0.0273529,-0.018292,32842.5,35212.4,0,0,0,0,0,0,1,0.005,0.586569,0,0.586569,0.586569,0,0,0,0,0,0,3,0.015,6.961,0.830363,5.83779,7.81933,1,0.005,18.4368,0,18.4368,18.4368,0,0,0,0,0,0,30,0.15,91.3425,5.88731,79.6981,99.4004,165,0.825,120.453,11.9501,100.46,143.578,0,0,0,0,0,0,1,0.005,26136,0,26136,26136,0,0,0,0,0,0,3,0.015,22027.7,11681.5,8193,36764,1,0.005,43908,0,43908,43908,0,0,0,0,0,0,30,0.15,27394,14264.6,8215,53128,165,0.825,30048.9,14196.2,3240,52606
7,8,1.02383e+06,598990,172,89,36.2808,137.766,114.051,15.0807,228.867,0.132228,-1.66706,8.58569,0.766319,105.25,117.552,17.9484,65.6624,87.1715,98.8274,102.128,105.198,105.688,116.512,117.552,119.613,121.69,123.146,125.233,127.579,135.034,136.991,11.3557,10.6127,14.2577,114.051,7.82195,-1.50461,1.40429,0.068583,-0.192357,0.179532,115.044,115.869,76.3679,92.4419,1.72,89,54,25,4,0,0,0,0,0,92.4419,178.652,58.7209,69.186,113.483,133.708,1649,52993,28691.3,13450.6,1.82063e+08,0.468803,-0.0748952,1.91577,0.526689,1649.25,28579,20895,5485.74,7156.9,8835.4,14589.4,18326,19373.2,24987.2,28579,33691.4,38090,39221,42027.6,46440.8,50138.3,52311.2,11512.7,11512,27042.1,28691.3,7800.39,-165.873,165.83,0.271873,-0.0212647,0.0212592,31687.7,33914.6,8,0.0465116,0.130785,0.183472,-0.139148,0.410103,5,0.0290698,0.631098,0.0932962,0.543861,0.811751,0,0,0,0,0,0,0,0,0,0,0,0,0,0,0,0,0,0,2,0.0116279,40.6567,4.37586,36.2808,45.0325,18,0.104651,91.7935,6.88938,80.6014,99.8651,139,0.80814,117.989,9.82653,100.381,137.766,8,0.0465116,27319.5,14015.3,8169,46243,5,0.0290698,21394.8,6527.83,11388,29591,0,0,0,0,0,0,0,0,0,0,0,0,0,0,0,0,0,0,2,0.0116279,7898.5,16.5,7882,7915,18,0.104651,21405.9,10335.1,6386,39902,139,0.80814,29933.9,13359.6,1649,52993
8,8,1.02384e+06,598990,133,78,6.28523,150.5,130.622,17.3207,302.349,0.132601,-4.61982,30.8962,0.862163,137.25,134.115,10.4969,48.619,109.993,114.494,126.814,128.369,129.609,132.404,134.115,136.366,137.686,138.865,140.209,142.512,144.658,148.243,9.49772,8.85373,9.36144,130.622,6.89131,-2.57181,2.3042,0.0527577,-0.373197,0.334364,131.765,132.425,122.236,96.9925,1.33,78,35,18,1,1,0,0,0,0,96.9925,165.385,64.6617,32.3308,110.256,55.1282,3432,55456,28415.2,13486.3,1.83302e+08,0.474617,0.0248922,1.81585,0.480224,3432.25,30012,23504,5232.12,8570.8,10369.2,15444,16725,18558,23027.6,30012,33393.2,37519.8,40229,42635,46247.2,48502.8,51774.1,11860.4,11832.1,24982.9,28415.2,7830.19,52.2523,2.24935,0.275564,0.00667319,0.000287266,31453.2,33769.1,4,0.0300752,-0.00999864,0.0796139,-0.0972494,0.0856392,0,0,0,0,0,0,0,0,0,0,0,0,1,0.0075188,6.28523,0,6.28523,6.28523,0,0,0,0,0,0,1,0.0075188,26.8375,0,26.8375,26.8375,0,0,0,0,0,0,127,0.954887,132.418,9.74481,104.628,150.5,4,0.0300752,18550.5,13260.8,9366,41460,0,0,0,0,0,0,0,0,0,0,0,0,1,0.0075188,11171,0,11171,11171,0,0,0,0,0,0,1,0.0075188,12269,0,12269,12269,0,0,0,0,0,0,127,0.954887,28678.1,13426.9,3432,55456
9,8,1.02385e+06,598990,179,98,32.3351,155.996,131.733,21.4369,462.12,0.16273,-1.68303,7.40599,0.80379,145.75,140.545,28.443,46.8529,100.808,106.836,114.683,119.279,122.73,126.975,140.545,145.643,147.006,147.722,149.03,151.91,152.575,155.41,17.123,16.5366,16.9658,131.733,11.0719,-2.94704,0.91539,0.0840484,-0.266172,0.0826767,133.465,134.829,97.84,100,1.79,98,60,18,3,0,0,0,0,0,100,182.653,55.8659,39.6648,102.041,72.449,3948,53274,27701.7,12868.6,1.66531e+08,0.464543,0.00960654,1.78579,0.481565,3948.25,27603,23286.5,5532.42,8247,10405,14668,16356,18734.8,22914.8,27603,32478,36726.4,39642.5,41373.4,44644,47408.3,50700.2,11246.4,11245.8,23753.4,27701.7,7463.34,13.6024,-44.0554,0.269419,0.00182256,-0.0059029,30544.8,32723.3,0,0,0,0,0,0,0,0,0,0,0,0,0,0,0,0,0,0,0,0,0,0,0,0,0,0,0,0,0,0,3,0.0167598,39.8878,7.08081,32.3351,49.3584,5,0.027933,89.3644,16.9189,55.687,99.2469,171,0.955307,134.583,16.223,100.343,155.996,0,0,0,0,0,0,0,0,0,0,0,0,0,0,0,0,0,0,0,0,0,0,0,0,0,0,0,0,0,0,3,0.0167598,14377.7,3672.95,9733,18714,5,0.027933,17612.2,14547.2,7201,46018,171,0.955307,28230.4,12671,3948,53274
10,8,1.02386e+06,598990,215,101,9.42785,149.087,110.388,30.6651,944.934,0.277794,-1.81868,6.04027,0.722904,119.75,117.946,22.4676,11.0495,30.1972,83.6097,100.106,104.411,108.117,111.377,117.946,120.38,124.691,126.878,129.851,141.617,143.352,146.473,20.3946,19.478,19.5842,110.388,14.9354,-4.55667,4.04365,0.135299,-0.305092,0.270743,114.568,117.06,99.855,95.814,2.15,101,82,25,6,1,0,0,0,0,95.814,203.96,59.5349,40,126.733,85.1485,5047,54239,29531.2,13558.9,1.84741e+08,0.459139,0.0135421,1.87408,0.497728,15668.2,28727,23355.8,5645.5,7861.75,10527,16131,17942,20057.5,25816,28727,33528,39429.5,41297.8,43282,48283,50429.2,54045.1,11613,11594.7,15813,29531.2,7856.23,28.8497,115.933,0.266031,0.0036722,0.0147568,32495.2,34781,4,0.0186047,0.217958,0.0799535,0.136385,0.306814,5,0.0232558,1.08485,0.19545,0.833841,1.32652,0,0,0,0,0,0,1,0.00465116,9.42785,0,9.42785,9.42785,5,0.0232558,14.0044,3.70086,10.5164,18.7206,13,0.0604651,31.631,6.026,20.2569,44.5147,22,0.102326,94.6974,6.29579,75.0085,99.7137,165,0.767442,122.218,12.6767,100.106,149.087,4,0.0186047,20862.2,7955.77,10321,30583,5,0.0232558,31452.2,12829.7,15717,51455,0,0,0,0,0,0,1,0.00465116,17964,0,17964,17964,5,0.0232558,26527.8,4936.57,17960,32754,13,0.0604651,23107.2,8101.15,9217,36664,22,0.102326,24865.5,14381.2,6667,49763,165,0.767442,30820.6,13680,5047,54239
11,8,1.02387e+06,598990,206,115,4.49712,143.958,117.955,22.6923,517.49,0.192381,-2.58424,11.326,0.813548,117.25,124.935,22.3083,14.2801,56.7243,102.916,106.587,108.832,115.239,118.17,124.935,127.081,130.235,131.14,132.749,138.023,139.309,143.071,14.9077,14.0746,15.1056,117.955,10.52,-3.63024,2.70678,0.0891863,-0.34508,0.257299,120.118,121.49,111.01,98.5437,2.06,115,65,25,1,0,0,0,0,0,98.5437,176.522,60.6796,65.534,108.696,117.391,5304,56516,30825,14636.7,2.15294e+08,0.474833,-0.0898004,1.69196,0.498341,5304.25,32522,26996,6006.56,8690,10353.6,15566.6,16906.5,19963.4,25408,32522,36947.6,42012.6,43902.5,45557,49717.6,53124.3,54666.2,12915.1,12861.8,25520.8,30825,8466.6,-233.342,-206.843,0.274667,-0.0275602,-0.0244305,34123.5,36548,3,0.0145631,-0.0495056,0.183619,-0.30899,0.0888787,0,0,0,0,0,0,1,0.00485437,4.49712,0,4.49712,4.49712,1,0.00485437,5.77575,0,5.77575,5.77575,1,0.00485437,13.5914,0,13.5914,13.5914,2,0.00970874,48.13,0.105112,48.0249,48.2351,12,0.0582524,72.966,20.454,51.6892,96.8923,186,0.902913,123.383,11.275,100.747,143.958,3,0.0145631,11776,2111.41,8948,14020,0,0,0,0,0,0,1,0.00485437,19413,0,19413,19413,1,0.00485437,15596,0,15596,15596,1,0.00485437,11340,0,11340,11340,2,0.00970874,18550.5,4614.5,13936,23165,12,0.0582524,22162.9,10634,8495,36304,186,0.902913,31763.8,14661.5,5304,56516
12,8,1.02388e+06,598990,267,140,3.23007,144.256,106.09,27.0579,734.881,0.255046,-1.31395,4.93432,0.729369,113.25,110.174,29.9429,11.4332,54.1218,65.5,88.3411,94.9095,100.32,106.072,110.174,117.886,121.874,124.852,128.998,133.404,138.762,143.895,20.2062,19.7225,19.8088,106.09,14.3833,-3.40524,2.38743,0.135576,-0.23675,0.165987,109.486,111.897,100.905,100,2.67,140,95,29,3,0,0,0,0,0,100,190.714,59.9251,46.0674,114.286,87.8571,4599,57139,29938.5,12516.1,1.57241e+08,0.418059,-0.158028,2.01512,0.482291,4599.25,30596,20597.5,6680.16,9766.1,11172.6,16013.8,19717,22601.8,28096.8,30596,33796.8,38989.6,40314.5,41980.4,45310.8,48173.8,52625.6,10458.7,10425.5,25339.3,29938.5,7209.11,-327.197,270.471,0.240797,-0.0453866,0.0375179,32449.5,34368.1,0,0,0,0,0,0,0,0,0,0,0,0,1,0.00374532,3.23007,0,3.23007,3.23007,0,0,0,0,0,0,5,0.0187266,13.0201,2.39355,10.8154,16.852,2,0.00749064,38.0583,3.99196,34.0664,42.0503,69,0.258427,78.261,15.1591,51.3187,99.8196,190,0.71161,119.903,11.8595,100.129,144.256,0,0,0,0,0,0,0,0,0,0,0,0,1,0.00374532,33481,0,33481,33481,0,0,0,0,0,0,5,0.0187266,20755.2,8456.62,9823,34944,2,0.00749064,24308,6884,17424,31192,69,0.258427,24322.7,10775.8,4599,51601,190,0.71161,32260.3,12495,6054,57139
13,8,1.02389e+06,598990,263,142,2.70575,121.99,85.1173,27.1962,742.489,0.319514,-0.584269,2.49608,0.690881,82.25,87.9353,41.4355,24.3815,33.4267,44.2126,58.0758,70.1991,77.2094,82.3457,87.9353,93.2799,103.624,111.635,112.771,117.482,119.719,121.23,22.0623,21.968,22.3604,85.1173,15.348,-2.19454,0.864594,0.180316,-0.142986,0.0563327,89.3565,92.5908,81.103,98.8593,2.63,142,90,25,4,1,1,0,0,0,98.8593,183.099,52.8517,60.076,97.8873,111.268,5395,59979,29838.3,13497.9,1.82896e+08,0.452368,-0.0118917,1.95264,0.447811,5395.25,30867.5,22409.5,6383.4,8856.25,10981.3,15194,18056,21345,26471.4,30867.5,34095.6,38462.7,40465.5,42683.6,48246.1,51726.1,54009.1,11473.1,11442,24443.1,29838.3,7803.48,-46.6984,213.441,0.261525,-0.00598431,0.027352,32749.3,34992,0,0,0,0,0,0,3,0.0114068,0.733814,0.136019,0.602088,0.921076,1,0.00380228,2.70575,0,2.70575,2.70575,0,0,0,0,0,0,2,0.00760456,13.7977,2.40328,11.3944,16.201,32,0.121673,38.9209,5.96185,30.0662,48.5478,134,0.509506,78.7252,13.6363,50.5781,99.9645,91,0.346008,113.248,6.19896,100.251,121.99,0,0,0,0,0,0,3,0.0114068,26240,6955.68,16640,32898,1,0.00380228,12674,0,12674,12674,0,0,0,0,0,0,2,0.00760456,22008.5,13665.5,8343,35674,32,0.121673,22083.2,10001.1,6732,38831,134,0.509506,30102.1,13742,6123,59979,91,0.346008,32537.6,13041.3,5395,55501
14,8,1.0239e+06,598990,185,108,35.462,109.418,70.0997,16.5819,276.539,0.236547,0.411427,3.20823,0.468354,71.75,70.665,18.7252,38.5141,42.7978,48.2974,58.774,60.6404,61.5556,67.7781,70.665,71.7374,75.0887,79.3656,81.6748,89.3427,106.835,108.882,12.3319,12.3287,12.4331,70.0997,9.19604,0.527576,1.65988,0.131185,0.0573699,0.180499,72.0342,73.9356,34.0519,94.5946,1.85,108,61,15,1,0,0,0,0,0,94.5946,162.037,47.5676,37.8378,81.4815,64.8148,5511,58277,31634.3,13489.5,1.83011e+08,0.426418,-0.14565,1.90803,0.495079,5511.25,33878,20750,5671,9421.9,13108.2,17755.4,21014,21911.6,28037.6,33878,37325.6,41020.2,41764,43225.4,49950,51787.4,53840.5,11694,11638.6,26123.1,31634.3,7801.85,-335.916,136.048,0.246626,-0.043056,0.0174379,34390.3,36485.4,9,0.0486486,0.0165003,0.239243,-0.39142,0.354294,1,0.00540541,0.576983,0,0.576983,0.576983,0,0,0,0,0,0,0,0,0,0,0,0,0,0,0,0,0,0,20,0.108108,43.2486,3.7368,35.462,48.547,141,0.762162,70.2015,9.92472,50.0483,92.8423,14,0.0756757,107.432,1.09041,105.652,109.418,9,0.0486486,19139.8,10665.3,8385,45991,1,0.00540541,28288,0,28288,28288,0,0,0,0,0,0,0,0,0,0,0,0,0,0,0,0,0,0,20,0.108108,21273.5,11571.8,5511,48588,141,0.762162,32694.3,13150.1,5710,58277,14,0.0756757,35759.5,12648.2,5560,51647
15,8,1.02391e+06,598990,228,126,2.21334,97.4892,54.8328,16.2505,265.336,0.296364,-0.312825,3.79624,0.552285,46.25,55.4863,18.9686,15.4868,19.5904,36.7737,45.4014,46.2058,48.3677,51.2554,55.4863,59.8917,64.3319,65.1745,67.1443,71.0088,77.7457,95.9521,12.4664,12.4546,14.536,54.8328,8.92534,-0.516504,1.64318,0.162774,-0.0578694,0.184102,57.1901,59.151,51.6493,92.5439,2.28,126,87,12,3,0,0,0,0,0,92.5439,167.46,47.3684,67.9825,85.7143,123.016,2558,56687,31796.5,13518,1.83606e+08,0.425141,-0.167147,2.04186,0.540163,2558.25,32976,21519,5675.3,9917.5,12047,17987,21076,23204,28226,32976,36109,41100,42595,43934,49665,51915.5,55769.1,11387.4,11314.3,29238.2,31796.5,7806.68,-350.663,333.991,0.24552,-0.0449183,0.0427827,34550.7,36634.1,3,0.0131579,0.0937198,0.125344,-0.00885399,0.270209,14,0.0614035,0.829102,0.163629,0.531086,1.12429,1,0.00438596,2.21334,0,2.21334,2.21334,0,0,0,0,0,0,12,0.0526316,17.8273,1.8552,15.2367,19.9362,57,0.25,42.3685,5.71386,21.0337,49.7494,141,0.618421,63.3941,10.4598,50.1555,97.4892,0,0,0,0,0,0,3,0.0131579,24785,8425.47,13244,33122,14,0.0614035,24855.9,8918.45,7617,41170,1,0.00438596,20260,0,20260,20260,0,0,0,0,0,0,12,0.0526316,32953.1,10164.3,10094,49026,57,0.25,30712.8,13322,5957,55770,141,0.618421,32217.9,13827.8,2558,56687,0,0,0,0,0,0
16,8,1.02392e+06,598990,181,124,2.0224,63.5721,27.666,16.3106,267.718,0.589551,0.180685,2.29532,0.416633,22.75,29.9416,22.5014,2.19681,3.30507,3.99584,9.05539,15.3382,20.0347,22.7595,29.9416,31.5015,36.1429,37.8396,41.9713,50.1964,56.1629,62.7249,13.4319,13.3316,13.8137,27.666,9.33614,0.34599,0.710702,0.337458,0.0370593,0.0761238,32.1161,35.3142,25.1764,87.8453,1.81,124,46,8,2,1,0,0,0,0,87.8453,128.226,46.9613,53.0387,68.5484,77.4194,4740,61399,33607.3,13155.8,1.74171e+08,0.391457,-0.342633,2.29781,0.509492,4740.25,35025,20012.5,5174.74,8881.7,14139.2,21315,24184,26849.6,31272,35025,39453,42413.4,44196.5,45242.2,49572,51146.7,57259.4,10955.8,10916.7,28867,33607.3,7542.98,-674.756,497.111,0.224445,-0.0894548,0.0659038,36090.5,37943.4,3,0.0165746,0.356224,0.110367,0.205352,0.466295,19,0.104972,1.17253,0.3774,0.62631,1.95432,23,0.127072,3.47919,0.840356,2.0224,4.82097,11,0.0607735,7.94975,1.17114,5.01312,9.23458,14,0.0773481,16.7086,2.25622,14.324,19.9913,94,0.519337,32.296,8.09959,20.0998,49.3877,17,0.0939227,56.5702,4.85331,50.1551,63.5721,0,0,0,0,0,0,3,0.0165746,29061,11290.6,16292,43748,19,0.104972,39449.2,11839.1,13856,59270,23,0.127072,38403.4,15184.8,4740,61399,11,0.0607735,27003.5,10666.1,8210,40375,14,0.0773481,33042.7,8825.52,11855,49072,94,0.519337,33865.1,13214.5,5144,57568,17,0.0939227,30430.8,11550.7,9524,52287,0,0,0,0,0,0
17,8,1.02393e+06,598990,89,57,2.64239,32.1626,19.3408,11.1544,129.029,0.576729,0.0729767,1.25645,0.56566,31.75,13.7935,22.4089,2.94255,4.43852,7.08587,8.76396,9.29942,9.57034,13.0222,13.7935,30.9023,31.6539,31.7084,31.8519,31.9915,32.0599,32.1378,10.6091,10.2294,12.5228,19.3408,6.30454,-0.141116,-1.07161,0.325971,-0.0223832,-0.169974,22.3268,24.4159,16.6455,31.4607,0.89,57,30,2,0,0,0,0,0,0,31.4607,49.1228,13.4831,7.86517,21.0526,12.2807,2465,40468,18324,11040.3,1.26403e+08,0.602506,0.509907,1.84499,0.417308,2465.25,13907,18855.2,3615.2,6936.4,7403.9,8261.4,9284.25,10027.4,10658.2,13907,21385.6,24021.1,28139.5,31310.8,33889.7,36159.6,39587,9921.25,9503.32,15858.7,18324,6381,1205.09,-156.602,0.348233,0.188856,-0.0245419,21392.9,23834,30,0.337079,0.167218,0.192885,-0.240362,0.499671,31,0.348315,0.940163,0.376425,0.516311,1.90918,2,0.0224719,3.19825,0.555859,2.64239,3.75411,7,0.0786517,8.29203,1.20102,5.70959,9.38679,7,0.0786517,13.7835,2.42138,11.2223,19.2253,12,0.134831,31.7181,0.385638,30.8689,32.1626,0,0,0,0,0,0,0,0,0,0,0,0,30,0.337079,42668.5,11401.1,13551,57126,31,0.348315,40847.1,8725.79,17123,53559,2,0.0224719,20592.5,13156.5,7436,33749,7,0.0786517,10470.6,5428.55,2465,21516,7,0.0786517,12921.6,5279.33,6725,23446,12,0.134831,25678.4,10684.6,7329,40468,0,0,0,0,0,0,0,0,0,0,0,0
18,8,1.02394e+06,598990,99,61,2.03736,11.902,5.80757,2.34749,5.70754,0.404213,0.55153,3.15546,0.382195,5.75,5.643,2.32974,2.06785,2.22398,2.37572,4.29767,4.31577,4.64188,5.37882,5.643,5.87186,6.43659,6.64551,7.30047,9.39684,9.7814,11.3565,1.76174,1.74196,1.75182,5.80757,1.33935,0.146868,0.261939,0.230622,0.109656,0.195572,6.26407,6.68706,3.63324,29.2929,0.99,61,30,6,1,1,0,0,0,0,29.2929,47.541,12.1212,12.1212,19.6721,19.6721,8239,51692,20431.6,11105.8,1.27744e+08,0.54356,1.3753,4.20873,0.280593,8239.25,17291,10222,8398.88,8862.8,9422.8,12608,13758,13813.8,14594.4,17291,19796.2,20945.2,23980,26007.4,36482.8,45013.4,50628.3,8292.66,7880.24,12192.4,20431.6,5958.18,1954.29,1202.08,0.291616,0.328001,0.201752,23254.9,26194.3,40,0.40404,0.16718,0.162912,-0.194113,0.447382,30,0.30303,1.10324,0.361366,0.502368,1.88768,11,0.111111,3.60718,1.09559,2.03736,4.92329,17,0.171717,6.87286,1.47358,5.34037,9.95385,1,0.010101,11.902,0,11.902,11.902,0,0,0,0,0,0,0,0,0,0,0,0,0,0,0,0,0,0,40,0.40404,43011.2,12020.1,10943,60650,30,0.30303,39398.3,13432.1,9279,57415,11,0.111111,28238.5,12895.2,13758,51692,17,0.171717,16055.9,6037.84,8239,30662,1,0.010101,8942,0,8942,8942,0,0,0,0,0,0,0,0,0,0,0,0,0,0,0,0,0,0
19,8,1.02395e+06,598990,143,98,2.09547,72.1534,42.3942,28.7438,838.724,0.678012,-0.490563,1.30739,0.57522,4.25,61.421,60.9255,2.62661,3.11431,3.59977,4.72369,5.53831,8.84576,56.192,61.421,62.797,64.7323,66.4639,67.198,68.1525,68.9671,72.0755,27.5642,23.7015,38.4266,42.3942,15.153,-2.97258,-2.23127,0.357431,-0.196171,-0.147249,51.2199,55.3556,40.6192,46.8531,1.43,98,41,3,1,0,0,0,0,0,46.8531,68.3673,29.3706,40.5594,42.8571,59.1837,5645,53945,22267.3,10543.5,1.12851e+08,0.4735,0.600469,2.70412,0.344146,5645.25,19619,16140,5920.22,8607.5,10509.2,12617.8,13354,15323.4,16785.2,19619,23219.4,27880,29494,33117.4,35736.8,39836.6,46459.9,8828.64,8762.87,16622,22267.3,6014.2,837.36,333.219,0.270092,0.13923,0.0554053,24637.3,26763.7,68,0.475524,-0.0248147,0.217149,-0.45984,0.440983,8,0.0559441,1.01244,0.550679,0.507367,1.9984,15,0.104895,3.73835,0.785592,2.09547,4.99772,8,0.0559441,7.36263,1.66039,5.11988,9.25678,2,0.013986,10.7393,0.415623,10.3237,11.1549,0,0,0,0,0,0,42,0.293706,64.38,4.32765,54.9012,72.1534,0,0,0,0,0,0,68,0.475524,38990.7,12741.1,6043,56996,8,0.0559441,46615,3528.95,40899,51335,15,0.104895,29597.4,11968.8,10487,53945,8,0.0559441,16203.1,6539.3,8480,27607,2,0.013986,11355.5,5710.5,5645,17066,0,0,0,0,0,0,42,0.293706,21324,9150.05,6062,40928,0,0,0,0,0,0
0,9,1.02376e+06,598980,163,109,56.7314,128.24,104.591,13.2394,176.362,0.126582,-0.18512,3.32836,0.669283,102.75,102.248,19.7794,67.4158,84.6375,88.9541,94.8157,97.9724,98.7152,100.805,102.248,103.457,110.962,117.752,119.156,123.728,125.121,127.991,10.3904,9.98694,10.0028,104.591,7.31231,0.22683,0.893707,0.0699133,0.0310203,0.122219,105.426,106.228,46.9125,100,1.63,109,44,10,0,0,0,0,0,0,100,149.541,34.9693,46.6258,52.2936,69.7248,5431,54615,30396.4,13122.1,1.73252e+08,0.431698,-0.200925,1.94827,0.507592,5431.25,32946,20535.5,6573.42,8649.1,11900.4,15262.8,19831,23309.4,28114.8,32946,35986.6,38928,40366.5,42725,47334.6,50137.3,54016.4,11177.9,11100.1,24965.2,30396.4,7571.83,-442.293,210.91,0.249103,-0.058413,0.0278546,33107.9,35124,0,0,0,0,0,0,0,0,0,0,0,0,0,0,0,0,0,0,0,0,0,0,0,0,0,0,0,0,0,0,0,0,0,0,0,0,55,0.337423,91.479,8.37464,56.7314,99.6858,108,0.662577,111.269,9.83258,100.033,128.24,0,0,0,0,0,0,0,0,0,0,0,0,0,0,0,0,0,0,0,0,0,0,0,0,0,0,0,0,0,0,0,0,0,0,0,0,55,0.337423,24079.2,11783.6,5431,52332,108,0.662577,33613.5,12589.4,5804,54615
1,9,1.02377e+06,598980,117,65,22.9079,117.358,93.665,15.2454,234.444,0.162765,-1.83634,7.52504,0.749151,94.75,96.3175,13.6974,44.1687,63.2025,72.4952,87.7932,88.508,91.6994,95.123,96.3175,99.1347,100.83,102.205,103.85,107.106,112.065,116.669,10.3926,9.79747,9.98817,93.665,7.59616,-2.08653,2.14963,0.0810992,-0.274682,0.282989,94.8976,95.8479,69.5302,99.1453,1.17,65,39,11,2,0,0,0,0,0,99.1453,178.462,68.3761,64.9573,123.077,116.923,2668,51595,25696.5,12357.2,1.54029e+08,0.480892,0.129296,1.87824,0.470671,2668.25,24807.5,22162.8,4961.7,8122.5,10241,12138,14259.5,16698,21618,24807.5,29199,34348,36422.2,38261,42559,44604.5,48977,10623.1,10589.6,23028.3,25696.5,7172.36,264.797,41.107,0.279118,0.036919,0.00573131,28513.4,30717.3,1,0.00854701,0.0594052,0,0.0594052,0.0594052,0,0,0,0,0,0,0,0,0,0,0,0,0,0,0,0,0,0,0,0,0,0,0,0,3,0.025641,37.6731,10.4917,22.9079,46.3229,72,0.615385,89.1171,11.0521,53.2966,99.7883,41,0.350427,105.748,4.82667,100.05,117.358,1,0.00854701,14612,0,14612,14612,0,0,0,0,0,0,0,0,0,0,0,0,0,0,0,0,0,0,0,0,0,0,0,0,3,0.025641,10111,2983.2,7544,14294,72,0.615385,24132.2,12131.8,2668,51595,41,0.350427,29584,11650.5,8004,49013
2,9,1.02378e+06,598980,162,86,23.5822,120.745,102.099,13.2667,177.196,0.12994,-3.10433,17.4717,0.808096,101.75,103.763,11.5669,40.8493,84.0014,90.1127,95.6641,99.3163,100.294,102.015,103.763,107.06,109.468,110.883,111.603,113.101,114.557,115.536,8.43775,8.27742,8.51763,102.099,6.1301,-1.88092,1.44806,0.0600409,-0.306833,0.236222,102.957,103.57,77.2643,91.9753,1.62,86,60,11,4,1,0,0,0,0,91.9753,173.256,54.9383,59.2593,103.488,111.628,4607,50780,26893.4,12174,1.49207e+08,0.452675,-0.00596,1.8136,0.482672,4607.25,25458,21156,6048.76,8108.4,10652.4,13922,17243,18801.2,22049,25458,31709.4,36871,38399,39499.8,41996.6,44078.2,48764.5,10644.3,10595.6,22286.2,26893.4,7053.45,-36.0348,-8.97349,0.262274,-0.00510882,-0.00127221,29520.5,31547.5,5,0.0308642,0.1777,0.185222,-0.015694,0.496011,8,0.0493827,1.07281,0.362926,0.55798,1.58605,0,0,0,0,0,0,0,0,0,0,0,0,0,0,0,0,0,0,2,0.0123457,24.1346,0.552423,23.5822,24.6871,43,0.265432,91.3073,8.45202,58.3583,99.8741,104,0.641975,108.06,4.69492,100.924,120.745,5,0.0308642,18577.2,14221,6458,43472,8,0.0493827,16969.2,9841.31,6650,32331,0,0,0,0,0,0,0,0,0,0,0,0,0,0,0,0,0,0,2,0.0123457,12364,1151,11213,13515,43,0.265432,22391.5,11079,5731,41301,104,0.641975,29034.2,12022.3,4607,50780
3,9,1.02379e+06,598980,284,131,17.5842,116.359,83.5624,17.3856,303.427,0.208056,-0.511035,3.09858,0.667968,86.75,85.7044,24.6054,43.9403,54.3819,61.0703,66.9481,73.2846,75.8479,78.2853,85.7044,91.2923,96.3355,97.89,99.5947,103.634,110.005,112.745,14.2569,14.2297,14.2647,83.5624,9.83253,-0.855298,0.735539,0.117667,-0.0869866,0.0748067,85.3518,86.9151,65.1428,91.5493,2.84,131,115,34,3,1,0,0,0,0,91.5493,198.473,47.1831,40.493,102.29,87.7863,3927,58379,27956,12583.1,1.58946e+08,0.450105,-0.037811,1.99479,0.441288,3927.25,28863,20446.5,4825.24,8428.85,10221.3,14016,17727.2,20399,24700.2,28863,32436,36709.6,38173.8,39876.6,44434,47410.8,52692.8,10735.2,10706,24028.7,27956,7266.24,-118.849,198.217,0.259917,-0.0163564,0.0272792,30657.3,32727,11,0.0387324,-0.0041051,0.321976,-0.375932,0.482882,13,0.0457746,0.989117,0.278115,0.572192,1.42516,0,0,0,0,0,0,0,0,0,0,0,0,1,0.00352113,17.5842,0,17.5842,17.5842,6,0.0211268,42.9411,8.65322,24.5611,49.404,203,0.714789,79.6576,13.2209,53.4973,99.8883,50,0.176056,105.61,4.47534,100.011,116.359,11,0.0387324,28882.5,10732.4,14576,45003,13,0.0457746,25872.4,12829.1,8214,45031,0,0,0,0,0,0,0,0,0,0,0,0,1,0.00352113,8434,0,8434,8434,6,0.0211268,18803.3,8744.15,4804,31461,203,0.714789,27688.4,12649.4,3927,58379,50,0.176056,30531.1,11829.6,8331,49581
4,9,1.0238e+06,598980,224,127,14.0291,105.169,56.7448,15.0198,226.654,0.26469,-0.460594,3.99974,0.468686,53.25,59.1585,14.3687,18.5392,26.4726,33.8627,50.1726,51.15,53.0451,55.4756,59.1585,61.6689,64.3135,65.5187,67.0929,70.467,75.3787,93.4331,11.0625,10.8686,11.8636,56.7448,8.07115,-1.052,1.74271,0.142236,-0.130341,0.215918,58.699,60.3279,41.9595,95.5357,2.24,127,79,18,0,0,0,0,0,0,95.5357,168.504,53.125,65.1786,93.7008,114.961,5002,53962,29658.4,12394,1.54332e+08,0.417891,-0.147693,1.92806,0.503603,5002.25,30897.5,20810.5,7297.82,9921.4,11465.8,16915.2,19663.8,21931.2,26820.6,30897.5,34662.2,38383.9,40474.2,41725.8,45268.6,48294.6,50675,10598.7,10581.4,24656.2,29658.4,7167.43,-303.455,151.062,0.241666,-0.0423381,0.0210762,32143.9,34049.1,6,0.0267857,0.209689,0.0956132,0.035554,0.306143,4,0.0178571,1.11748,0.290558,0.80188,1.44399,0,0,0,0,0,0,0,0,0,0,0,0,5,0.0223214,17.9142,2.03775,14.0291,19.8123,37,0.165179,34.8854,7.94469,20.597,49.0522,171,0.763393,62.3269,8.72889,50.1645,93.6295,1,0.00446429,105.169,0,105.169,105.169,6,0.0267857,18359,9499.25,7855,34394,4,0.0178571,21426.2,8146.06,10785,33635,0,0,0,0,0,0,0,0,0,0,0,0,5,0.0223214,19005.2,9267.21,10384,31764,37,0.165179,23238.7,11677.5,7559,50213,171,0.763393,31309.9,12035.2,5002,53962,1,0.00446429,38044,0,38044,38044
5,9,1.02381e+06,598980,213,137,9.84785,123.686,60.1353,34.3005,1182.65,0.57039,0.314487,1.52126,0.441743,26.25,51.8631,69.2071,11.426,18.9993,21.2961,26.5515,27.4284,28.3822,40.1618,51.8631,56.5722,95.6821,96.6355,99.6003,108.588,110.638,119.688,31.2546,29.9918,35.9599,60.1353,19.352,2.02566,-1.35597,0.321808,0.104674,-0.0700687,69.2299,76.1975,48.3755,90.6103,2.13,137,62,13,1,0,0,0,0,0,90.6103,140.876,35.6808,75.1174,55.4745,116.788,5001,57006,31552,12898.8,1.67245e+08,0.40881,-0.21268,1.94115,0.510547,5001.25,33446,21961,6497.36,9738.2,12739,18432.2,20153,22876.4,28407.6,33446,36161.6,40359.4,42114,44093.4,47736.2,49960,52734.4,11075.3,10981.7,26550.8,31552,7449.86,-453.413,153.192,0.236114,-0.0608619,0.0205631,34086.8,36012.1,10,0.0469484,0.288839,0.181083,-0.128552,0.477675,10,0.0469484,0.751032,0.224571,0.540364,1.28844,0,0,0,0,0,0,1,0.00469484,9.84785,0,9.84785,9.84785,11,0.0516432,16.3683,2.97792,10.913,19.4649,83,0.389671,31.8418,8.50579,20.255,49.8601,63,0.295775,78.8717,19.7605,50.1438,100,35,0.164319,108.698,6.90006,100.147,123.686,10,0.0469484,36444.4,11364.8,10385,49248,10,0.0469484,30376.1,13407.7,11502,53103,0,0,0,0,0,0,1,0.00469484,26763,0,26763,26763,11,0.0516432,25211.1,10096.5,10885,43766,83,0.389671,27968.4,12433.4,6099,52199,63,0.295775,36041.3,11840.3,8222,52727,35,0.164319,34099.2,13415.3,5001,57006
6,9,1.02382e+06,598980,103,55,8.51694,121.351,93.972,28.0142,796.167,0.298112,-2.02276,6.51548,0.757352,102.75,102.931,24.8757,8.54044,12.571,76.4681,81.4605,85.026,94.1381,101.423,102.931,104.037,105.37,109.902,114.353,117.823,119.474,120.819,19.0928,16.8839,16.8926,93.972,13.2811,-5.11684,3.66986,0.14133,-0.385274,0.276323,98.0588,100.22,84.989,67.9612,1.03,55,35,11,2,0,0,0,0,0,67.9612,127.273,47.5728,36.8932,89.0909,69.0909,3991,54632,31262.1,14453.8,2.11941e+08,0.462344,-0.117038,1.834,0.538518,3991.25,31467.5,26176.5,5081.89,8662.95,11134.6,15802.2,17352.2,23050.2,27601.6,31467.5,36829.4,40510.5,43528.8,46035,51129.4,51256.4,54282.9,12344.8,12340.1,27270.9,31262.1,8440.48,-291.364,33.2043,0.269991,-0.0345198,0.00393394,34441.7,36789.4,27,0.262136,0.115418,0.178359,-0.170408,0.493746,6,0.0582524,0.67478,0.129457,0.512225,0.841135,0,0,0,0,0,0,2,0.0194175,8.53397,0.0170298,8.51694,8.551,4,0.038835,13.6738,3.45977,10.1026,19.3854,0,0,0,0,0,0,21,0.203883,86.1231,7.45334,76.4369,98.004,43,0.417476,109.249,6.82297,101.354,121.351,27,0.262136,30813.6,13713.7,9461,52646,6,0.0582524,24766.3,11772.1,12596,41952,0,0,0,0,0,0,2,0.0194175,12431.5,1543.5,10888,13975,4,0.038835,21933.5,9194.28,7386,30996,0,0,0,0,0,0,21,0.203883,26786.7,13373.5,5572,53124,43,0.417476,35191.4,13962.9,3991,54632
7,9,1.02383e+06,598980,200,90,57.2552,131.408,98.4835,18.3537,338.977,0.186363,-0.256622,2.49176,0.555992,97.75,99.5424,27.5691,58.5881,66.634,73.1019,82.9829,83.7783,85.6025,97.7805,99.5424,102.871,108.169,111.347,114.92,122.291,129.581,131.004,14.4008,14.3104,14.5229,98.4835,10.4233,-0.608179,1.20221,0.105838,-0.0583479,0.115338,100.179,101.741,40.3171,80,2,90,76,28,6,0,0,0,0,0,80,177.778,45.5,48,101.111,106.667,3497,55373,27175.3,13719.1,1.89396e+08,0.504835,0.118834,1.95372,0.45644,3497.25,25974.5,24483.5,5096.55,6950.75,8974.6,12459.8,13914.2,18599,23553.8,25974.5,31073.6,36447.9,38397.8,40771.4,45149.7,49814.9,54459.4,11662.3,11624.9,23678.1,27175.3,7941.87,242.86,176.055,0.292246,0.0305797,0.022168,30441.9,32933.4,36,0.18,0.1286,0.190659,-0.274348,0.465907,4,0.02,0.545093,0.0238658,0.505233,0.565856,0,0,0,0,0,0,0,0,0,0,0,0,0,0,0,0,0,0,0,0,0,0,0,0,85,0.425,85.0892,12.9533,57.2552,99.8962,75,0.375,113.664,9.73159,100.374,131.408,36,0.18,33570.9,14108.2,7557,51117,4,0.02,30041.5,15685.3,9662,47208,0,0,0,0,0,0,0,0,0,0,0,0,0,0,0,0,0,0,0,0,0,0,0,0,85,0.425,25557.1,14027.3,5583,54611,75,0.375,29009.3,13122.1,3497,55373
8,9,1.02384e+06,598980,231,97,4.23303,148.475,119.135,25.6585,661.496,0.215373,-2.46932,10.9379,0.796593,101.75,126.375,26.4009,5.63114,85.3232,98.8646,103.889,109.06,110.898,120.628,126.375,129.728,133.807,135.461,137.585,141.208,143.613,146.659,17.7333,16.8542,25.22,119.135,12.2154,-3.80545,2.49619,0.102534,-0.31153,0.204348,121.867,123.518,113.568,91.342,2.31,97,83,41,10,0,0,0,0,0,91.342,217.526,56.71,77.4892,135.052,184.536,5093,55348,27093.8,12966.6,1.68934e+08,0.478582,0.270095,2.03757,0.437784,5093.25,26398,20560,6791.1,8353,9431,14183,16119.5,17978,23202,26398,29180,32809,36679.5,40149,46594,49181.5,52542.5,10774.5,10748,22000.6,27093.8,7466.13,529.172,291.991,0.275566,0.0708764,0.0391087,30036.8,32441.8,19,0.0822511,-0.0222154,0.241641,-0.368494,0.482097,1,0.004329,0.602625,0,0.602625,0.602625,2,0.00865801,4.59606,0.363025,4.23303,4.95908,2,0.00865801,5.80735,0.220268,5.58709,6.02762,2,0.00865801,16.4022,0.208611,16.1936,16.6108,1,0.004329,28.3097,0,28.3097,28.3097,18,0.0779221,91.0222,8.71599,75.327,99.9971,186,0.805195,125.899,13.4261,100.41,148.475,19,0.0822511,30866.1,13104.2,10399,48663,1,0.004329,25713,0,25713,25713,2,0.00865801,21725.5,730.5,20995,22456,2,0.00865801,38838.5,6228.5,32610,45067,2,0.00865801,20230,3027,17203,23257,1,0.004329,10196,0,10196,10196,18,0.0779221,14849.7,8086,5093,36597,186,0.805195,28374.9,12802.3,6670,55348
9,9,1.02385e+06,598980,234,131,16.4248,155.098,129.183,25.4006,648.021,0.196626,-2.51082,10.5383,0.81312,138.75,137.865,23.2693,17.7419,90.5957,101.795,117.876,121.573,126.939,132.505,137.865,140.033,143.623,144.842,146.507,148.665,151.081,154.201,17.2443,15.8486,15.8638,129.183,11.8348,-4.6412,2.85943,0.0916134,-0.392164,0.241611,131.656,133.227,111.485,97.8633,2.34,131,80,19,4,0,0,0,0,0,97.8633,174.809,63.6752,46.5812,113.74,83.2061,1824,54574,29546.2,12895.1,1.67013e+08,0.436439,-0.15151,1.90369,0.525539,1824.25,30666,20013,6598.76,8863,10650,16404.8,19678,21317.4,25495.4,30666,35314,37964.2,39691,41780,46916,48819,50396.2,11157.9,11100.3,27721.9,29546.2,7450.68,-324.7,127.167,0.252171,-0.0435799,0.0170678,32237.6,34258.5,4,0.017094,0.0582271,0.0297815,0.0109192,0.0929938,1,0.0042735,0.522478,0,0.522478,0.522478,0,0,0,0,0,0,0,0,0,0,0,0,4,0.017094,17.3998,0.60826,16.4248,18.0937,3,0.0128205,28.1687,0.787349,27.5758,29.2814,14,0.0598291,88.7996,9.002,63.8749,99.9309,208,0.888889,135.507,12.9471,100.064,155.098,4,0.017094,23918.2,10740.8,13866,41270,1,0.0042735,18180,0,18180,18180,0,0,0,0,0,0,0,0,0,0,0,0,4,0.017094,14424.2,4797.51,7412,19678,3,0.0128205,12996,2856.72,9976,16830,14,0.0598291,21952.7,11665.7,9734,48535,208,0.888889,30586.8,12650.7,1824,54574
10,9,1.02386e+06,598980,253,137,4.86783,144.46,105.389,33.2732,1111.75,0.315718,-1.30755,4.18935,0.720107,136.75,114.094,40.4302,10.5473,25.2236,60.3573,82.9267,92.2661,94.327,105.91,114.094,117.694,128.885,132.696,135.668,138.683,139.659,141.726,25.1932,24.1061,32.166,105.389,17.5491,-4.88177,2.5252,0.166517,-0.278178,0.143894,110.517,113.765,98.7761,94.4664,2.53,137,82,27,7,0,0,0,0,0,94.4664,174.453,57.3123,15.0198,105.839,27.7372,3380,54186,28736.9,12887.6,1.66788e+08,0.448469,0.035694,2.04265,0.499092,3380.25,28835,19806,6101.6,8521.7,11314.6,15126.4,18741.5,20257.8,24980,28835,33186.8,36775.2,38547.5,40888,46187.2,50158.1,53744.7,10884.8,10883.7,25356.6,28736.9,7448.48,45.2323,308.952,0.259196,0.00607269,0.0414785,31494.4,33657,7,0.027668,0.120865,0.155105,-0.0924553,0.359376,7,0.027668,0.882528,0.240407,0.570336,1.31047,1,0.00395257,4.86783,0,4.86783,4.86783,1,0.00395257,8.92254,0,8.92254,8.92254,5,0.0197628,11.9658,1.30866,10.3513,14.0445,14,0.055336,26.9853,4.41361,21.4261,33.8434,55,0.217391,83.1963,11.2165,56.4374,96.8644,163,0.644269,123.685,12.7824,102.227,144.46,7,0.027668,33010.7,12843.5,12054,49596,7,0.027668,20366.1,8404.71,7611,30253,1,0.00395257,35268,0,35268,35268,1,0.00395257,22985,0,22985,22985,5,0.0197628,16615.2,6271.54,10856,28042,14,0.055336,23402.7,9297.46,11451,41295,55,0.217391,27895.7,11833.2,7739,54052,163,0.644269,29845.9,13370.4,3380,54186
11,9,1.02387e+06,598980,197,106,52.2336,128.577,96.7678,17.8135,318.957,0.184085,-0.267081,2.32682,0.58334,82.25,99.2389,28.5696,54.6106,69.8044,73.5209,82.1976,83.4847,85.2342,92.1172,99.2389,101.873,105.623,112.054,116.984,120.63,121.878,124.685,14.8423,14.8135,19.011,96.7678,10.2048,-0.560895,0.579612,0.105457,-0.0549636,0.0567978,98.3937,99.8914,43.9368,98.9848,1.97,106,71,16,4,0,0,0,0,0,98.9848,183.962,51.7766,78.6802,96.2264,146.226,4498,54954,28855.1,13097.2,1.7242e+08,0.453895,0.108999,1.9662,0.482739,26465.2,27672,20472,5914.24,8542,11399.6,16274.2,18506.5,19951,24404.8,27672,32873.4,37473,38978.5,41804.4,48020.2,50041.7,53364.1,11208.7,11183,11202.5,28855.1,7582.63,223.667,227.185,0.262783,0.0294974,0.0299612,31688.3,33946.6,2,0.0101523,-0.0675646,0.130398,-0.197963,0.0628338,0,0,0,0,0,0,0,0,0,0,0,0,0,0,0,0,0,0,0,0,0,0,0,0,0,0,0,0,0,0,100,0.507614,82.3955,11.1898,52.2336,99.9711,95,0.482234,111.897,8.55734,100.022,128.577,2,0.0101523,17261,9171,8090,26432,0,0,0,0,0,0,0,0,0,0,0,0,0,0,0,0,0,0,0,0,0,0,0,0,0,0,0,0,0,0,100,0.507614,26552.6,12996.8,5542,54954,95,0.482234,31278.7,12760.9,4498,53349
12,9,1.02388e+06,598980,222,141,2.07042,123.137,94.6761,17.2754,299.868,0.182469,-2.04338,11.0362,0.764918,102.75,96.7327,14.4219,13.6787,69.3226,74.2834,86.5056,89.2681,90.5669,93.4546,96.7327,99.0734,102.811,103.69,105.977,113.448,118.273,122.288,11.6468,11.4932,12.6847,94.6761,8.62806,-1.55992,2.17873,0.0911324,-0.180796,0.252516,96.2393,97.3598,90.7255,94.5946,2.22,141,63,16,1,1,0,0,0,0,94.5946,148.936,53.1532,29.2793,83.6879,46.0993,3571,56364,32071.9,13836.8,1.92374e+08,0.431432,-0.289671,1.95185,0.539862,3571.25,34463.5,22439,4968.31,8380.35,11709.5,17406.2,21430,23690.2,28535,34463.5,38816.8,41822.6,43869,45341.4,49104.3,51958.4,54333.2,11960.2,11835.2,28500.7,32071.9,7969.06,-667.347,159.697,0.248475,-0.0837422,0.0200397,34929.4,36997.6,8,0.036036,-0.0125338,0.224299,-0.396061,0.431421,4,0.018018,1.14966,0.366713,0.648934,1.65333,1,0.0045045,2.07042,0,2.07042,2.07042,2,0.00900901,9.26979,0.398229,8.87156,9.66802,0,0,0,0,0,0,0,0,0,0,0,0,127,0.572072,87.9739,10.7557,54.231,99.8688,80,0.36036,108.609,6.69129,100.733,123.137,8,0.036036,22477.6,12631,6936,46379,4,0.018018,23478.2,8739.82,9856,32952,1,0.0045045,31274,0,31274,31274,2,0.00900901,18471,5005,13466,23476,0,0,0,0,0,0,0,0,0,0,0,0,127,0.572072,31950.2,14071.2,3571,56364,80,0.36036,32615.1,13515.9,4821,55328
13,9,1.02389e+06,598980,211,121,2.11843,98.1861,68.6835,21.495,464.506,0.312958,-1.25853,3.79637,0.692897,80.25,76.6324,15.1792,2.62757,28.3493,29.1781,49.7141,66.1061,70.1233,74.8486,76.6324,79.1732,80.5492,81.2853,82.338,84.3916,95.3397,97.5793,16.6738,14.6071,15.169,68.6835,11.0508,-3.5163,2.11445,0.160895,-0.318193,0.191338,71.9684,74.0905,65.6512,89.0995,2.11,121,68,18,4,0,0,0,0,0,89.0995,155.372,64.9289,29.3839,113.223,51.2397,2289,53458,28637.1,12230.8,1.50392e+08,0.427096,-0.157209,2.0068,0.514922,14385.2,30431.5,20032.2,5821.75,8979.3,11256.5,15409.4,18373,21106.6,25980.8,30431.5,33969.8,36851.5,38405.2,39509.8,43425.9,46426.2,52024.7,10493.5,10435.3,15691.2,28637.1,7053.3,-348.59,223.914,0.246299,-0.0494223,0.0317461,31139.6,33034.2,15,0.07109,0.0396441,0.197235,-0.300133,0.473337,8,0.0379147,1.01305,0.399492,0.665072,1.81769,3,0.014218,2.33459,0.254919,2.11843,2.69254,1,0.00473934,5.87081,0,5.87081,5.87081,1,0.00473934,12.3242,0,12.3242,12.3242,34,0.161137,35.4287,8.6976,24.2605,49.7153,149,0.706161,78.4075,9.0759,50.2066,98.1861,0,0,0,0,0,0,15,0.07109,38049.3,12507.9,7554,50368,8,0.0379147,33372.6,11922.2,13659,47034,3,0.014218,20215.3,7395.91,10182,27791,1,0.00473934,15863,0,15863,15863,1,0.00473934,15978,0,15978,15978,34,0.161137,24679.7,10268,6068,39794,149,0.706161,29880.3,12444.6,2289,53458,0,0,0,0,0,0
14,9,1.0239e+06,598980,200,105,2.35846,87.2967,44.8314,21.7328,475.158,0.484767,0.196629,2.10544,0.500045,38.75,39.81,38.1052,3.83992,13.1219,15.8497,24.8376,28.4885,30.9545,38.4469,39.81,44.9835,55.7179,66.5937,68.6447,77.9244,81.3051,85.5972,18.1588,17.7833,17.8333,44.8314,12.4716,0.711217,0.728651,0.27819,0.0570268,0.0584247,49.8213,53.7914,41.3495,83.5,2,105,75,17,2,1,0,0,0,0,83.5,159.048,34,48,64.7619,91.4286,3737,56813,28325.2,12968.7,1.692e+08,0.457851,0.121207,1.96918,0.463264,3737.25,28005,20920.5,5938.2,8572.9,11486.2,15643.6,17607.5,19602,23552.2,28005,31524.2,36886,38528,41705.6,45741.2,49165.5,53486.1,11096.7,11094.1,24587.9,28325.2,7512.13,235.83,184.541,0.26521,0.0313932,0.0245658,31152.9,33406.6,23,0.115,0.184405,0.216579,-0.276321,0.479158,10,0.05,0.772513,0.323967,0.509609,1.63195,4,0.02,3.57929,1.07683,2.35846,4.8425,3,0.015,7.74047,1.32352,5.93466,9.06981,14,0.07,15.1152,1.60138,12.3707,18.2779,85,0.425,35.3742,7.61879,20.0657,49.3716,61,0.305,69.3586,10.1633,53.2253,87.2967,0,0,0,0,0,0,23,0.115,37831.7,10939.5,17104,52848,10,0.05,30006.4,12722.1,14306,50842,4,0.02,19840,4878.41,12413,26081,3,0.015,22468,5379.11,14879,26718,14,0.07,19266.3,8877.79,4935,35363,85,0.425,27449.7,12703.5,3737,53481,61,0.305,32468.6,13077.6,8813,56813,0,0,0,0,0,0
15,9,1.02391e+06,598980,218,142,7.16742,86.6476,39.0505,20.1063,406.837,0.514878,0.839995,3.63973,0.401146,34.25,37.7593,12.6878,7.7118,8.98718,14.2964,19.0749,33.6083,34.1085,34.8375,37.7593,39.2562,44.1426,46.2961,46.7087,82.5262,84.5674,86.0287,13.8984,13.772,14.1898,39.0505,10.6144,1.35985,2.38706,0.271813,0.128113,0.224888,43.9227,48.4508,32.3055,72.4771,2.18,142,61,13,1,1,0,0,0,0,72.4771,111.268,29.3578,49.0826,45.0704,75.3521,6651,54105,30392.6,11705.9,1.37902e+08,0.385158,-0.0818511,2.06604,0.500307,36024.2,30600.5,19636.8,7299.81,10485.8,15077,19487.8,20543.8,22922,26721.4,30600.5,34907.8,38808.6,40180.5,41792.2,44931.3,48068.6,53130.3,9947.65,9947.65,10661.9,30392.6,6771.77,-162.056,261.619,0.22281,-0.0239312,0.0386338,32569,34323.5,51,0.233945,0.065098,0.224393,-0.34529,0.479752,9,0.0412844,0.674954,0.162545,0.512356,0.963081,0,0,0,0,0,0,10,0.0458716,8.37611,0.634198,7.16742,9.32752,22,0.100917,14.6278,1.43473,11.2643,16.7338,101,0.463303,38.439,5.48381,22.5865,47.9329,25,0.114679,75.2832,14.6933,50.9015,86.6476,0,0,0,0,0,0,51,0.233945,39309,14582.5,7604,58063,9,0.0412844,42996.7,16330.8,9295,62894,0,0,0,0,0,0,10,0.0458716,26957.1,6173.79,17969,36234,22,0.100917,32273,10803.2,11486,48112,101,0.463303,29951.4,12480.9,6651,54105,25,0.114679,31894.3,10386.2,9855,46705,0,0,0,0,0,0
16,9,1.02392e+06,598980,77,54,2.04596,47.1479,16.5543,14.4919,217.792,0.875413,0.603155,2.00653,0.321679,2.25,9.20177,27.4125,2.07043,2.18632,2.3527,2.71745,2.87594,3.19528,7.69954,9.20177,17.0417,30.0918,30.2885,30.4151,30.9185,41.6526,47.137,13.2639,12.3378,14.327,16.5543,8.09289,1.68094,-0.584249,0.488869,0.207706,-0.0721929,22.0013,25.6127,13.4812,36.3636,0.77,54,17,5,1,0,0,0,0,0,36.3636,51.8519,14.2857,33.7662,20.3704,48.1481,5069,59150,30248.6,15642.6,2.53752e+08,0.517133,-0.0196521,1.74021,0.465591,5069.25,28887,30826.5,5330.36,6998.1,9530.6,14232.2,15067.2,17826,26393.4,28887,37280.4,43236.2,45893.8,46619.6,48617.5,50529.6,57079.6,13743,13743,25179.4,30248.6,9299.07,-126.613,-240.384,0.307421,-0.0136156,-0.0258503,34053.9,36792.6,24,0.311688,0.192719,0.198815,-0.191918,0.478719,25,0.324675,0.948461,0.318623,0.561457,1.71154,10,0.12987,2.69229,0.597347,2.04596,4.20738,5,0.0649351,8.32273,0.822255,7.13499,9.50526,2,0.025974,13.596,0.30307,13.293,13.8991,11,0.142857,33.4356,6.47117,29.6123,47.1479,0,0,0,0,0,0,0,0,0,0,0,0,24,0.311688,44238.2,13252.7,12534,56375,25,0.324675,42109,12311.7,18008,61706,10,0.12987,43417.6,10426.2,25503,59150,5,0.0649351,15062.4,8608.14,6037,30843,2,0.025974,20388.5,6227.5,14161,26616,11,0.142857,26972.4,13870.6,5069,45821,0,0,0,0,0,0,0,0,0,0,0,0
17,9,1.02393e+06,598980,63,56,3.64298,51.1865,22.0088,17.898,347.035,0.813221,0.338931,1.41786,0.386295,4.75,19.8177,36.3572,3.71424,3.99931,4.31841,4.69861,4.77964,4.78836,6.62515,19.8177,23.6722,38.4134,41.1369,42.7057,43.9523,46.8761,50.3245,16.4048,15.995,17.5243,22.0088,10.5968,1.94027,-1.94809,0.481482,0.183099,-0.183837,28.3677,32.3181,17.5231,20.6349,0.63,56,7,0,0,0,0,0,0,0,20.6349,23.2143,7.93651,15.873,8.92857,17.8571,8369,49521,22344.6,10077.2,1.10012e+08,0.45099,1.21991,4.52503,0.33961,8369.25,20599,12426,8822.72,10637.6,12674.4,15269.6,16016,16125.2,19199.6,20599,21975.8,26241.8,28442,28878.2,29228.2,37354.2,47087.6,7604.14,7305.46,13975.4,22344.6,5714.4,1260.28,1409.36,0.255739,0.220545,0.246634,24511.9,26782.9,43,0.68254,0.0369106,0.171467,-0.182266,0.455396,7,0.111111,0.912145,0.507873,0.509374,1.84126,5,0.0793651,4.41965,0.437513,3.64298,4.79417,1,0.015873,7.0829,0,7.0829,7.0829,1,0.015873,19.8177,0,19.8177,19.8177,5,0.0793651,37.1859,8.78555,20.4408,44.0025,1,0.015873,51.1865,0,51.1865,51.1865,0,0,0,0,0,0,43,0.68254,50455.4,7162.04,30187,61381,7,0.111111,51469.1,7603.95,35747,61368,5,0.0793651,20140.4,7973.13,8369,29169,1,0.015873,20599,0,20599,20599,1,0.015873,24775,0,24775,24775,5,0.0793651,26450.8,12496.5,16016,49521,1,0.015873,12150,0,12150,12150,0,0,0,0,0,0
18,9,1.02394e+06,598980,136,87,4.18616,71.8145,41.1148,12.4466,156.565,0.302727,-0.786714,3.70073,0.546052,42.75,42.7881,16.3187,6.33274,21.8039,23.527,34.0113,35.8301,36.5963,40.8618,42.7881,43.5978,50.5405,52.1489,52.5623,53.6566,56.074,57.8906,9.55191,9.37969,9.38009,41.1148,6.8475,-1.1222,0.935156,0.166546,-0.163884,0.136569,42.9575,44.3262,36.6273,69.8529,1.36,87,36,13,0,0,0,0,0,0,69.8529,109.195,41.1765,35.2941,64.3678,55.1724,3727,52243,26752.4,12340,1.53896e+08,0.461267,0.058114,1.90902,0.474594,3727.25,28130,20029,5134.18,8644.7,9537.6,15132.8,16752.5,18865.8,21958.2,28130,30166.2,35686.8,36781.5,37642.8,44101.4,46290.6,49219,10749.5,10735,23025.2,26752.4,7175.78,103.592,119.942,0.268229,0.0144363,0.0167148,29461.3,31574.1,40,0.294118,0.0105641,0.164542,-0.408251,0.356422,1,0.00735294,1.04207,0,1.04207,1.04207,1,0.00735294,4.18616,0,4.18616,4.18616,3,0.0220588,7.75664,1.41232,6.46976,9.72293,0,0,0,0,0,0,60,0.441176,36.8115,7.54896,21.0876,47.013,31,0.227941,53.8633,3.76973,50.0571,71.8145,0,0,0,0,0,0,40,0.294118,47803.1,12136.4,17586,63050,1,0.00735294,50491,0,50491,50491,1,0.00735294,18822,0,18822,18822,3,0.0220588,16993.7,2228.88,14323,19779,0,0,0,0,0,0,60,0.441176,27676.6,13011.6,3727,52243,31,0.227941,26163.9,11191.4,5224,49026,0,0,0,0,0,0
19,9,1.02395e+06,598980,166,96,2.31462,71.4651,47.2509,16.8626,286.587,0.356874,-0.705046,2.39619,0.649834,53.75,52.0892,22.1143,8.50369,17.3564,19.8512,28.0647,39.9586,40.456,46.7669,52.0892,53.9329,60.3264,62.0729,63.3508,65.1539,66.7799,69.9643,13.9265,13.5682,13.6678,47.2509,9.44429,-1.81628,0.409305,0.199875,-0.192315,0.0433389,50.1697,52.2226,44.2579,77.1084,1.66,96,50,18,2,0,0,0,0,0,77.1084,133.333,44.5783,33.7349,77.0833,58.3333,3228,48607,21076.6,10024.8,1.01287e+08,0.475635,0.367105,2.42325,0.393323,3228.25,20670,13552.8,4959.08,6425.75,8644.4,11626,12979,14375.5,17850.6,20670,23179,25688.7,26531.8,30092.4,36261,38167.2,44022.6,8252.2,8243.77,17848.3,21076.6,5750.86,455.292,403.153,0.272855,0.0791695,0.0701031,23339.2,25243.9,16,0.0963855,0.295005,0.159519,-0.00323129,0.491773,22,0.13253,0.948624,0.383961,0.515527,1.69911,1,0.0060241,2.31462,0,2.31462,2.31462,1,0.0060241,5.65853,0,5.65853,5.65853,11,0.0662651,17.5602,1.06216,16.1962,19.4952,47,0.283133,37.2115,9.88932,20.0038,49.4752,68,0.409639,60.2653,5.53994,50.8823,71.4651,0,0,0,0,0,0,16,0.0963855,40429.2,15513.8,12173,63145,22,0.13253,44641.3,13138.4,14518,59921,1,0.0060241,48607,0,48607,48607,1,0.0060241,22627,0,22627,22627,11,0.0662651,18678.5,11690.3,6082,45455,47,0.283133,17298.8,9034.96,3228,38824,68,0.409639,23648,9058.31,4850,40150,0,0,0,0,0,0
0,10,1.02376e+06,598970,138,75,57.2581,141.836,114.812,16.6714,279.981,0.145207,-0.818317,3.92729,0.680486,104.25,116.8,19.9622,64.7508,89.7882,95.3959,104.113,104.56,104.891,114.476,116.8,122.871,123.675,124.522,129.636,134.085,139.278,141.335,13.264,13.069,16.0898,114.812,9.22029,-1.13933,1.16558,0.0803077,-0.123568,0.126415,116.016,117.091,57.0702,99.2754,1.38,75,39,18,5,1,0,0,0,0,99.2754,182.667,56.5217,76.8116,104,141.333,3656,56368,26622.9,13446.8,1.82145e+08,0.505082,0.0252131,1.94831,0.435706,3656.25,26605,22907,3804.96,5633.8,8450.8,13180,15137,17822.6,21755.4,26605,32448.2,35305.2,38044,38769.6,43403.4,46301,53867.5,11638.6,11638.5,22966.7,26622.9,7791.85,-4.7636,131.62,0.292674,-0.000611357,0.0168921,29826.1,32195.6,1,0.00724638,-0.0525337,0,-0.0525337,-0.0525337,0,0,0,0,0,0,0,0,0,0,0,0,0,0,0,0,0,0,0,0,0,0,0,0,0,0,0,0,0,0,22,0.15942,87.2082,12.2473,57.2581,97.2174,115,0.833333,120.093,11.3472,102.669,141.836,1,0.00724638,6897,0,6897,6897,0,0,0,0,0,0,0,0,0,0,0,0,0,0,0,0,0,0,0,0,0,0,0,0,0,0,0,0,0,0,22,0.15942,17988.8,11167.5,3656,41609,115,0.833333,28274.7,13212,3657,56368
1,10,1.02377e+06,598970,153,75,26.3431,139.427,103.283,25.5473,656.986,0.247352,-1.05612,4.08701,0.680378,86.75,105.148,37.3165,27.6687,43.6018,77.4097,86.8224,87.2232,88.1781,101.286,105.148,109.744,123.286,124.54,126.135,130.544,136.246,138.481,19.5276,19.4891,24.8624,103.283,13.8314,-2.38848,1.78122,0.133917,-0.172686,0.128781,106.396,108.757,75.234,99.3464,1.53,75,70,7,1,0,0,0,0,0,99.3464,202.667,52.9412,80.3922,108,164,4348,54164,26170.1,12123.3,1.47947e+08,0.463248,0.0539161,2.0956,0.438055,4348.25,25857,18807.8,5086.56,6633.15,9566.2,14284,16292.8,18697.4,22959.4,25857,30328.2,33838,35100.5,36696,42727.2,45934.9,49704.1,10253.1,10250.4,21821.9,26170.1,7017.12,60.9541,333.634,0.268135,0.00868649,0.0475458,28841.8,30919.1,1,0.00653595,-0.345536,0,-0.345536,-0.345536,0,0,0,0,0,0,0,0,0,0,0,0,0,0,0,0,0,0,0,0,0,0,0,0,11,0.0718954,37.0268,7.38707,26.3431,47.5896,48,0.313725,87.7788,7.45186,57.1029,99.9724,93,0.607843,119.122,11.7228,100.487,139.427,1,0.00653595,30737,0,30737,30737,0,0,0,0,0,0,0,0,0,0,0,0,0,0,0,0,0,0,0,0,0,0,0,0,11,0.0718954,16804.9,7305.85,7761,29894,48,0.313725,24498.6,11298.4,4348,47110,93,0.607843,28140.6,12341.7,4956,54164
2,10,1.02378e+06,598970,196,103,20.4972,139.757,106.872,20.6074,426.899,0.192823,-1.69069,6.18309,0.724257,116.25,113.633,18.5153,38.4596,57.6006,84.1455,98.2841,101.329,103.738,106.848,113.633,116.123,118.547,119.845,120.709,123.918,127.076,139.53,14.499,14.0879,14.2363,106.872,10.3378,-3.1328,2.46306,0.0967307,-0.303044,0.238258,108.84,110.302,85.2027,97.449,1.96,103,72,18,3,0,0,0,0,0,97.449,185.437,58.1633,37.7551,110.68,71.8447,4577,50298,26060.5,11698.1,1.37566e+08,0.448883,-0.0151446,2.0215,0.469882,4577.25,26592,18478,5843.2,7645,9514,13646,16303.5,18708,22522,26592,30221,33357,34781.5,37058,41364,43111.5,49080,9901.99,9890.11,21483.2,26060.5,6765.5,-62.7362,249.402,0.259608,-0.00927295,0.0368638,28565.6,30500.3,4,0.0204082,-0.0409383,0.139997,-0.213533,0.152263,1,0.00510204,0.855951,0,0.855951,0.855951,0,0,0,0,0,0,0,0,0,0,0,0,0,0,0,0,0,0,6,0.0306122,37.8718,8.45486,20.4972,48.1493,38,0.193878,83.7046,15.3853,55.7349,99.9915,147,0.75,115.677,8.77874,100.465,139.757,4,0.0204082,12277,5405.05,7006,21265,1,0.00510204,9376,0,9376,9376,0,0,0,0,0,0,0,0,0,0,0,0,0,0,0,0,0,0,6,0.0306122,24729.5,10239.2,13008,36192,38,0.193878,18891.8,10191.6,4577,42670,147,0.75,27967.9,11387.7,5458,50298
3,10,1.02379e+06,598970,289,166,9.85096,131.365,74.4858,33.8275,1148.55,0.454147,-0.318209,1.77614,0.531914,117.25,81.5634,63.1186,14.6879,19.1464,24.1922,37.3129,43.0623,52.8391,68.2791,81.5634,89.832,103.142,106.181,109.811,114.993,117.352,122.613,29.5002,28.8923,43.1553,74.4858,19.3834,-1.94366,-0.400753,0.26023,-0.100274,-0.0206751,81.8073,86.9179,63.836,93.4256,2.89,166,96,25,2,0,0,0,0,0,93.4256,162.651,54.3253,5.88235,94.5783,10.241,6299,52674,27877.2,11911.1,1.42401e+08,0.427269,-0.0376619,1.85097,0.465297,6299.25,28342.5,19612.8,7025.29,9938.9,11443.7,14628.2,18039.2,19580.6,24159.6,28342.5,32315.2,36216.9,37652,39684.2,43801.4,45621.9,49479.7,10301.5,10298.4,21577.9,27877.2,6892.89,-85.1451,47.2672,0.247259,-0.0123526,0.00685738,30315.2,32225.6,9,0.0311419,0.299787,0.137983,0.0209494,0.490223,10,0.0346021,0.793477,0.21271,0.507877,1.08584,0,0,0,0,0,0,2,0.00692042,9.91096,0.0600057,9.85096,9.97097,13,0.0449827,16.557,1.77502,11.9159,19.8565,57,0.197232,31.2652,8.2091,20.2156,49.1345,114,0.394464,76.0958,14.601,50.0742,99.1287,84,0.290657,112.132,5.96879,100.641,131.365,9,0.0311419,28784.1,14808.8,9528,53797,10,0.0346021,37429.6,11056.6,18367,50532,0,0,0,0,0,0,2,0.00692042,12986,1491,11495,14477,13,0.0449827,27199.5,10275.8,10540,44358,57,0.197232,28084.9,10776.2,8555,47481,114,0.394464,28057.6,12350.3,6582,52674,84,0.290657,27950.7,12181.7,6299,50011
4,10,1.0238e+06,598970,142,92,3.27141,82.118,45.6132,15.8043,251.894,0.346486,0.369462,3.89419,0.537015,47.75,47.6306,9.6357,9.10239,23.2093,24.7911,30.5815,40.7167,41.9916,47.0185,47.6306,47.9716,50.2042,50.3524,50.5799,59.7784,81.585,81.9971,10.9667,10.6003,10.604,45.6132,8.30618,0.092638,2.18845,0.1821,0.0111529,0.263472,48.2736,50.7279,41.4918,83.8028,1.42,92,38,10,2,0,0,0,0,0,83.8028,129.348,50.7042,40.1408,78.2609,61.9565,4844,54813,27909.3,13298.9,1.7836e+08,0.476505,0.1448,1.86889,0.461592,4844.25,27675,21789,5876.44,8313.6,10298.4,14466,17306.5,18457.2,21703.4,27675,32943.4,36655.4,39095.5,40587.8,46170.4,49580.9,53463.1,11632.2,11630.2,23065.1,27909.3,7718.39,315.292,54.3888,0.276553,0.0408495,0.00704665,30915.9,33288.6,19,0.133803,0.116577,0.20385,-0.183527,0.498015,4,0.028169,0.817052,0.259748,0.612727,1.26147,1,0.00704225,3.27141,0,3.27141,3.27141,1,0.00704225,7.54647,0,7.54647,7.54647,2,0.0140845,16.2847,0.0942163,16.1905,16.3789,78,0.549296,40.0641,9.25591,22.8582,49.9136,37,0.260563,61.07,13.5938,50.1749,82.118,0,0,0,0,0,0,19,0.133803,37049.1,13361,7110,53895,4,0.028169,42186.8,7501.83,30647,49546,1,0.00704225,39755,0,39755,39755,1,0.00704225,12918,0,12918,12918,2,0.0140845,15830.5,1784.5,14046,17615,78,0.549296,27114.2,13356.7,5488,54813,37,0.260563,30323.4,12947.9,4844,52452,0,0,0,0,0,0
5,10,1.02381e+06,598970,90,38,4.34191,105.79,26.2771,17.2775,305.618,0.657509,2.43541,11.1022,0.216221,18.25,23.1616,8.89882,5.14756,8.93942,11.7165,17.3345,17.5461,18.0137,19.0805,23.1616,23.9307,25.8846,26.4449,35.1778,50.1168,50.7849,82.7083,11.4288,10.6634,11.0433,26.2771,8.2494,2.81352,2.42618,0.313938,0.341057,0.294103,31.4484,37.8528,20.8748,47.7778,0.9,38,36,14,2,0,0,0,0,0,47.7778,113.158,13.3333,30,31.5789,71.0526,3816,49576,23537.1,11647.6,1.38898e+08,0.494862,0.211907,2.24826,0.430969,3816.25,23359,16345,4399.8,6302.4,7281,11591.4,15507.5,17215.2,19445,23359,25367.6,30155.6,31852.5,33282.4,39242.2,42260.4,47702.4,9582.56,9578.42,19720.9,23537.1,6820.01,332.042,498.644,0.289755,0.0486864,0.0731149,26261.5,28419.7,35,0.388889,0.0525744,0.212424,-0.342531,0.47853,12,0.133333,0.880336,0.260077,0.509121,1.42991,1,0.0111111,4.34191,0,4.34191,4.34191,2,0.0222222,7.53364,1.27352,6.26012,8.80716,18,0.2,16.9281,2.73113,10.1297,19.8809,16,0.177778,27.9797,6.3557,23.1616,41.5937,5,0.0555556,50.4675,0.322298,50.0892,50.8335,1,0.0111111,105.79,0,105.79,105.79,35,0.388889,30843.3,10943.7,8914,52536,12,0.133333,40621.9,7268.9,25110,51161,1,0.0111111,29440,0,29440,29440,2,0.0222222,19628,531,19097,20159,18,0.2,18700.8,10562.4,3816,41985,16,0.177778,27377.1,12783.3,6721,49576,5,0.0555556,29078.6,8178.77,16174,37551,1,0.0111111,23359,0,23359,23359
6,10,1.02382e+06,598970,93,67,5.81826,104.378,77.6671,34.5628,1246.52,0.445012,-1.24382,2.96883,0.728985,102.25,91.8232,45.9543,6.01824,6.72341,8.17017,55.4265,56.3989,86.292,90.8792,91.8232,99.8205,102.202,102.353,102.422,103.39,103.993,104.302,28.8052,23.3266,25.1056,77.6671,17.7125,-7.94021,1.83149,0.228056,-0.448284,0.103401,85.0104,88.5992,72.0194,25.8065,0.93,67,22,4,0,0,0,0,0,0,25.8065,35.8209,18.2796,7.52688,25.3731,10.4478,6491,54420,27450,16847.9,2.96193e+08,0.613767,0.218164,1.47086,0.437293,6491.25,21569,33171.5,6522.05,6648.95,7018.4,9354.4,13288.5,14777.9,18116.4,21569,32382.4,42828.5,46460,47669,48409.7,51554.6,53886.4,15524.1,15191.9,20958.8,27450,9935.19,806.132,-1064.92,0.361938,0.0811391,-0.107187,32208,35595.8,45,0.483871,-0.0491056,0.22829,-0.616475,0.496318,24,0.258065,0.673099,0.15265,0.504402,1.07635,0,0,0,0,0,0,3,0.0322581,6.4772,0.475948,5.81826,6.9256,1,0.0107527,11.0742,0,11.0742,11.0742,0,0,0,0,0,0,10,0.107527,80.5529,16.2007,55.2919,92.0254,10,0.107527,102.798,0.860882,101.769,104.378,45,0.483871,44947.8,12082.3,6159,61282,24,0.258065,39471.2,12194.4,15280,56726,0,0,0,0,0,0,3,0.0322581,13598,4523.79,7762,18786,1,0.0107527,7577,0,7577,7577,0,0,0,0,0,0,10,0.107527,26542.4,15034.8,6626,48283,10,0.107527,34500.5,17362.8,6491,54420
7,10,1.02383e+06,598970,248,137,2.00092,131.049,95.1789,22.1161,491.901,0.232363,-1.55793,6.35458,0.72204,116.75,99.5687,22.0251,4.98501,58.6575,59.6911,86.6232,88.2488,89.8011,96.862,99.5687,102.644,108.625,110.274,113.577,116.936,119.452,123.16,16.1951,15.5135,22.2768,95.1789,11.4847,-2.85017,1.91116,0.120664,-0.248172,0.16641,97.7146,99.4987,91.5945,71.371,2.48,137,79,27,5,0,0,0,0,0,71.371,129.197,45.5645,9.27419,82.4818,16.7883,6783,54949,30590.3,14052.3,1.9859e+08,0.459372,-0.162018,1.72641,0.494276,6783.25,33710,24886,6994.92,8434.4,10400.8,14655.8,18227,20365.2,25766.6,33710,36948.8,40935.2,43113,43943,48198.8,50828,54314,12465.3,12274.5,23807.1,30590.3,8119.54,-405.565,-135.121,0.265428,-0.0499493,-0.0166415,33663.6,35907.6,40,0.16129,0.131672,0.197989,-0.21554,0.490879,31,0.125,0.858453,0.314335,0.510495,1.75222,2,0.00806452,2.17274,0.171815,2.00092,2.34455,1,0.00403226,5.81884,0,5.81884,5.81884,0,0,0,0,0,0,0,0,0,0,0,0,89,0.358871,83.0238,15.8301,55.7469,99.7743,85,0.342742,111.146,7.00152,100.018,131.049,40,0.16129,40305.2,11799.2,10469,59136,31,0.125,34353.1,14714,8581,57176,2,0.00806452,26391.5,12902.5,13489,39294,1,0.00403226,17484,0,17484,17484,0,0,0,0,0,0,0,0,0,0,0,0,89,0.358871,27443.2,13614,6783,52878,85,0.342742,34138.5,13704.9,6887,54949
8,10,1.02384e+06,598970,224,121,64.0138,135.612,109.817,18.1779,332.138,0.165529,-0.534358,2.02115,0.63972,83.75,115.294,27.8753,68.8986,80.8006,83.5928,86.8783,97.3088,98.5427,107.536,115.294,122.603,124.412,125.184,125.853,129.101,131.385,134.337,15.9759,15.7794,27.2243,109.817,10.2349,-1.69608,-0.0843139,0.0931995,-0.165716,-0.00823791,111.311,112.663,45.176,87.0536,2.24,121,69,30,3,1,0,0,0,0,87.0536,161.157,45.5357,74.5536,84.2975,138.017,4662,54890,31152.1,13751.6,1.9008e+08,0.441432,-0.197652,1.71392,0.527398,4662.25,33245,24896,7216.2,8989.1,11899,15765.2,18298,20682.2,27482.6,33245,38255.4,41973,43194,44530.2,47495.4,50390.7,52890,12172.9,12124.2,26489.9,31152.1,7930.06,-504.894,-182.404,0.254559,-0.0636684,-0.0230016,34052.3,36188,23,0.102679,0.0735624,0.262397,-0.447622,0.475421,6,0.0267857,0.704765,0.168448,0.562947,1.04636,0,0,0,0,0,0,0,0,0,0,0,0,0,0,0,0,0,0,0,0,0,0,0,0,67,0.299107,87.8522,9.08238,64.0138,99.8558,128,0.571429,121.314,8.68958,100.212,135.612,23,0.102679,28682.7,14360.5,4881,51030,6,0.0267857,19247.2,12681.1,7958,40430,0,0,0,0,0,0,0,0,0,0,0,0,0,0,0,0,0,0,0,0,0,0,0,0,67,0.299107,29307.2,13690.8,7278,54691,128,0.571429,32117.8,13684.4,4662,54890
9,10,1.02385e+06,598970,255,144,73.7253,141.59,110.974,18.3555,338.303,0.165403,-0.377189,1.82278,0.548873,89.25,117.607,33.4636,75.1909,81.2611,84.3071,89.2759,90.8365,97.504,112.506,117.607,121.075,122.917,124.3,127.316,132.723,135.388,139.069,16.2946,15.5004,23.9167,110.974,10.4245,-1.20236,0.0272032,0.0939358,-0.115341,0.00260956,112.482,113.871,36.7125,96.0784,2.55,144,86,22,3,0,0,0,0,0,96.0784,170.139,58.0392,77.2549,102.778,136.806,4397,59194,30722,13335.1,1.78554e+08,0.434056,-0.143042,2.01278,0.48041,4397.25,32491,21334,5476.12,8518.6,11809.4,16939.4,20286,22295.2,27853.2,32491,35608.2,39606.4,41620,43492.2,47495.4,51018,55114,11292.4,11260.8,26324.8,30722,7698.76,-321.533,277.639,0.250594,-0.0417642,0.0360628,33491.3,35581.3,9,0.0352941,0.115533,0.18871,-0.157571,0.424212,1,0.00392157,1.28328,0,1.28328,1.28328,0,0,0,0,0,0,0,0,0,0,0,0,0,0,0,0,0,0,0,0,0,0,0,0,75,0.294118,86.7603,5.79558,73.7253,97.6446,170,0.666667,121.657,9.89743,101.245,141.59,9,0.0352941,31979.3,12549,17571,47603,1,0.00392157,35396,0,35396,35396,0,0,0,0,0,0,0,0,0,0,0,0,0,0,0,0,0,0,0,0,0,0,0,0,75,0.294118,31945.9,13823.5,4397,59194,170,0.666667,30182.1,13077.5,5038,55635
10,10,1.02386e+06,598970,197,119,63.2713,133.965,102.972,18.2816,335.923,0.177541,-0.302904,2.11514,0.561579,94.75,101.014,26.0931,64.8888,69.3316,74.5569,89.801,91.9683,93.5703,94.7111,101.014,114.373,116.807,118.061,119.501,125.413,129.406,132.648,16.0823,16.0402,16.2745,102.972,10.3846,-0.774941,0.412024,0.100849,-0.0746239,0.0396763,104.582,106.065,38.8731,100,1.97,119,61,15,2,0,0,0,0,0,100,165.546,48.2234,59.3909,79.8319,98.3193,4181,57539,31893.5,14352.5,2.07046e+08,0.450014,-0.114585,1.81017,0.51937,51136.2,33132,24495,5381.96,8486.4,12153,17145.6,20110,21248.4,26214.4,33132,38700,42486,44605,46241.2,50715.8,53513.4,55906.4,12596.7,12574.1,19720.5,31893.5,8307.95,-280.378,-7.18566,0.26049,-0.0337482,-0.000864914,34974.2,37280.3,0,0,0,0,0,0,0,0,0,0,0,0,0,0,0,0,0,0,0,0,0,0,0,0,0,0,0,0,0,0,0,0,0,0,0,0,96,0.48731,86.5734,10.1406,63.2713,96.109,101,0.51269,118.558,7.45876,100.566,133.965,0,0,0,0,0,0,0,0,0,0,0,0,0,0,0,0,0,0,0,0,0,0,0,0,0,0,0,0,0,0,0,0,0,0,0,0,96,0.48731,31734.3,16021,5389,57539,101,0.51269,32044.9,12561.1,4181,55336
11,10,1.02387e+06,598970,152,98,59.6202,121.764,91.302,16.4956,273.919,0.180671,0.50565,2.12094,0.509813,81.75,85.5748,29.053,60.3632,73.7667,75.6865,78.9195,80.6794,81.5684,82.5443,85.5748,88.0097,94.2589,109.732,113.252,116.667,119.467,121.255,13.9209,12.936,13.3942,91.302,9.1147,1.47514,0.513455,0.0998303,0.161842,0.0563326,92.7802,94.2751,31.06,99.3421,1.52,98,41,12,1,0,0,0,0,0,99.3421,154.082,38.8158,65.7895,60.2041,102.041,5769,58643,30904.9,13826.6,1.92449e+08,0.447391,-0.0884264,1.93559,0.475392,5769.25,31481,22795,6868.5,8472,10875,16170,19466,21834,27118,31481,36096,40445,42261,44312,48798,51399.5,55521.5,11800.2,11795.3,25135.7,30904.9,8013.87,-219.479,193.098,0.259308,-0.0273873,0.0240955,33856.9,36090.5,0,0,0,0,0,0,1,0.00657895,0.747327,0,0.747327,0.747327,0,0,0,0,0,0,0,0,0,0,0,0,0,0,0,0,0,0,0,0,0,0,0,0,110,0.723684,82.1702,7.83203,59.6202,98.8407,41,0.269737,115.802,3.68693,109.052,121.764,0,0,0,0,0,0,1,0.00657895,25816,0,25816,25816,0,0,0,0,0,0,0,0,0,0,0,0,0,0,0,0,0,0,0,0,0,0,0,0,110,0.723684,30576.4,14447.5,5769,58643,41,0.269737,31786.2,11958.5,8011,50982
12,10,1.02388e+06,598970,102,63,4.45933,100.601,74.5324,16.8064,285.941,0.225491,-1.43509,5.62008,0.728849,81.75,81.9357,15.6187,22.8792,45.2857,52.5961,59.8573,68.6583,69.3082,79.0604,81.9357,82.8291,83.91,84.277,85.8616,88.0563,95.4497,99.3667,13.2674,11.862,11.8681,74.5324,8.75673,-2.50255,1.54711,0.117489,-0.285786,0.176677,76.4038,77.7706,69.4063,80.3922,1.02,63,29,9,1,0,0,0,0,0,80.3922,130.159,50,42.1569,80.9524,68.254,5156,54511,28587.2,12873.6,1.67774e+08,0.450325,-0.249902,1.99477,0.474749,5156.25,30298,21208.5,5364.17,7261.35,9103,14979.6,17519,20176,26755.8,30298,33645.2,37539.2,38727.5,40112.8,44097.1,44901.5,52220.3,10944.8,10862.1,23431,28587.2,7445.12,-584.449,215.415,0.260435,-0.078501,0.0289338,31352.2,33334.9,11,0.107843,0.135265,0.191529,-0.193351,0.46756,9,0.0882353,1.04861,0.253258,0.566234,1.415,1,0.00980392,4.45933,0,4.45933,4.45933,0,0,0,0,0,0,0,0,0,0,0,0,7,0.0686275,43.1989,6.60771,27.1999,46.974,73,0.715686,78.1398,11.3737,52.5896,99.0771,1,0.00980392,100.601,0,100.601,100.601,11,0.107843,27908.7,14039.9,5398,56814,9,0.0882353,26461.2,13758.5,9252,54810,1,0.00980392,14884,0,14884,14884,0,0,0,0,0,0,0,0,0,0,0,0,7,0.0686275,26703,13619.2,5568,44136,73,0.715686,29199.5,12678.5,5156,54511,1,0.00980392,10783,0,10783,10783
13,10,1.02389e+06,598970,131,71,5.09468,113.356,70.0478,21.0223,446.357,0.300114,-1.06923,3.9374,0.599965,79.75,79.5513,26.8454,8.36419,28.3724,30.7672,53.9698,54.823,65.6432,78.7566,79.5513,79.993,81.3256,81.6684,82.689,86.072,86.6112,113.143,16.5359,14.0773,14.0887,70.0478,10.7469,-3.36188,2.24361,0.153422,-0.312824,0.208768,73.1343,75.2812,63.3013,77.0992,1.31,71,46,11,3,0,0,0,0,0,77.0992,142.254,51.145,35.1145,94.3662,64.7887,5616,52861,28043.1,13351.2,1.80036e+08,0.476094,0.0338341,1.82854,0.474699,5616.25,28954,23516,5671,7867,10379,14031,16308,18319,23202,28954,30994,37894,39824,41564,45667,49063,52403,11430,11416.8,22426.9,28043.1,7769.29,66.8362,40.0563,0.277048,0.00860261,0.00515573,31059.2,33361.3,0,0,0,0,0,0,30,0.229008,1.2775,0.297271,0.638336,1.92312,0,0,0,0,0,0,2,0.0152672,6.72944,1.63475,5.09468,8.36419,0,0,0,0,0,0,11,0.0839695,28.9855,3.33589,22.7212,35.4043,85,0.648855,75.3311,10.8476,51.1722,86.8891,3,0.0229008,113.128,0.193044,112.884,113.356,0,0,0,0,0,0,30,0.229008,32920,12240.2,8227,54719,0,0,0,0,0,0,2,0.0152672,9548,1032,8516,10580,0,0,0,0,0,0,11,0.0839695,14015.5,8002.67,5616,28105,85,0.648855,30677.7,12508.5,7867,52861,3,0.0229008,17163,8245.98,5671,24625
14,10,1.0239e+06,598970,163,85,2.02123,107.104,69.7015,25.657,663.72,0.368098,-1.73842,4.97048,0.644067,79.25,78.9625,11.5358,2.06157,3.70608,10.8046,69.4696,69.8671,70.5559,77.6192,78.9625,79.3729,79.7086,81.4029,81.823,88.768,97.5244,105.034,16.9814,14.4486,14.4617,69.7015,11.7489,-4.64532,3.98361,0.168561,-0.395382,0.339061,74.2737,76.4557,65.9602,74.8466,1.63,85,59,15,4,0,0,0,0,0,74.8466,143.529,58.2822,31.9018,111.765,61.1765,3190,53279,28661.1,13393.6,1.80871e+08,0.46731,-0.0430298,1.87048,0.508516,3190.25,30150,23328.2,4998.16,8974.85,11207,14093.6,16670,19270.6,24097.6,30150,33718.2,36992.4,39998.2,42017.4,45840.8,49534.6,52914.4,11571.9,11531.1,25470.8,28661.1,7781.38,-99.9585,91.3749,0.271496,-0.0128459,0.0117428,31636.1,33872.9,14,0.0858896,0.263138,0.14582,0.00814043,0.484652,27,0.165644,0.856738,0.326699,0.510247,1.83154,8,0.0490798,2.72132,0.698317,2.02123,3.76737,4,0.0245399,7.33197,1.11101,6.41895,9.19686,2,0.0122699,11.1753,0.463392,10.7119,11.6387,3,0.0184049,30.1703,0.595532,29.385,30.8265,101,0.619632,78.4762,7.00159,66.1788,99.2325,4,0.0245399,103.382,3.36143,100.02,107.104,14,0.0858896,32578.7,14627.3,8686,54581,27,0.165644,29407.5,14503.7,6274,59021,8,0.0490798,20649,9946.07,11351,36781,4,0.0245399,19094,14204.1,5310,41845,2,0.0122699,19636,8592,11044,28228,3,0.0184049,10712,9284.32,3190,23793,101,0.619632,31025.2,12645.2,4957,53279,4,0.0245399,12532,5398.9,8112,21684
15,10,1.02391e+06,598970,130,82,2.09769,97.387,67.7027,34.6943,1224.81,0.51245,-1.03366,2.30645,0.688483,2.25,81.7282,42.93,2.12253,2.28495,6.3705,14.4382,51.1274,78.3419,80.6131,81.7282,82.9753,93.6006,94.0573,94.6345,95.6288,95.9138,97.0523,29.732,24.0825,65.4625,67.7027,17.6902,-6.50757,0.731641,0.261293,-0.367862,0.0413585,76.0746,79.9812,64.8637,44.6154,1.3,82,34,13,1,0,0,0,0,0,44.6154,70.7317,32.3077,42.3077,51.2195,67.0732,5942,54741,31530.8,12874.5,1.68661e+08,0.408315,-0.459919,2.4347,0.524372,35553.2,34430.5,15755.2,6028.07,6788.5,9181.8,20601.6,24017.5,26057.5,29428.4,34430.5,36522.4,39114.8,39772.8,42392.2,46684.1,49606.6,53523.5,10532.4,10388.3,10413.5,31530.8,7388.39,-844.935,722.222,0.234323,-0.11436,0.097751,34058,35842.2,52,0.4,-0.00436731,0.244993,-0.452661,0.435498,20,0.153846,1.0203,0.46118,0.531974,1.9616,6,0.0461538,2.54001,0.725696,2.09769,4.15295,1,0.00769231,7.32088,0,7.32088,7.32088,7,0.0538462,13.7318,0.929621,12.4976,15.1155,0,0,0,0,0,0,44,0.338462,86.5472,10.2988,51.0884,97.387,0,0,0,0,0,0,52,0.4,37815.4,13632.8,6153,56884,20,0.153846,36856.5,12463.8,8388,56235,6,0.0461538,33304.2,19405.7,6355,54741,1,0.00769231,6093,0,6093,6093,7,0.0538462,12918.6,5629.38,5942,20350,0,0,0,0,0,0,44,0.338462,34828.2,8998.86,9687,52605,0,0,0,0,0,0
16,10,1.02392e+06,598970,93,60,2.09998,14.4156,6.93573,4.08648,17.256,0.589193,0.185996,1.60827,0.392651,2.25,7.42441,7.80052,2.10461,2.18554,2.27103,2.39437,2.45264,2.48213,5.42809,7.42441,8.47794,9.76265,10.2532,10.9702,12.5411,13.1336,14.1257,3.66706,3.6513,4.70409,6.93573,2.38591,0.227891,-0.210496,0.344003,0.095515,-0.0882246,8.05008,8.85274,4.75593,33.3333,0.93,60,30,3,0,0,0,0,0,0,33.3333,51.6667,17.2043,31.1828,26.6667,48.3333,4464,57308,23929.4,16832.4,2.92776e+08,0.703423,1.00999,2.52553,0.368355,4464.25,18593,14711.5,4464.6,6352,9043,11663,12211.5,13077,15727,18593,19173,22944,26923,45246,55478,55977,57043.7,13647.6,12080.9,19465.1,23929.4,9082.18,2781.87,939.662,0.379541,0.3063,0.103462,29256.5,33871.2,55,0.591398,0.107101,0.177071,-0.218538,0.492574,7,0.0752688,0.945758,0.429166,0.508727,1.93954,12,0.129032,2.45605,0.346315,2.09998,3.35149,11,0.11828,7.92448,1.45344,5.42809,9.80196,8,0.0860215,12.2957,1.20431,10.7044,14.4156,0,0,0,0,0,0,0,0,0,0,0,0,0,0,0,0,0,0,55,0.591398,43397.4,11766.5,9629,57863,7,0.0752688,36279,11919.7,15038,51650,12,0.129032,35360.4,21760.3,4464,57308,11,0.11828,18244.7,4247.28,10059,24966,8,0.0860215,14599.1,5945.69,9043,28880,0,0,0,0,0,0,0,0,0,0,0,0,0,0,0,0,0,0
17,10,1.02393e+06,598970,113,78,3.89194,67.2842,32.5118,14.641,217.656,0.450328,0.202794,2.87597,0.451473,31.75,32.3993,16.9727,3.96936,10.6569,11.1947,18.8184,25.6578,28.6703,31.7452,32.3993,33.1791,33.8102,42.6305,44.5418,50.2171,56.3545,67.268,10.5871,10.5858,10.654,32.5118,8.18437,0.219463,1.50216,0.251735,0.0268149,0.18354,35.6564,38.238,27.8169,58.4071,1.13,78,31,4,0,0,0,0,0,0,58.4071,84.6154,27.4336,34.5133,39.7436,50,5691,52505,26225.4,13566.4,1.86878e+08,0.5173,0.239866,1.97296,0.438637,5691.25,25170,19899,6038.1,7365.25,8621,11919,15027.8,17810,21004,25170,27987,33748.5,34926.8,40233,46949.5,49228,51773.8,11438.3,11401.4,20534.1,26225.4,7898.84,535.976,204.111,0.301191,0.067855,0.0258406,29526.5,32112.9,44,0.389381,0.0711988,0.208803,-0.432837,0.480749,3,0.0265487,0.670003,0.131522,0.543634,0.851383,2,0.0176991,3.95149,0.0595562,3.89194,4.01105,1,0.00884956,8.70298,0,8.70298,8.70298,11,0.0973451,13.4771,3.18993,10.6426,18.8184,43,0.380531,34.2103,6.80076,20.5674,49.9153,9,0.079646,56.6539,7.40526,50.0132,67.2842,0,0,0,0,0,0,44,0.389381,46888.7,9135.97,18364,62896,3,0.0265487,48849.3,5888.47,40539,53468,2,0.0176991,10405,2022,8383,12427,1,0.00884956,7554,0,7554,7554,11,0.0973451,14778.7,6984.37,5691,27475,43,0.380531,30659.4,13605.9,6566,52505,9,0.079646,24621,7325.9,9928,35149,0,0,0,0,0,0
18,10,1.02394e+06,598970,164,87,12.6988,85.7661,53.4949,17.5962,311.585,0.328932,-0.0473557,2.35421,0.558336,48.75,51.9707,24.063,15.4296,23.5788,29.6237,40.2939,42.5903,44.6096,48.3661,51.9707,56.0727,62.9574,66.6534,70.6645,78.7128,81.9426,85.4974,14.2879,14.1968,14.3994,53.4949,10.0769,0.0324485,0.922041,0.188371,0.00322009,0.0915006,56.3146,58.7248,39.94,96.9512,1.64,87,53,20,3,1,0,0,0,0,96.9512,182.759,43.2927,55.4878,81.6092,104.598,3413,51625,24725.9,11955.1,1.43828e+08,0.483504,0.276741,2.00621,0.442067,3413.25,24176,20609,5786.96,8492.9,9300.6,12871,14254.5,15988.2,19838.4,24176,27579.6,31517.8,34863.5,36760.8,42067.6,44787,49947.7,10256.5,10240.3,21312.7,24725.9,6901.44,520.294,138.718,0.279118,0.0753892,0.0200998,27464.4,29697.5,4,0.0243902,-0.0325681,0.237161,-0.300813,0.224535,1,0.00609756,0.548808,0,0.548808,0.548808,0,0,0,0,0,0,0,0,0,0,0,0,4,0.0243902,15.07,2.31703,12.6988,17.445,69,0.420732,39.5996,8.5553,20.2231,49.8897,86,0.52439,66.4307,11.0704,50.1054,85.7661,0,0,0,0,0,0,4,0.0243902,18690,3866.4,13247,23348,1,0.00609756,20072,0,20072,20072,0,0,0,0,0,0,0,0,0,0,0,0,4,0.0243902,22037.5,3430.63,17408,25943,69,0.420732,24780.1,12337.5,3413,51625,86,0.52439,24807.5,11883.8,5229,49791,0,0,0,0,0,0
19,10,1.02395e+06,598970,170,94,21.8716,94.8034,68.8327,17.6517,313.438,0.256444,-0.916019,3.03295,0.643904,74.75,74.198,23.2334,24.5272,30.4255,40.0544,53.5615,58.7266,62.9473,69.6704,74.198,76.6903,80.65,81.96,84.291,87.2136,89.6289,93.6246,14.2927,13.6576,13.6637,68.8327,9.72904,-2.18356,1.03811,0.141343,-0.224437,0.106702,71.06,72.7749,46.0753,99.4118,1.7,94,57,16,2,1,0,0,0,0,99.4118,179.787,60.5882,47.6471,109.574,86.1702,3794,48553,22655.4,11276.4,1.27913e+08,0.497733,0.301006,1.997,0.421399,3794.25,22193,18514,5565,7032.6,8454,11538.6,12573,13790.6,17959.4,22193,25986.2,29399.6,31087,33014.6,39144.2,41697.2,46505.4,9769.3,9764.67,18861.2,22655.4,6496.55,537.209,85.9404,0.286755,0.0826915,0.0132286,25306.6,27458.2,1,0.00588235,0.1141,0,0.1141,0.1141,0,0,0,0,0,0,0,0,0,0,0,0,0,0,0,0,0,0,0,0,0,0,0,0,24,0.141176,34.8006,7.92797,21.8716,47.6323,145,0.852941,74.4656,11.372,50.8341,94.8034,0,0,0,0,0,0,1,0.00588235,4759,0,4759,4759,0,0,0,0,0,0,0,0,0,0,0,0,0,0,0,0,0,0,0,0,0,0,0,0,24,0.141176,14655.1,6577.72,5395,30661,145,0.852941,23979.6,11344.3,3794,48553,0,0,0,0,0,0
0,11,1.02376e+06,598960,122,68,87.4512,154.311,127.355,13.1568,174.532,0.103308,-0.49454,2.82348,0.596826,135.25,129.749,20.3913,96.8696,107.105,108.424,115.003,115.576,120.281,127.374,129.749,133.424,135.33,135.967,136.883,144.5,146.73,152.873,10.7035,10.429,11.3214,127.355,7.40903,-0.872681,0.810695,0.0581762,-0.117786,0.10942,128.033,128.677,39.3787,100,1.22,68,40,13,1,0,0,0,0,0,100,179.412,59.8361,31.1475,107.353,55.8824,1752,52613,27120.1,15323.4,2.36748e+08,0.565021,0.0308242,1.6051,0.498773,1752.25,28338,28198.5,4161.89,6102.1,6877,10279.6,12270.5,14388.2,20514.6,28338,34325.6,39319,40469,43252.6,47657,50442.8,52444.9,13667.1,13647.4,25367.9,27120.1,8881.57,120.649,-428.636,0.32749,0.0135842,-0.0482613,31149.8,33958.9,0,0,0,0,0,0,0,0,0,0,0,0,0,0,0,0,0,0,0,0,0,0,0,0,0,0,0,0,0,0,0,0,0,0,0,0,5,0.0409836,96.3183,4.59477,87.4512,99.9351,117,0.959016,128.681,11.6907,105.094,154.311,0,0,0,0,0,0,0,0,0,0,0,0,0,0,0,0,0,0,0,0,0,0,0,0,0,0,0,0,0,0,0,0,0,0,0,0,5,0.0409836,12339,9110.32,1752,27820,117,0.959016,27751.8,15217.1,3992,52613
1,11,1.02377e+06,598960,171,95,75.77,160.97,135.435,16.8943,287.148,0.124741,-1.26488,4.46313,0.700292,135.25,139.809,19.6956,80.4023,103.186,108.097,124.91,127.442,133.226,135.957,139.809,142.347,146.079,147.137,148.218,152.27,155.422,158.822,12.7795,12.3232,12.8357,135.435,9.00494,-2.30324,1.49643,0.066489,-0.255775,0.166178,136.485,137.403,58.6676,97.076,1.71,95,55,20,0,0,1,0,0,0,97.076,174.737,61.9883,64.3275,111.579,115.789,3995,56149,27737.1,12246.4,1.50884e+08,0.441518,-0.0431464,2.06772,0.45523,3995.25,28295.5,20069,4857.7,7656.25,10450.5,15352,17809,19505,24639,28295.5,31480,36025.5,37878,39419,43656.5,46385.2,50520.6,10331.8,10326,23741.8,27737.1,7086.11,-114.385,298.161,0.255474,-0.0161422,0.0420769,30320.3,32313.2,4,0.0233918,0.158327,0.182951,-0.0244016,0.463302,1,0.00584795,0.87212,0,0.87212,0.87212,0,0,0,0,0,0,0,0,0,0,0,0,0,0,0,0,0,0,0,0,0,0,0,0,7,0.0409357,87.1001,8.54935,75.77,98.4074,159,0.929825,137.563,13.6888,102.305,160.97,4,0.0233918,25192.8,17047.6,10559,53540,1,0.00584795,19790,0,19790,19790,0,0,0,0,0,0,0,0,0,0,0,0,0,0,0,0,0,0,0,0,0,0,0,0,7,0.0409357,15268,7556.83,5004,29960,159,0.929825,28286,12120.9,3995,56149
2,11,1.02378e+06,598960,185,102,15.322,146.803,122.131,27.298,749.253,0.223514,-2.19924,7.78923,0.812352,143.75,129.596,25.1204,16.8809,43.3435,103.847,113.886,115.31,117.064,124.142,129.596,135.686,138.899,140.431,141.247,143.545,144.432,145.955,18.5818,17.5613,21.8198,122.131,12.8248,-5.08364,2.91233,0.105008,-0.396392,0.227086,125.145,127.034,105.307,99.4595,1.85,102,56,23,3,1,0,0,0,0,99.4595,180.392,62.7027,8.10811,113.725,14.7059,1140,49915,25080.6,12735.9,1.6309e+08,0.507801,0.0729832,1.80527,0.490837,35791.2,24775,22968.5,4170.62,7258.35,8613.5,10899.6,12822.5,14931.5,20940.4,24775,29364.6,33851.2,35791,38000.6,43197.3,45468.6,48288.2,11033,11031.1,13661.3,25080.6,7377.79,168.809,-39.6179,0.294164,0.0228806,-0.00536989,28129,30413.5,1,0.00540541,0.330456,0,0.330456,0.330456,0,0,0,0,0,0,0,0,0,0,0,0,0,0,0,0,0,0,3,0.0162162,15.9897,0.835611,15.322,17.1679,9,0.0486486,41.9206,3.12046,36.6539,46.4715,5,0.027027,82.6423,16.2406,62.5367,97.6783,167,0.902703,129.543,12.7228,103.54,146.803,1,0.00540541,17440,0,17440,17440,0,0,0,0,0,0,0,0,0,0,0,0,0,0,0,0,0,0,3,0.0162162,20063.7,9665.67,9767,32998,9,0.0486486,14505.3,6857.56,7504,29999,5,0.027027,15167.2,9355.73,4598,32198,167,0.902703,26037.4,12710,1140,49915
3,11,1.02379e+06,598960,199,112,14.6942,143.024,103.12,32.5041,1061.88,0.315208,-1.4939,4.50189,0.689048,108.25,108.824,23.385,15.8085,18.4577,40.1444,98.5665,101.002,103,107.601,108.824,113.853,114.782,124.387,129.75,134.4,139.03,142.125,22.4271,20.7532,20.7632,103.12,16.2448,-4.86537,4.06609,0.157533,-0.299504,0.250302,108.121,111.12,86.6908,99.4975,1.99,112,69,16,2,0,0,0,0,0,99.4975,176.786,68.8442,52.2613,122.321,92.8571,5280,51782,27328.9,12224.1,1.50187e+08,0.447295,0.0439239,1.98715,0.47415,5280.25,27749,19639,6024.53,8543.05,10790.6,14361,17727.2,20276.8,23608.2,27749,30615.6,35030.8,37366.2,39202.8,43798.6,47531.8,50392.8,10337.3,10333.2,22048.7,27328.9,7076.53,71.8568,239.035,0.258939,0.0101542,0.0337785,29938.2,31991.7,1,0.00502513,-0.00251434,0,-0.00251434,-0.00251434,0,0,0,0,0,0,0,0,0,0,0,0,0,0,0,0,0,0,13,0.0653266,17.0471,1.42993,14.6942,19.53,8,0.040201,33.6039,4.93336,26.3706,41.1302,23,0.115578,80.7795,17.5412,56.6459,99.3862,154,0.773869,117.333,12.5698,100.051,143.024,1,0.00502513,36113,0,36113,36113,0,0,0,0,0,0,0,0,0,0,0,0,0,0,0,0,0,0,13,0.0653266,24636.1,8499.14,9641,37683,8,0.040201,21192.6,9310,10111,38392,23,0.115578,19563,9805.08,6979,40133,154,0.773869,29034.9,12356.3,5280,51782
4,11,1.0238e+06,598960,115,72,13.5203,108.911,80.615,37.7275,1441.38,0.467995,-0.944397,2.00327,0.703368,106.75,104.337,77.7718,13.7706,15.4528,15.7609,26.292,29.0108,74.0888,102.718,104.337,105.166,106.196,106.783,106.95,107.99,108.313,108.9,33.5775,26.002,26.6427,80.615,18.6272,-7.51307,-0.122471,0.231063,-0.403339,-0.00657485,89.0064,93.5007,65.5804,69.5652,1.15,72,36,7,0,0,0,0,0,0,69.5652,111.111,47.8261,18.2609,76.3889,29.1667,6222,51960,27694.6,13718.7,1.90586e+08,0.495358,0.0468716,1.59444,0.46947,6222.25,27690.5,25824,6854.79,7967.8,9732.1,13386.4,14033.5,17602.8,20070,27690.5,33583.2,38488.1,39857.5,42260.2,45127.8,46742.7,51004.9,12412.4,12412.4,21472.4,27694.6,7971.64,113.734,-392.39,0.287841,0.0142674,-0.0492233,30906.2,33322,35,0.304348,-0.0121832,0.191918,-0.336938,0.486899,0,0,0,0,0,0,0,0,0,0,0,0,0,0,0,0,0,0,12,0.104348,15.3428,0.886101,13.5203,16.9756,10,0.0869565,26.8271,2.58607,20.6129,31.1236,6,0.0521739,82.6282,9.59153,72.1998,94.8463,52,0.452174,105.789,1.98227,100.751,108.911,35,0.304348,41202.5,11011.9,8971,56211,0,0,0,0,0,0,0,0,0,0,0,0,0,0,0,0,0,0,12,0.104348,17054.6,7703.06,7605,32020,10,0.0869565,13492.6,6026.04,6222,24892,6,0.0521739,28113.8,9619.47,12590,38471,52,0.452174,32832.8,12917.3,7023,51960
5,11,1.02381e+06,598960,101,75,13.6341,105.825,55.4413,42.0021,1822.98,0.757596,0.30808,1.11849,0.453485,18.75,23.3201,85.6255,13.6457,13.7195,18.412,18.7149,18.8767,18.9721,20.9736,23.3201,103.796,104.416,104.502,104.58,104.966,105.308,105.704,41.315,36.9342,37.7001,55.4413,22.1761,2.82658,-5.19723,0.399993,0.12746,-0.234361,69.5552,78.6581,43.1143,30.6931,1.01,75,26,0,0,0,0,0,0,0,30.6931,41.3333,12.8713,23.7624,17.3333,32,5340,51493,21954.4,14183.3,2.07871e+08,0.646035,0.825211,2.13257,0.359985,5340.25,14608,20659.5,6060.6,8166.5,9639,10554,10808,11637,13143,14608,20905,23899,31467.5,41924,45580,46166.5,49982.5,12054,11155.7,16614.2,21954.4,7841.38,2248.06,118.084,0.357167,0.286692,0.0150591,26137.3,29695.4,64,0.633663,0.0800011,0.218931,-0.32017,0.491564,6,0.0594059,0.588796,0.0793128,0.534485,0.762316,0,0,0,0,0,0,0,0,0,0,0,0,12,0.118812,17.5896,2.27019,13.6341,19.7148,6,0.0594059,24.4145,4.27559,20.9736,33.2652,0,0,0,0,0,0,13,0.128713,104.701,0.527089,103.796,105.825,64,0.633663,42335.9,9231.09,13071,57026,6,0.0594059,44484,5502.76,36231,53510,0,0,0,0,0,0,0,0,0,0,0,0,12,0.118812,14633.1,4847.28,9639,23733,6,0.0594059,12799.7,3544.62,8591,18215,0,0,0,0,0,0,13,0.128713,32937.8,15602,5340,51493
6,11,1.02382e+06,598960,67,49,2.30922,90.0193,51.5985,38.3343,1763.43,0.742935,-0.0685068,1.10028,0.561957,19.25,54.3273,69.9376,3.15886,6.55741,10.8056,19.302,19.341,19.38,19.458,54.3273,89.1966,89.2512,89.2785,89.3058,89.6626,89.8409,89.9836,37.9087,37.9087,37.9954,51.5985,23.9433,-2.71946,-11.0144,0.464032,-0.113579,-0.460018,64.2801,71.2031,49.4949,8.95522,0.67,49,17,1,0,0,0,0,0,0,8.95522,12.2449,4.47761,7.46269,6.12245,10.2041,11236,38670,19610.5,9611.32,1.10853e+08,0.490111,1.12405,2.75031,0.30526,11236.2,14577,9246.25,11347.7,11794.5,12353,13470,13497.2,13524.5,13579,14577,15575,20354,22743.5,25133,31901.5,35285.8,37993.1,8194,6848.83,8374.33,19610.5,5805.17,3143.7,1584.83,0.296023,0.541535,0.273004,21839.2,24086.7,60,0.895522,-0.00310522,0.285922,-0.62225,0.489444,1,0.0149254,0.670791,0,0.670791,0.670791,1,0.0149254,2.30922,0,2.30922,2.30922,0,0,0,0,0,0,2,0.0298507,19.38,0.0780334,19.302,19.458,0,0,0,0,0,0,3,0.0447761,89.5072,0.364805,89.1966,90.0193,0,0,0,0,0,0,60,0.895522,48269.9,9505.52,12027,63240,1,0.0149254,46527,0,46527,46527,1,0.0149254,25133,0,25133,25133,0,0,0,0,0,0,2,0.0298507,12407.5,1171.5,11236,13579,0,0,0,0,0,0,3,0.0447761,22571.7,11415.6,13470,38670,0,0,0,0,0,0
7,11,1.02383e+06,598960,147,100,6.21076,105.705,83.9837,17.2415,300.81,0.205296,-1.95317,10.1874,0.781684,77.25,83.7347,20.6762,6.34463,67.3309,68.8776,74.2864,76.7984,77.3338,77.8161,83.7347,88.4261,96.2703,97.4746,98.9016,102.824,105.045,105.678,12.7251,12.7222,13.2642,83.9837,8.71666,-1.09448,1.04095,0.10379,-0.125562,0.11942,85.7353,86.9446,76.5092,57.8231,1.47,100,35,10,2,0,0,0,0,0,57.8231,85,28.5714,41.4966,42,61,6214,55312,32583.5,12633.3,1.615e+08,0.387721,-0.0552221,2.0606,0.537079,6214.25,33223,19700,8203.96,11839.2,15227.4,21341.4,23233,23811.8,28404.2,33223,35881.4,40104,42933,45788.6,50750.6,52362.8,54146.9,10685.2,10669.8,26369.3,32583.5,7345.57,-71.0454,330.811,0.225438,-0.00967188,0.0450355,34946.9,36860.7,39,0.265306,0.2263,0.202418,-0.344292,0.494234,23,0.156463,0.941611,0.340261,0.527619,1.46041,0,0,0,0,0,0,2,0.0136054,6.29044,0.079684,6.21076,6.37013,0,0,0,0,0,0,0,0,0,0,0,0,70,0.47619,82.5237,10.623,66.509,99.7967,13,0.0884354,103.798,1.81658,100.312,105.705,39,0.265306,46090.6,13538.7,11228,63190,23,0.156463,43191.3,14233,10401,59917,0,0,0,0,0,0,2,0.0136054,23302,2098,21204,25400,0,0,0,0,0,0,0,0,0,0,0,0,70,0.47619,31841.5,12826.5,6214,55312,13,0.0884354,38006.9,10553,15708,53508
8,11,1.02384e+06,598960,158,96,6.23566,121.302,87.9863,15.7375,249.574,0.178863,-1.80166,12.1132,0.710464,84.75,84.8653,15.3884,23.8313,66.6696,77.0925,83.3857,83.7743,83.9493,84.4902,84.8653,85.6535,87.4636,99.1627,102.401,109.511,110.642,112.936,10.368,9.46779,9.47075,87.9863,7.48132,0.0718368,2.13373,0.0850282,0.00960216,0.285208,89.3827,90.4303,80.0365,82.9114,1.58,96,52,10,0,0,0,0,0,0,82.9114,136.458,24.6835,43.6709,40.625,71.875,6293,55366,32850.4,14489.1,2.1155e+08,0.441064,-0.372209,1.83042,0.541181,16103.2,36971,24888,7063.4,8616,10103,16172,19733,23049,32022,36971,39883,43090,44621,45702,50619,51808,54945.4,12652.9,12290.5,18875.5,32850.4,8306.52,-943.06,-4.23845,0.252859,-0.113532,-0.000510256,35903.8,38031.3,15,0.0949367,0.0263624,0.179285,-0.320097,0.393163,12,0.0759494,1.12824,0.395152,0.50646,1.68588,0,0,0,0,0,0,2,0.0126582,6.29902,0.0633655,6.23566,6.36239,0,0,0,0,0,0,0,0,0,0,0,0,98,0.620253,83.505,6.96873,64.5921,99.686,31,0.196203,107.423,4.61515,100.554,121.302,15,0.0949367,28730.5,13804.7,8928,51381,12,0.0759494,29701.8,16316.6,9669,51914,0,0,0,0,0,0,2,0.0126582,31437.5,10571.5,20866,42009,0,0,0,0,0,0,0,0,0,0,0,0,98,0.620253,32804.4,14526.8,6986,55366,31,0.196203,33086.8,14581.7,6293,54538
9,11,1.02385e+06,598960,161,103,10.3402,122.819,90.4429,17.7315,316.621,0.196052,-0.984788,5.71684,0.712156,92.75,92.7163,10.6699,40.412,62.1486,69.2117,83.6107,85.1092,85.6207,90.7866,92.7163,93.9026,94.5329,95.7791,105.123,110.241,118.542,122.331,12.2145,11.9022,11.9025,90.4429,9.31531,-1.05498,2.48682,0.102997,-0.113252,0.266961,92.1647,93.585,79.1629,88.8199,1.61,103,47,10,1,0,0,0,0,0,88.8199,138.835,55.2795,42.8571,86.4078,66.9903,5306,57896,27242.9,13294.9,1.77999e+08,0.488013,0.19816,1.92377,0.417131,5306.25,28146,22285.5,6154.68,8924.2,10370.6,13369.2,15245.5,16625.2,20857,28146,31841,35447,37531,40084.8,45251.6,48634.6,54711.4,11618.1,11605,21936.6,27242.9,7684.76,410.568,34.8115,0.282083,0.0534263,0.00452994,30313.8,32751.3,15,0.0931677,0.165139,0.185869,-0.118611,0.485092,3,0.0186335,0.552808,0.0207832,0.537972,0.5822,0,0,0,0,0,0,0,0,0,0,0,0,1,0.00621118,10.3402,0,10.3402,10.3402,4,0.0248447,43.8634,3.62902,39.3593,49.0203,107,0.664596,86.4247,10.225,52.7936,96.6542,31,0.192547,112.906,6.36378,102.911,122.819,15,0.0931677,19669.6,10482.5,6552,41292,3,0.0186335,26813.7,13146.1,8460,38557,0,0,0,0,0,0,0,0,0,0,0,0,1,0.00621118,5901,0,5901,5901,4,0.0248447,24325.2,7258.27,13326,33530,107,0.664596,26310.1,13620.4,5306,56000,31,0.192547,31527.5,11448.6,13280,57896
10,11,1.02386e+06,598960,153,90,14.0836,121.937,85.9618,13.7843,191.354,0.160354,-0.920179,6.68972,0.666446,69.25,92.4112,21.1594,65.9222,69.0447,69.4114,71.1379,74.9727,75.2478,80.4206,92.4112,94.0126,95.6902,96.1321,96.5078,97.2853,98.9581,119.423,11.8044,10.9424,17.6366,85.9618,7.21257,-0.942424,0.135685,0.0839043,-0.130664,0.0188124,87.06,88.0141,70.6008,92.8105,1.53,90,47,14,2,0,0,0,0,0,92.8105,157.778,54.902,85.6209,93.3333,145.556,5034,60041,30567.3,14068,1.99312e+08,0.46023,-0.0774304,1.84856,0.464183,5034.25,31897.5,24635,6235.68,8845.4,10759.4,15865.6,18319.5,21474.8,26368.6,31897.5,36587,41192,42954.5,44086.4,47667.7,51295.9,55819.6,12238.3,12202.4,25533,30567.3,8153.45,-223.967,23.1951,0.266738,-0.0274689,0.00284482,33649.2,35958.2,7,0.0457516,0.045977,0.245114,-0.367568,0.347995,4,0.0261438,0.658594,0.0166035,0.636249,0.683026,0,0,0,0,0,0,0,0,0,0,0,0,1,0.00653595,14.0836,0,14.0836,14.0836,0,0,0,0,0,0,138,0.901961,85.7377,11.5094,65.7111,99.7748,3,0.0196078,120.229,1.22589,119.114,121.937,7,0.0457516,18138.3,10674.7,4856,36749,4,0.0261438,27482.8,14292.4,12810,44550,0,0,0,0,0,0,0,0,0,0,0,0,1,0.00653595,10763,0,10763,10763,0,0,0,0,0,0,138,0.901961,31011.5,14004.3,5034,60041,3,0.0196078,16734.3,3861.11,12834,21994
11,11,1.02387e+06,598960,142,94,34.251,97.2968,80.3819,11.5584,134.602,0.143794,-1.16499,5.17498,0.731704,75.75,79.932,13.4152,41.3776,60.31,64.2826,75.4939,75.9428,76.3646,77.8298,79.932,85.9007,88.7055,89.358,90.4608,92.9087,95.2768,96.3375,8.87925,8.87298,9.79614,80.3819,6.23502,-1.02513,0.83999,0.0775674,-0.164415,0.134721,81.2087,81.9214,45.4372,94.3662,1.42,94,38,10,0,0,0,0,0,0,94.3662,142.553,45.7746,73.2394,69.1489,110.638,4207,56874,33411.8,13755.5,1.90638e+08,0.411698,-0.437051,2.30349,0.554517,4207.25,35941,20829.5,4251.34,7428.1,12418.3,22253,23783,26655.7,31503.6,35941,38704,42295,44612.5,46146,50133.1,53153.4,55837.8,11416.5,11239.2,29204.5,33411.8,7876.09,-870.855,556.068,0.235728,-0.110569,0.0706021,36132.6,38058.9,8,0.056338,-0.0267239,0.127815,-0.18473,0.155962,0,0,0,0,0,0,0,0,0,0,0,0,0,0,0,0,0,0,0,0,0,0,0,0,2,0.0140845,34.5572,0.30617,34.251,34.8633,132,0.929577,81.0762,10.1647,54.6034,97.2968,0,0,0,0,0,0,8,0.056338,20365,11369.5,7156,38754,0,0,0,0,0,0,0,0,0,0,0,0,0,0,0,0,0,0,0,0,0,0,0,0,2,0.0140845,9598.5,340.5,9258,9939,132,0.929577,33772.6,13541,4207,56874,0,0,0,0,0,0
12,11,1.02388e+06,598960,162,75,29.7475,102.543,74.7298,18.891,359.383,0.252791,-0.210794,1.76703,0.617923,58.25,80.3818,30.4384,41.0381,41.6853,52.5336,56.0626,58.3734,59.0555,64.9811,80.3818,85.4114,87.4766,88.8118,92.0639,99.668,100.591,102.164,17.0574,16.7613,20.3009,74.7298,10.8009,-0.605954,-0.27416,0.144533,-0.0561022,-0.0253831,77.0805,79.1534,44.0651,88.2716,1.62,75,66,16,5,0,0,0,0,0,88.2716,190.667,48.1481,67.9012,104,146.667,5774,53058,25931.6,12525,1.57979e+08,0.483,0.123401,1.98396,0.426309,5774.25,26226,20178.5,6287.06,7453.8,9227.6,12681.6,14806.5,16742.4,20788.8,26226,30331.8,33297.8,34985,37940.4,41687.8,46527.7,52004.8,10803.9,10801.9,20157.4,25931.6,7246.25,194.994,144.147,0.279437,0.0269097,0.0198926,28798,31032.3,16,0.0987654,0.0373771,0.218735,-0.382629,0.295409,3,0.0185185,0.666411,0.184402,0.509194,0.92521,0,0,0,0,0,0,0,0,0,0,0,0,0,0,0,0,0,0,10,0.0617284,40.7603,4.01556,29.7475,46.7884,120,0.740741,74.7139,15.9028,51.9833,99.7305,13,0.0802469,101.007,0.771428,100.031,102.543,16,0.0987654,23762.5,14747.5,4476,57014,3,0.0185185,27387.7,1040.17,25955,28393,0,0,0,0,0,0,0,0,0,0,0,0,0,0,0,0,0,0,10,0.0617284,18248.7,11396.3,6709,40272,120,0.740741,25806.7,12487.7,5774,53058,13,0.0802469,32994.7,9529.61,13260,50295
13,11,1.02389e+06,598960,158,78,26.4008,127.613,93.252,22.2158,496.852,0.238234,-0.837063,3.1899,0.660506,114.25,95.7874,30.2972,37.3985,47.1451,56.6167,81.5211,82.4388,84.6448,90.6104,95.7874,99.9648,109.476,112.736,114.421,117.793,120.848,125.553,17.4216,17.2929,22.8244,93.252,12.2965,-2.10552,1.41154,0.131863,-0.171229,0.114792,95.8617,97.9518,65.6763,94.9367,1.58,78,50,28,2,0,0,0,0,0,94.9367,192.308,50.6329,19.6203,102.564,39.7436,3732,55432,26005.6,13991.1,1.97063e+08,0.538001,0.222211,1.74282,0.430825,42447.2,24143.5,26488,4856.78,7281.2,8675.6,11334.8,12664.8,14208.8,19923.2,24143.5,29075.6,36878.4,39152.8,41927,45682.2,47556.2,52171.3,12287.4,12189,17875.6,26005.6,8080.04,551.944,-193.388,0.310703,0.0683096,-0.023934,29530.4,32226.2,2,0.0126582,0.0520352,0.0609699,-0.00893474,0.113005,6,0.0379747,1.08972,0.265887,0.68555,1.42895,0,0,0,0,0,0,0,0,0,0,0,0,0,0,0,0,0,0,10,0.0632911,41.6024,6.42949,26.4008,48.3523,80,0.506329,84.4152,12.7947,51.7049,99.821,60,0.379747,113.643,6.64677,100.181,127.613,2,0.0126582,14663.5,8772.5,5891,23436,6,0.0379747,22930.7,11788,8288,44119,0,0,0,0,0,0,0,0,0,0,0,0,0,0,0,0,0,0,10,0.0632911,16225.6,9361.46,9571,42540,80,0.506329,22414.6,13900,3732,55432,60,0.379747,32423.7,11951.1,6627,51901
14,11,1.0239e+06,598960,255,117,2.02798,136.44,101.661,25.9723,677.587,0.255481,-1.34293,5.1424,0.741248,81.75,107.187,31.2888,12.0427,38.4275,76.7043,81.9319,90.8933,91.5123,96.8979,107.187,113.984,118.76,122.182,124.097,128.348,132.32,134.085,20.0497,19.5918,27.8056,101.661,13.7884,-3.05765,1.89498,0.135631,-0.221755,0.137433,104.926,107.227,97.681,87.8431,2.55,117,103,31,4,0,0,0,0,0,87.8431,191.453,50.9804,70.1961,111.111,152.991,1833,50904,25132.1,11842.6,1.40875e+08,0.471212,0.0713158,1.87583,0.474804,1833.25,25616,20968.8,4907.7,7240.75,10116.4,12538.2,14383.8,16234.7,20540.2,25616,29068.4,33425,35352.5,37326.6,40409.1,43674.1,47887.8,10270.9,10264,23298.9,25132.1,6851.03,125.125,36.8922,0.272601,0.0182637,0.00538491,27782.5,29838.6,14,0.054902,0.181593,0.230648,-0.201274,0.491657,17,0.0666667,0.759224,0.228251,0.50396,1.27744,1,0.00392157,2.02798,0,2.02798,2.02798,2,0.00784314,7.09611,0.485552,6.61056,7.58166,0,0,0,0,0,0,10,0.0392157,34.8151,4.49382,26.9776,38.569,79,0.309804,85.3794,9.67814,52.6244,99.9219,132,0.517647,118.656,9.50871,100.175,136.44,14,0.054902,26231.3,16221.7,6198,49533,17,0.0666667,24347.9,12143,5363,40320,1,0.00392157,12669,0,12669,12669,2,0.00784314,18124,5351,12773,23475,0,0,0,0,0,0,10,0.0392157,15483.4,8153.2,5564,30695,79,0.309804,27043.3,12350.5,4812,50904,132,0.517647,24919.8,11403,1833,47942
15,11,1.02391e+06,598960,185,94,2.0001,120.044,83.7468,26.525,708.43,0.316729,-1.70556,5.80902,0.692513,93.25,91.4306,23.0145,2.17063,10.6282,65.0972,70.2314,74.2009,82.8704,86.0645,91.4306,93.0959,94.9544,97.2154,102.226,109.081,112.885,119.94,18.2533,17.0454,17.2318,83.7468,13.1374,-3.79634,3.53776,0.156871,-0.288972,0.269289,87.8471,90.1355,81.0047,78.9189,1.85,94,68,19,4,0,0,0,0,0,78.9189,155.319,53.5135,28.6486,105.319,56.383,6028,52324,28516,13263.1,1.77124e+08,0.465113,0.0742392,1.84338,0.485743,6028.25,27465,22650,6344.55,8063.75,10608.5,15433,17331.5,20579,23406,27465,31755,36594.5,39981.5,42701,47209.5,48665,52021.8,11432.8,11421.2,22487.7,28516,7696.8,164.655,70.7588,0.269912,0.0213927,0.00919328,31449.5,33740.3,17,0.0918919,0.104055,0.244778,-0.430885,0.452121,22,0.118919,1.20177,0.475502,0.50585,1.9478,4,0.0216216,2.17375,0.139439,2.0001,2.33255,2,0.0108108,9.10847,0.630965,8.47751,9.73944,6,0.0324324,12.212,2.38288,10.0167,17.2268,0,0,0,0,0,0,101,0.545946,84.447,10.7853,51.5225,99.4874,33,0.178378,109.021,6.38881,101.111,120.044,17,0.0918919,29515.7,10688.1,12211,46354,22,0.118919,26383.3,11852.8,6205,49167,4,0.0216216,34074.2,16235.9,13959,51607,2,0.0108108,17669,5438,12231,23107,6,0.0324324,17239.3,5574.34,9914,26339,0,0,0,0,0,0,101,0.545946,28052.5,13154.4,6028,52324,33,0.178378,31968.5,12755.6,10245,49976
16,11,1.02392e+06,598960,184,110,3.80178,98.8554,56.1413,31.7641,1017.58,0.565789,-0.712586,1.92,0.550632,69.75,68.0205,74.0472,3.88452,4.46371,5.18935,8.3403,10.2612,60.4947,65.3552,68.0205,69.5115,70.1191,84.3084,87.5896,88.8167,89.5387,97.0328,27.2292,23.4744,23.6549,56.1413,16.9311,-3.51079,0.270297,0.30158,-0.207358,0.0159646,64.5043,68.6859,51.5812,64.1304,1.84,110,60,14,0,0,0,0,0,0,64.1304,107.273,46.1957,21.1957,77.2727,35.4545,5697,50971,27474.8,12938.7,1.68842e+08,0.470931,0.0135062,1.76166,0.481021,13244.2,27426,22709,5848.91,7419.55,10425.1,13809.4,16055.8,17548.3,22673.8,27426,32723.4,36291,38764.8,40869.6,44791.3,47454.9,49390.1,11302.7,11302.7,15569.1,27474.8,7526.52,33.919,-68.0999,0.273943,0.0045066,-0.00904799,30369,32575.4,51,0.277174,0.13251,0.215171,-0.270292,0.461406,15,0.0815217,1.10445,0.420614,0.512892,1.84573,11,0.0597826,4.35779,0.394289,3.80178,4.90895,18,0.0978261,7.42871,1.28331,5.10905,9.6093,2,0.0108696,10.3229,0.123332,10.1996,10.4462,2,0.0108696,21.9191,0.420161,21.499,22.3393,85,0.461957,75.0416,10.7984,59.6985,98.8554,0,0,0,0,0,0,51,0.277174,32096.4,15032.7,5918,52738,15,0.0815217,31290.7,10419.9,14249,47219,11,0.0597826,23023.2,11075.7,7060,44689,18,0.0978261,20056.4,7517.79,5760,32821,2,0.0108696,10926.5,1686.5,9240,12613,2,0.0108696,7785.5,1502.5,6283,9288,85,0.461957,30474.4,12870.9,5697,50971,0,0,0,0,0,0
17,11,1.02393e+06,598960,146,77,4.50094,72.1891,32.1581,17.0851,295.038,0.531283,0.145554,2.22822,0.408597,35.25,34.7995,20.6751,4.59766,5.22536,10.4049,12.6296,20.1517,23.1638,26.6776,34.7995,35.761,40.56,40.8268,50.2826,53.7218,59.3808,68.5802,14.1981,14.0132,14.0397,32.1581,9.84185,0.261734,0.621278,0.306046,0.026594,0.0631261,36.4149,39.6093,27.0399,64.3836,1.46,77,49,19,1,0,0,0,0,0,64.3836,122.078,35.6164,27.3973,67.5325,51.9481,3861,53731,25561.8,12764.8,1.64693e+08,0.499372,0.27834,1.95443,0.435147,3861.25,22766,21947,4884.93,8277.5,9813.2,13064.4,14502.2,15830.7,20240.6,22766,29455,34288,36449.2,38289.8,43046.1,47891.4,50052.9,11141.6,10985.4,21700.5,25561.8,7388.38,578.486,94.1541,0.28904,0.0782967,0.0127435,28571.8,30994.9,43,0.294521,0.106673,0.239175,-0.417348,0.477763,9,0.0616438,0.85854,0.423525,0.537451,1.7468,4,0.0273973,4.70784,0.166733,4.50094,4.93281,5,0.0342466,6.4338,1.83082,5.11086,9.96624,15,0.10274,12.307,2.30026,10.3751,19.9922,50,0.342466,33.1308,6.87139,20.6304,45.8588,20,0.136986,56.5361,6.38264,50.188,72.1891,0,0,0,0,0,0,43,0.294521,40377.9,13609.7,10032,60849,9,0.0616438,40141,10480.3,24819,57427,4,0.0273973,11218.2,5531.64,6782,20703,5,0.0342466,20354.8,8290.55,7647,33737,15,0.10274,24436.1,13461.1,3861,49498,50,0.342466,26635.3,12553.6,4962,53731,20,0.136986,27892.6,12467.9,8731,47407,0,0,0,0,0,0
18,11,1.02394e+06,598960,173,91,5.14964,84.2232,58.3094,16.3255,268.118,0.279981,-1.06283,3.68055,0.672282,67.25,61.964,18.0416,11.7932,25.9446,34.8523,45.3515,51.1434,55.7237,58.8867,61.964,66.4322,68.255,69.185,70.799,74.5173,76.5302,83.5185,12.6328,12.2023,12.7736,58.3094,8.83066,-2.10061,1.32419,0.151445,-0.237878,0.149954,60.5517,62.1661,52.4281,97.1098,1.73,91,57,20,5,0,0,0,0,0,97.1098,184.615,62.4277,35.8382,118.681,68.1319,3840,49615,25303.4,11958.9,1.43871e+08,0.472619,0.0664079,1.85989,0.468889,3840.25,24425,20471,4770.6,7559.15,8853.5,12199.8,15822.5,17324.9,21084.6,24425,29392,33818.5,36293.5,37942.2,41209.4,43168.2,47770.8,10309,10277.8,21463.2,25303.4,6930.92,122.056,56.8903,0.273913,0.0176103,0.00820818,27987.1,30063.1,4,0.0231214,-0.0653613,0.204017,-0.2625,0.233639,1,0.00578035,0.509307,0,0.509307,0.509307,0,0,0,0,0,0,1,0.00578035,5.14964,0,5.14964,5.14964,4,0.0231214,12.0972,0.386259,11.5581,12.5167,36,0.208092,37.0965,7.55774,23.1048,49.7109,127,0.734104,66.1965,7.55602,50.7886,84.2232,0,0,0,0,0,0,4,0.0231214,17443.8,5198.86,10512,25165,1,0.00578035,10568,0,10568,10568,0,0,0,0,0,0,1,0.00578035,21461,0,21461,21461,4,0.0231214,26984.5,14654.8,8181,43048,36,0.208092,18077.9,9433.2,3840,38199,127,0.734104,27328.9,11751.2,4717,49615,0,0,0,0,0,0
19,11,1.02395e+06,598960,208,117,16.0124,95.7156,70.2952,17.5181,308.373,0.249207,-0.985912,3.40481,0.681062,82.25,73.999,20.8391,24.7215,30.1751,47.4323,53.1264,61.76,63.7304,70.7942,73.999,79.168,81.8479,82.5991,84.4554,89.2112,91.161,94.1492,14.0369,13.5492,14.9603,70.2952,9.6034,-2.13188,1.0787,0.136615,-0.221993,0.112325,72.4451,74.0943,53.2447,99.5192,2.08,117,59,24,7,1,0,0,0,0,99.5192,176.923,61.0577,29.3269,108.547,52.1368,4473,51997,24296.5,11720.4,1.38036e+08,0.482393,0.163615,2.0107,0.417126,25172.2,24991,19519,6036.16,6887.9,8567.8,11580,13562.5,16207.6,19786.4,24991,28557.6,31819.2,33081.5,35227.6,39769.8,44203.2,48266.4,10072.5,10068.4,10072.6,24296.5,6768.29,259.492,148.457,0.278571,0.0383394,0.0219342,26975.7,29090.8,1,0.00480769,6.71387e-06,0,6.71387e-06,6.71387e-06,0,0,0,0,0,0,0,0,0,0,0,0,0,0,0,0,0,0,2,0.00961538,16.971,0.958574,16.0124,17.9296,27,0.129808,38.9462,9.39645,24.7101,49.8937,178,0.855769,75.6495,11.5667,50.2047,95.7156,0,0,0,0,0,0,1,0.00480769,5341,0,5341,5341,0,0,0,0,0,0,0,0,0,0,0,0,0,0,0,0,0,0,2,0.00961538,26956,5484,21472,32440,27,0.129808,15665,8249.54,6019,34285,178,0.855769,25575.9,11665,4473,51997,0,0,0,0,0,0
0,12,1.02376e+06,598950,205,111,31.07,158.132,129.641,23.6968,564.317,0.182787,-2.164,7.73489,0.775774,138.25,136.482,20.7143,43.8959,59.7521,103.541,119.503,123.576,125.544,134.436,136.482,138.115,142.382,144.29,144.991,149.831,152.135,152.985,16.1486,14.5193,14.7202,129.641,11.196,-4.17612,3.05105,0.0863614,-0.373001,0.272513,131.789,133.297,96.2548,99.0244,2.05,111,76,15,3,0,0,0,0,0,99.0244,182.883,66.3415,38.5366,122.523,71.1712,4668,56586,28634.1,13436.5,1.81432e+08,0.469247,-0.0790335,2.03993,0.461614,9431.25,28724,20931.5,5673.2,7324.8,8651.8,15014.6,18082.5,21154,26040.2,28724,32611.6,37230,39014,40391.2,45811.2,50604,53886.3,11209.6,11209.2,19716.9,28634.1,7750.94,-188.01,337.806,0.270689,-0.0242564,0.0435826,31629.9,33852.4,0,0,0,0,0,0,2,0.0097561,1.10025,0.251261,0.84899,1.35151,0,0,0,0,0,0,0,0,0,0,0,0,0,0,0,0,0,0,3,0.0146341,38.8966,5.58386,31.07,43.7197,12,0.0585366,62.9534,11.2654,52.53,85.93,188,0.917073,135.346,12.2445,101.354,158.132,0,0,0,0,0,0,2,0.0097561,10824.5,703.5,10121,11528,0,0,0,0,0,0,0,0,0,0,0,0,0,0,0,0,0,0,3,0.0146341,13064.7,8315.78,6713,24812,12,0.0585366,13995.3,8946.83,6085,32902,188,0.917073,29816.9,13030.1,4668,56586
1,12,1.02377e+06,598950,181,114,81.4504,162.016,142.696,12.0311,145.551,0.0843123,-1.26201,6.14844,0.760201,147.75,145.328,13.3103,109.101,122.423,126.5,133.56,137.158,138.711,142.179,145.328,146.75,149.273,150.469,152.085,155.992,159.757,161.332,9.10596,8.87865,9.24892,142.696,6.4779,-1.14509,1.08095,0.0453964,-0.176768,0.166868,143.203,143.668,60.3014,100,1.81,114,56,11,0,0,0,0,0,0,100,158.772,58.5635,37.5691,92.9825,59.6491,4748,53460,28240,12107,1.47393e+08,0.428717,-0.0202909,2.04851,0.482263,4748.25,28042,19092,5675.8,8646,11567,15642,18301,21507,24914,28042,32353,36204,37393,40200,44001,47381,50058.2,10169.1,10166.4,23491.8,28240,7005.4,-45.9572,310.323,0.248067,-0.00656025,0.0442976,30725.8,32680.6,0,0,0,0,0,0,0,0,0,0,0,0,0,0,0,0,0,0,0,0,0,0,0,0,0,0,0,0,0,0,0,0,0,0,0,0,1,0.00552486,81.4504,0,81.4504,81.4504,180,0.994475,143.037,11.1622,105.766,162.016,0,0,0,0,0,0,0,0,0,0,0,0,0,0,0,0,0,0,0,0,0,0,0,0,0,0,0,0,0,0,0,0,0,0,0,0,1,0.00552486,17751,0,17751,17751,180,0.994475,28298.3,12115.2,4748,53460
2,12,1.02378e+06,598950,127,84,56.03,154.457,139.748,15.7391,249.687,0.112625,-3.01188,13.2851,0.850565,145.75,143.934,10.3422,74.7968,113.955,121.624,137.1,138.029,139.731,142.321,143.934,145.654,147.811,148.371,148.786,150.471,151.877,153.719,9.5613,8.56056,8.75304,139.748,6.73425,-3.04928,2.32717,0.0481885,-0.452803,0.345572,140.632,141.303,82.5485,100,1.27,84,31,12,0,0,0,0,0,0,100,151.19,70.0787,37.7953,105.952,57.1429,5364,53504,27997.6,12626.3,1.60689e+08,0.450978,-0.0469744,1.88808,0.470163,5364.25,29043,20687.5,5958.76,7481.8,10940.8,14540.4,17450.5,18725.2,24398,29043,32851.6,35509,38138,40300.6,45034.6,46500,50193.1,10865.5,10837.6,22633.4,27997.6,7333.28,-111.997,112.34,0.261925,-0.0152724,0.0153192,30713.1,32786,0,0,0,0,0,0,0,0,0,0,0,0,0,0,0,0,0,0,0,0,0,0,0,0,0,0,0,0,0,0,0,0,0,0,0,0,6,0.0472441,80.6098,14.4385,56.03,99.4481,121,0.952756,142.681,8.22471,112.242,154.457,0,0,0,0,0,0,0,0,0,0,0,0,0,0,0,0,0,0,0,0,0,0,0,0,0,0,0,0,0,0,0,0,0,0,0,0,6,0.0472441,16225,3510.97,10378,20215,121,0.952756,28581.4,12629.5,5364,53504
3,12,1.02379e+06,598950,212,111,57.1753,163.035,134.23,19.1165,367.171,0.142415,-1.49523,6.6609,0.727896,113.75,137.599,22.798,57.7653,106.644,113.223,119.024,125.33,128.686,133.257,137.599,141.954,145.743,148.128,149.441,154.287,157.507,161.67,14.2592,14.0095,24.1637,134.23,10.0827,-1.94637,1.56169,0.0751145,-0.193041,0.154889,135.585,136.714,75.9779,100,2.12,111,74,25,2,0,0,0,0,0,100,190.991,58.4906,85.3774,111.712,163.063,2689,52706,25089,12027.6,1.45348e+08,0.479396,0.233686,2.11505,0.447848,2689.25,23974,19243.8,4065.74,7092.3,9303.2,13539.8,15616.2,17489.6,20506,23974,27827,32077.9,34860,37257.4,41180.6,45442.8,50385.1,10192.4,10122.5,22399.7,25089,6931.1,411.234,313.871,0.276261,0.0593317,0.0452845,27823,30032.3,0,0,0,0,0,0,0,0,0,0,0,0,0,0,0,0,0,0,0,0,0,0,0,0,0,0,0,0,0,0,0,0,0,0,0,0,7,0.0330189,68.6713,15.6747,57.1753,99.7912,205,0.966981,136.469,14.7565,100.228,163.035,0,0,0,0,0,0,0,0,0,0,0,0,0,0,0,0,0,0,0,0,0,0,0,0,0,0,0,0,0,0,0,0,0,0,0,0,7,0.0330189,22355.9,12512.5,8044,38032,205,0.966981,25182.3,11999.7,2689,52706
4,12,1.0238e+06,598950,218,129,68.7673,151.91,105.654,17.1763,296.411,0.162571,0.0648458,2.93843,0.443659,110.75,109.695,21.32,74.2102,76.7497,78.7635,90.028,93.0648,93.6091,103.992,109.695,111.238,113.452,114.385,120.638,124.147,127.848,151.381,13.9288,13.4908,13.5468,105.654,9.62948,-0.344137,1.11625,0.0911413,-0.0357378,0.11592,107.041,108.385,35.7396,98.1651,2.18,129,76,12,1,0,0,0,0,0,98.1651,165.891,57.3395,42.6605,96.8992,72.093,4998,55708,32083.9,13567.9,1.84953e+08,0.422889,-0.177915,1.91987,0.534133,20617.2,33607,22746.8,6715,10048.8,12227.4,18074.6,20109.5,22394.3,29294.6,33607,38186.2,41671.3,42856.2,44495.2,49116.2,53329.9,55236.5,11676.5,11613.7,14887.9,32083.9,7836.71,-404.419,160.887,0.244257,-0.0516057,0.0205299,34834.8,36914,4,0.0183486,0.096485,0.0950827,-0.0174775,0.235327,0,0,0,0,0,0,0,0,0,0,0,0,0,0,0,0,0,0,0,0,0,0,0,0,0,0,0,0,0,0,75,0.344037,86.4288,7.97005,68.7673,99.9714,139,0.637615,116.028,10.6251,100.063,151.91,4,0.0183486,24659.8,10874.4,15414,42182,0,0,0,0,0,0,0,0,0,0,0,0,0,0,0,0,0,0,0,0,0,0,0,0,0,0,0,0,0,0,75,0.344037,29965.9,13933.5,5872,55708,139,0.637615,33226.7,13226.4,4998,55317
5,12,1.02381e+06,598950,113,69,29.5231,120.108,94.7884,27.8191,782.798,0.293486,-1.1721,3.19023,0.720485,112.25,112.202,36.841,30.0489,30.6748,42.6368,78.0178,78.392,78.9375,92.3906,112.202,112.844,114.911,115.233,115.708,116.806,118.315,120.06,23.2681,20.5805,20.581,94.7884,14.3653,-5.2826,1.03338,0.151552,-0.367732,0.0719359,98.7863,101.526,63.2252,77.8761,1.13,69,33,8,3,0,0,0,0,0,77.8761,127.536,45.1327,38.0531,73.913,62.3188,5425,56324,30885.9,12586.3,1.60235e+08,0.407508,-0.116732,2.17648,0.500224,5425.25,32359.5,18778.8,6971.86,10888,12095,20349.4,21241,22615.2,28922.4,32359.5,35419.4,38711.1,40019.8,41985.2,48266.5,51368.6,53676.6,10485.8,10452.4,25460.6,30885.9,7287.72,-265.739,486.28,0.235956,-0.036464,0.0667259,33351.9,35279.1,21,0.185841,-0.00156555,0.224603,-0.354658,0.462483,4,0.0353982,0.79286,0.0551098,0.731945,0.855112,0,0,0,0,0,0,0,0,0,0,0,0,0,0,0,0,0,0,11,0.0973451,34.3626,5.83436,29.5231,46.2516,26,0.230088,80.9764,8.20495,51.4324,92.4821,51,0.451327,114.863,2.43534,111.244,120.108,21,0.185841,37164.1,18013,7956,58496,4,0.0353982,33120,16408,6436,51203,0,0,0,0,0,0,0,0,0,0,0,0,0,0,0,0,0,0,11,0.0973451,22047.7,11145,8528,39240,26,0.230088,28646.6,12152.8,7203,56324,51,0.451327,33933.7,11940,5425,53281
6,12,1.02382e+06,598950,82,55,4.40111,114.058,69.4052,38.2006,1502.21,0.5504,-0.515522,1.78591,0.592796,82.25,82.4585,72.9072,4.4658,4.83061,6.28711,27.448,29.1711,33.1392,82.043,82.4585,84.9718,85.9825,102.078,108.293,113.578,113.918,114.035,33.9361,29.9557,29.9616,69.4052,21.5681,-3.68322,-0.124192,0.310756,-0.170772,-0.00575816,79.2235,84.7832,63.015,42.6829,0.82,55,21,4,2,0,0,0,0,0,42.6829,63.6364,28.0488,21.9512,41.8182,32.7273,3969,56530,27653.4,13980.2,2.01194e+08,0.50555,0.295774,2.27217,0.450608,3969.25,27569,19194,4961.12,8161,9237,14794,16610,18059.2,21606,27569,30684.4,33175.6,35804,39878.4,46727.8,52289,56320.9,11470.6,11468.2,23684.2,27653.4,8202.79,579.973,650.813,0.296628,0.0707044,0.0793405,30986.4,33669.6,38,0.463415,0.132612,0.214311,-0.469409,0.493792,9,0.109756,0.737723,0.221059,0.536265,1.24872,3,0.0365854,4.64187,0.220115,4.40111,4.93314,2,0.0243902,6.40732,0.60106,5.80626,7.00838,0,0,0,0,0,0,7,0.0853659,30.3201,5.63188,25.9608,43.4743,13,0.158537,83.5778,1.59471,81.8028,86.0367,10,0.121951,110.369,4.62451,102.039,114.058,38,0.463415,45365.6,13378.3,3806,59337,9,0.109756,42341.4,15047.1,5910,57228,3,0.0365854,16915,3811.47,11982,21263,2,0.0243902,11921.5,5034.5,6887,16956,0,0,0,0,0,0,7,0.0853659,18955.6,10125.4,8707,33232,13,0.158537,37735.2,12262.5,16264,56530,10,0.121951,27003.5,11737.9,3969,45685
7,12,1.02383e+06,598950,83,70,2.10742,113.799,67.2844,34.4871,1224.34,0.512556,-0.974477,2.53565,0.583545,78.25,78.6493,7.28671,3.22754,5.95225,6.64302,9.06964,77.1234,78.1539,78.4254,78.6493,79.3776,84.2154,84.4101,84.6255,99.0341,110.023,113.704,27.7737,21.8903,21.9584,67.2844,17.4284,-4.94775,3.35818,0.259026,-0.28389,0.192684,75.6079,79.6187,64.3448,42.1687,0.83,70,12,1,0,0,0,0,0,0,42.1687,50,32.5301,26.506,38.5714,31.4286,5769,57614,25272.9,14294.5,2.10341e+08,0.565603,0.409396,2.07126,0.376197,5769.25,24257,26804,6161.02,8240.8,9294,10032.6,10785,12002.6,19816.8,24257,26892.6,35059.2,37589,40710,42755.6,48396.4,55700.5,12181.8,12152.7,19503.7,25272.9,8333.46,1035.08,-38.2343,0.329738,0.124208,-0.00458805,29035.4,32020.3,26,0.313253,0.2069,0.207527,-0.250881,0.478967,22,0.26506,0.800506,0.223171,0.515723,1.25586,1,0.0120482,2.10742,0,2.10742,2.10742,7,0.0843373,7.16105,1.22797,5.40189,9.35217,0,0,0,0,0,0,0,0,0,0,0,0,23,0.277108,80.8419,3.07322,76.4526,86.3152,4,0.0481928,110.839,2.84464,107.513,113.799,26,0.313253,50516,7526.3,21759,61047,22,0.26506,50731.7,5544.62,39262,58893,1,0.0120482,26707,0,26707,26707,7,0.0843373,10217.1,4001.1,5769,18709,0,0,0,0,0,0,0,0,0,0,0,0,23,0.277108,29679.6,13955.1,9612,57614,4,0.0481928,25923.8,11437.9,10691,37926
8,12,1.02384e+06,598950,105,65,4.26611,88.0967,57.9023,31.9319,1035.83,0.55148,-0.791122,2.01394,0.639816,64.75,64.8929,53.9218,4.37025,5.1108,5.40621,6.80349,32.2688,62.2854,64.4723,64.8929,67.5061,85.9007,86.1907,86.5784,87.0302,87.5986,87.8362,26.9251,24.2984,24.3052,57.9023,17.0222,-4.47705,-0.552952,0.293982,-0.263012,-0.0324841,66.1235,70.1689,52.4957,60.9524,1.05,65,32,5,3,0,0,0,0,0,60.9524,98.4615,42.8571,33.3333,69.2308,53.8462,4122,54184,23395,14493.5,2.13397e+08,0.619514,0.400086,1.73763,0.384983,4122.25,19215,26406.8,4816.89,5830.3,6923.1,9311.4,10818.2,11487.8,15308,19215,27102.4,33246.5,37225,41084.8,43611.5,46511.2,49973.1,12913.3,12594.2,19272.8,23395,8335.15,1115.41,-364.082,0.356279,0.13382,-0.0436803,27520.7,30640.3,34,0.32381,-0.0282047,0.238432,-0.453286,0.477447,7,0.0666667,0.87789,0.345535,0.524392,1.59016,3,0.0285714,4.47543,0.19142,4.26611,4.72875,12,0.114286,6.01929,1.0705,5.07422,9.05918,1,0.00952381,10.3026,0,10.3026,10.3026,1,0.00952381,39.5909,0,39.5909,39.5909,47,0.447619,75.9616,11.7134,51.4287,88.0967,0,0,0,0,0,0,34,0.32381,36212.9,12157.2,5877,50505,7,0.0666667,37030.4,13258.3,10459,48548,3,0.0285714,44895.3,2457.36,41539,47354,12,0.114286,24164.1,11184.9,4122,43733,1,0.00952381,5407,0,5407,5407,1,0.00952381,42367,0,42367,42367,47,0.447619,21805.4,14387.1,5225,54184,0,0,0,0,0,0
9,12,1.02385e+06,598950,121,68,9.54888,100.437,75.0006,19.5778,388.022,0.261035,-0.9584,3.65144,0.720137,62.25,78.4848,22.6503,26.1444,35.704,44.6927,62.4448,63.5871,65.6018,74.4732,78.4848,83.5539,85.2455,86.2375,94.6671,97.9787,98.5818,100.095,15.4383,15.173,19.7288,75.0006,10.7936,-2.06232,1.29402,0.143913,-0.191069,0.119888,77.5138,79.4195,64.1495,67.7686,1.21,68,44,8,0,1,0,0,0,0,67.7686,120.588,40.4959,57.0248,72.0588,101.471,4970,54006,20299.4,11604.6,1.3633e+08,0.571674,1.04199,3.61124,0.312615,4970.25,18632,13508.5,5049.38,6077.35,7452.4,11245,12082,12448.8,15233.8,18632,20820.8,23281.8,25590.5,27642.4,37510.8,43759,53618.8,8997.41,8852.61,15329.1,20299.4,6366.64,1410.34,900.621,0.313637,0.221521,0.141459,23382.3,26301.2,25,0.206612,0.157102,0.221776,-0.29955,0.497859,14,0.115702,0.754982,0.297404,0.513032,1.55432,0,0,0,0,0,0,1,0.00826446,9.54888,0,9.54888,9.54888,0,0,0,0,0,0,9,0.0743802,37.4673,5.44974,30.0372,48.0594,70,0.578512,80.0406,12.6202,52.7178,99.4286,2,0.0165289,100.226,0.210781,100.015,100.437,25,0.206612,27836.5,12297.6,8078,48952,14,0.115702,38002.9,11885.6,15834,55974,0,0,0,0,0,0,1,0.00826446,7861,0,7861,7861,0,0,0,0,0,0,9,0.0743802,22773.6,10619.5,11635,43443,70,0.578512,20143.4,11839.2,4970,54006,2,0.0165289,20842.5,1421.5,19421,22264
10,12,1.02386e+06,598950,144,79,8.91534,99.6316,63.9713,28.2117,803.269,0.441006,-0.0578291,1.50309,0.606903,97.25,58.3602,58.3183,21.8689,24.3593,27.1776,32.2806,37.9437,43.2043,54.7869,58.3602,76.5847,95.9141,96.262,97.1681,98.4696,98.839,99.3725,25.556,25.4292,33.7373,63.9713,16.1599,-0.639128,-1.57744,0.252612,-0.0395502,-0.0976145,69.9158,74.4846,54.4813,75.6944,1.44,79,44,19,2,0,0,0,0,0,75.6944,137.975,35.4167,14.5833,64.557,26.5823,5575,53227,26159.7,13806.5,1.92384e+08,0.527777,0.29276,1.89913,0.431981,5575.25,25299,23748,5638.04,7568.4,9023.2,12363.4,12707,14758.6,20876.8,25299,29440,34860.4,36455,39311.6,44713.2,50515.6,53038.6,11963.9,11935,20584.5,26159.7,7984.6,695.93,-0.0427295,0.305225,0.087159,-5.35149e-06,29579.6,32278.8,32,0.222222,0.0455949,0.196151,-0.254678,0.463943,3,0.0208333,0.566792,0.0635747,0.508308,0.655172,0,0,0,0,0,0,1,0.00694444,8.91534,0,8.91534,8.91534,0,0,0,0,0,0,41,0.284722,33.8782,8.22462,21.7859,47.5273,67,0.465278,83.2082,16.8511,51.468,99.6316,0,0,0,0,0,0,32,0.222222,28533.3,11930.5,7981,54567,3,0.0208333,26781.3,7403.33,19012,36744,0,0,0,0,0,0,1,0.00694444,7867,0,7867,7867,0,0,0,0,0,0,41,0.284722,21222.6,10172.8,5601,44204,67,0.465278,29454,14697.7,5575,53227,0,0,0,0,0,0
11,12,1.02387e+06,598950,105,49,34.8799,106.59,66.9137,16.1967,265.155,0.242054,0.69988,3.09907,0.446709,66.75,66.7826,15.1729,37.2739,45.504,47.5711,54.5043,56.6313,57.5333,61.1209,66.7826,68.3724,70.3885,71.8042,73.9972,96.1058,97.25,104.791,12.0216,12.019,12.0196,66.9137,8.90349,1.15622,1.50659,0.133059,0.129862,0.169213,68.846,70.8227,31.1398,89.5238,1.05,49,40,15,1,0,0,0,0,0,89.5238,191.837,43.8095,45.7143,93.8775,97.9592,4657,46078,23241.7,11614.4,1.36345e+08,0.499722,0.220109,1.85253,0.448679,4657.25,23203.5,21577.8,5161.06,7747,9240.4,11570.6,12184,12885.8,19091.8,23203.5,26420.6,31027.3,33761.8,35350.8,40035.6,42832.8,45875.3,10003.3,10003.3,18584.5,23241.7,6733.83,452.039,-29.6866,0.28973,0.0671295,-0.00440858,25982.1,28149.3,8,0.0761905,0.0937165,0.271906,-0.422673,0.466383,3,0.0285714,0.638701,0.0787557,0.532469,0.720796,0,0,0,0,0,0,0,0,0,0,0,0,0,0,0,0,0,0,15,0.142857,45.4191,3.95907,34.8799,49.2781,75,0.714286,69.1909,12.3033,50.4021,98.1573,4,0.0380952,104.82,1.07987,103.691,106.59,8,0.0761905,19736.1,10609.2,8281,37334,3,0.0285714,26914.3,10103.2,16777,40703,0,0,0,0,0,0,0,0,0,0,0,0,0,0,0,0,0,0,15,0.142857,21469.6,9517.64,5784,35511,75,0.714286,23685,11939.3,4657,46078,4,0.0380952,21575.5,11804,11507,40793
12,12,1.02388e+06,598950,183,93,19.5127,118.499,76.9694,24.3347,595.743,0.31616,-0.381422,2.15242,0.580453,85.25,84.7736,42.4816,24.5396,35.7703,42.1938,52.8685,53.3818,60.6186,78.7389,84.7736,85.3412,86.4112,95.8634,101.852,106.441,110.46,117.979,20.6288,19.4592,19.4975,76.9694,13.8015,-1.4181,0.825854,0.179312,-0.102749,0.059838,80.7246,83.7406,56.4349,91.2568,1.83,93,67,21,2,0,0,0,0,0,91.2568,179.57,57.9235,37.7049,113.978,74.1936,4222,57050,26191.4,12423.4,1.55271e+08,0.474332,0.133349,2.06914,0.415867,14311.2,25931,21136.5,5136.34,7277.8,8964.8,14285.4,15293,17930.6,22101,25931,29442.2,34543,36429.5,38763.8,41979.4,45479.9,50691.6,10519.7,10511.9,13867.8,26191.4,7184.56,203.335,241.479,0.27431,0.0283016,0.0336108,28988.5,31192.7,15,0.0819672,-0.0475413,0.1568,-0.232447,0.392188,1,0.00546448,0.572759,0,0.572759,0.572759,0,0,0,0,0,0,0,0,0,0,0,0,1,0.00546448,19.5127,0,19.5127,19.5127,25,0.136612,38.389,7.45866,23.8344,46.7129,107,0.584699,76.665,14.8336,51.6763,99.8772,34,0.185792,107.985,4.63233,102.346,118.499,15,0.0819672,23230.9,10427.3,8537,42475,1,0.00546448,20068,0,20068,20068,0,0,0,0,0,0,0,0,0,0,0,0,1,0.00546448,8933,0,8933,8933,25,0.136612,20374.2,9948.55,5071,39990,107,0.584699,27130.3,12649.3,5170,57050,34,0.185792,28021.7,11916.7,4222,45557
13,12,1.02389e+06,598950,233,107,3.87875,131.598,98.2747,20.9665,441.772,0.213346,-1.53327,6.083,0.73909,80.75,103.122,28.7844,44.6968,45.7328,79.6762,81.2846,83.618,95.904,99.0134,103.122,106.064,111.098,112.402,113.959,119.638,123.425,126.169,15.3851,14.7971,23.379,98.2747,10.8806,-2.61143,1.96343,0.110716,-0.240008,0.180452,100.486,102.109,92.9662,87.1245,2.33,107,82,37,6,1,0,0,0,0,87.1245,189.72,54.9356,73.3906,119.626,159.813,3803,50803,26009.7,12406.3,1.54678e+08,0.476986,0.0954077,1.92857,0.472483,3803.25,25740,20736,4888.8,6630.9,9498,13798.2,15318.5,17301.4,21891.6,25740,29356,34251.8,36054.5,38346.2,42875.6,46074.8,49536.9,10620.5,10618.4,22206.5,26009.7,7187.26,183.432,158.035,0.27633,0.0255218,0.0219882,28817,30998.9,25,0.107296,0.133778,0.179275,-0.226134,0.461281,5,0.0214592,0.613146,0.103351,0.557024,0.819716,1,0.00429185,3.87875,0,3.87875,3.87875,0,0,0,0,0,0,1,0.00429185,14.3177,0,14.3177,14.3177,12,0.0515021,45.5184,0.400269,44.6905,46.1656,71,0.304721,87.8023,8.34782,74.2148,99.7742,118,0.506438,111.452,7.50849,100.201,131.598,25,0.107296,25201.8,11690.5,7076,45902,5,0.0214592,26304,12750.1,9514,46428,1,0.00429185,24866,0,24866,24866,0,0,0,0,0,0,1,0.00429185,11699,0,11699,11699,12,0.0515021,19823.1,10264.3,6166,40663,71,0.304721,25344.4,11078.6,3803,50544,118,0.506438,27170.1,13151.9,4186,50803
14,12,1.0239e+06,598950,209,133,78.1856,138.54,114.272,13.3197,178.296,0.116561,-0.727064,3.08288,0.597913,108.25,116.011,16.3783,81.3459,86.4004,93.8755,105.205,107.723,108.894,113.639,116.011,118.329,122.513,124.101,125.555,129.458,132.864,136.141,10.419,10.2848,12.2347,114.272,7.42033,-1.10479,0.991478,0.0649357,-0.148887,0.133616,115.046,115.761,35.3964,96.6507,2.09,133,61,14,1,0,0,0,0,0,96.6507,151.88,55.9809,68.4211,87.9699,107.519,3461,50883,29269.1,11388.4,1.3034e+08,0.389092,-0.393792,2.41856,0.544222,16493.2,31096,14865.8,4922.25,7147.65,11637.9,19078.4,22293.8,24103.7,28097.8,31096,33654,35762.9,37159.5,39155,43722.7,46270.6,50142.4,9273.25,9156.9,14877.5,29269.1,6486.85,-632.224,619.717,0.221628,-0.0974624,0.0955343,31406.6,32982.8,5,0.0239234,0.0616801,0.222032,-0.134918,0.495549,2,0.00956938,0.636307,0.11424,0.522067,0.750547,0,0,0,0,0,0,0,0,0,0,0,0,0,0,0,0,0,0,0,0,0,0,0,0,26,0.124402,88.1213,5.72188,78.1856,99.6571,176,0.842105,118.135,9.10149,100.13,138.54,5,0.0239234,17311.4,5096.28,10157,25058,2,0.00956938,40374,2932,37442,43306,0,0,0,0,0,0,0,0,0,0,0,0,0,0,0,0,0,0,0,0,0,0,0,0,26,0.124402,26963.8,9827.33,9485,44615,176,0.842105,29609.6,11562.3,3461,50883
15,12,1.02391e+06,598950,155,92,7.96335,121.89,96.7026,15.6363,246.157,0.161695,-2.53898,14.6806,0.778919,82.75,98.0857,14.5742,36.2063,73.5973,79.7082,83.3372,91.8782,93.2123,96.3851,98.0857,102.5,105.182,106.452,109.244,111.097,113.593,117.866,10.7024,10.5815,17.4962,96.7026,7.70549,-1.68212,1.42619,0.0796823,-0.218301,0.185088,97.9586,98.8374,86.9481,95.4839,1.55,92,44,14,5,0,0,0,0,0,95.4839,160.87,56.7742,81.2903,95.6522,136.957,4410,53697,29132.2,12426.6,1.55471e+08,0.426558,-0.0961484,2.06717,0.501598,4410.25,29342,19886.2,5618.48,8323.2,11676.1,16494,19103.2,22161.3,25650.4,29342,33700.2,37574.8,38989.5,40394,44936.7,48560,52589.9,10486.3,10483.6,24722,29132.2,7194.34,-196.611,335.819,0.246954,-0.0273286,0.0466782,31671.9,33630.2,5,0.0322581,0.00472454,0.253556,-0.298842,0.315091,2,0.0129032,0.668171,0.157293,0.510877,0.825464,0,0,0,0,0,0,2,0.0129032,8.14225,0.178903,7.96335,8.32116,0,0,0,0,0,0,0,0,0,0,0,0,78,0.503226,89.0993,8.60161,67.6512,99.7026,68,0.43871,108.029,4.69017,100.713,121.89,5,0.0322581,37378.2,12566.3,12440,45987,2,0.0129032,33561,1729,31832,35290,0,0,0,0,0,0,2,0.0129032,11994,53,11941,12047,0,0,0,0,0,0,0,0,0,0,0,0,78,0.503226,26928.7,12823,4410,53222,68,0.43871,32163.9,11139.2,7637,53697
16,12,1.02392e+06,598950,194,96,7.66518,115.342,71.4384,22.942,529.731,0.321144,-1.43329,4.6546,0.592263,82.75,77.6481,16.1744,9.23833,10.7946,40.0412,66.3818,68.1108,71.5783,73.3629,77.6481,81.9755,83.5681,84.2852,85.6727,89.8464,93.5412,109.568,16.1237,15.2352,15.7995,71.4384,11.5261,-3.55126,2.91312,0.161343,-0.308106,0.252741,75.0318,77.1987,63.2594,80.4124,1.94,96,74,19,5,0,0,0,0,0,80.4124,162.5,56.701,30.4124,114.583,61.4583,4713,54496,24323.3,11490.3,1.32878e+08,0.472397,0.47038,2.51015,0.393916,25680.2,22982,16607,5193.75,8459.75,9966.5,13319,15206,17180,19874,22982,25782,30630.5,31813,35300,40747,44852.8,53483.1,9460.77,9401.69,9618.22,24323.3,6559.89,699.546,471.656,0.269695,0.10664,0.0719,26900.8,29137.6,34,0.175258,0.00885357,0.215647,-0.328686,0.476309,4,0.0206186,0.596628,0.0701611,0.528821,0.712581,0,0,0,0,0,0,5,0.0257732,9.00455,0.685135,7.66518,9.61843,7,0.0360825,11.3142,1.02939,10.2645,13.0024,14,0.0721649,40.2004,6.56187,24.3341,45.6826,124,0.639175,79.1247,7.86454,62.1672,93.6599,6,0.0309278,107.65,5.43454,102.736,115.342,34,0.175258,38279.4,10852.3,13367,58678,4,0.0206186,23150.5,15663.8,6207,38795,0,0,0,0,0,0,5,0.0257732,13983.6,6247.07,5180,20998,7,0.0360825,19221.1,5483.15,9664,28311,14,0.0721649,15481.9,8136.36,4713,31672,124,0.639175,25578.1,11551.4,5205,54496,6,0.0309278,33591.5,5713.95,26037,41891
17,12,1.02393e+06,598950,158,91,2.63563,94.2925,42.4511,28.1637,802.868,0.663439,0.106856,1.84392,0.434397,61.25,42.3902,51.7425,2.97464,4.32567,6.90825,8.87879,9.5486,17.8524,40.3134,42.3902,49.5326,61.0369,61.2911,63.1168,81.9895,90.1613,93.9278,23.6159,23.6152,27.3777,42.4511,16.2166,0.61038,-0.112052,0.382007,0.0376391,-0.00690971,50.944,56.4521,38.3563,52.5316,1.58,91,52,11,4,0,0,0,0,0,52.5316,91.2088,25.9494,13.2911,45.0549,23.0769,5425,52775,24434.3,12382.5,1.55195e+08,0.506765,0.318698,2.09317,0.401464,5425.25,22064,18708.5,5950.62,6742.7,8169.8,12099.2,14713.5,16775.4,20045.6,22064,27038.4,30721,33422,35757,43756.8,45136.2,48119.9,10471.9,10418.7,19009.1,24434.3,7167.8,600.622,289.654,0.29335,0.0837946,0.0404105,27392.7,29788.3,64,0.405063,0.0346981,0.209881,-0.391125,0.431228,11,0.0696203,0.867493,0.4401,0.51742,1.79166,7,0.0443038,3.82859,0.774443,2.63563,4.82987,15,0.0949367,8.08417,1.11108,5.61642,9.82107,4,0.0253165,15.1006,2.71296,12.1434,19.1626,25,0.158228,40.3424,7.3649,22.5061,49.5831,32,0.202532,72.0755,12.6023,58.8311,94.2925,0,0,0,0,0,0,64,0.405063,37931.8,14036.8,6824,58956,11,0.0696203,37442.4,16594.9,7834,53656,7,0.0443038,16443.4,6372.22,6726,25464,15,0.0949367,21117.5,9247.47,6665,35685,4,0.0253165,14511.8,8397.31,7859,28500,25,0.158228,29089.2,12152.3,6215,47098,32,0.202532,25340.8,13242,5425,52775,0,0,0,0,0,0
18,12,1.02394e+06,598950,217,110,4.71117,67.3007,43.9792,15.9401,255.591,0.362447,-0.672415,2.96691,0.62739,48.25,46.6048,24.0895,5.4724,7.41665,25.5016,29.8735,34.1001,39.5792,42.7121,46.6048,48.1413,50.7305,58.1896,60.6669,64.4303,65.4196,66.8814,12.4154,12.1128,12.2759,43.9792,8.87654,-1.23264,1.10215,0.201835,-0.138865,0.124165,46.7788,48.7508,38.7767,78.341,2.17,110,76,25,5,1,0,0,0,0,78.341,154.545,45.1613,30.8756,89.0909,60.9091,6057,51872,27603.4,11607.9,1.35541e+08,0.420525,-0.0340574,1.92235,0.470291,6057.25,27507.5,18634.8,6593.03,8908.35,11204.5,15670.4,18457,19594.3,23718.2,27507.5,32069.4,35430.9,37091.8,39809,42381.8,45409.6,48289.5,10016.7,10016.7,21546.1,27603.4,6729.51,-74.3536,130.899,0.243793,-0.0110489,0.0194515,29944.8,31793.3,32,0.147465,0.0143994,0.167947,-0.267543,0.330583,15,0.0691244,0.847362,0.293017,0.539123,1.59038,1,0.00460829,4.71117,0,4.71117,4.71117,10,0.0460829,6.70274,0.778419,5.11858,7.56751,3,0.0138249,14.7471,1.45217,12.8905,16.4357,102,0.470046,40.0153,8.27722,20.9092,49.5545,54,0.248848,60.7207,5.19181,50.1987,67.3007,0,0,0,0,0,0,32,0.147465,31938.8,12007.6,6626,53023,15,0.0691244,33327.3,16176.9,9339,55215,1,0.00460829,19922,0,19922,19922,10,0.0460829,21685.5,8267.79,7948,33811,3,0.0138249,24839,8099.68,17924,36205,102,0.470046,26358.4,11648.3,6057,51872,54,0.248848,31346.8,11254.1,8571,47110,0,0,0,0,0,0
19,12,1.02395e+06,598950,205,94,5.02612,83.3391,46.7257,16.7713,282.93,0.35893,-0.422807,2.35815,0.532474,59.75,51.4187,24.4533,8.83491,18.5606,22.4668,30.3222,35.1106,37.0699,43.4411,51.4187,54.9077,58.6999,59.564,60.0538,65.244,67.1902,76.4226,14.1951,13.702,15.8842,46.7257,9.51501,-1.14066,0.635962,0.203636,-0.119881,0.0668377,49.6444,51.8568,40.8881,83.4146,2.05,94,76,27,7,1,0,0,0,0,83.4146,181.915,46.8293,20,102.128,43.617,4783,49217,19468.2,9639.79,9.34723e+07,0.495155,0.808516,3.03819,0.330496,4783.25,17430,13046.5,5586.8,7479,9102,10714,11760,12795,14594,17430,20522,22795,24806.5,26595,33655,39517,44742.9,7792.6,7728.46,14685,19468.2,5377.35,989.292,520.492,0.276211,0.183974,0.0967933,21724.1,23828.8,21,0.102439,0.202189,0.230913,-0.270782,0.495989,13,0.0634146,0.884487,0.292455,0.502917,1.6379,0,0,0,0,0,0,3,0.0146341,7.11751,2.01665,5.02612,9.84247,7,0.0341463,15.6315,2.19198,12.1564,18.6592,65,0.317073,33.2303,8.37596,20.6375,45.7672,96,0.468293,59.3683,7.09706,50.3044,83.3391,0,0,0,0,0,0,21,0.102439,30878.1,15113.2,9545,55385,13,0.0634146,38580.2,10665.1,19203,54998,0,0,0,0,0,0,3,0.0146341,14074.3,5136.63,7767,20349,7,0.0341463,20937.6,4465.53,14328,29630,65,0.317073,19961.8,9357.09,5714,41378,96,0.468293,19195.4,10132,4783,49217,0,0,0,0,0,0
0,13,1.02376e+06,598940,145,81,30.91,142.29,117.735,17.3997,304.865,0.147787,-1.87985,9.28831,0.779535,131.75,118.375,21.1121,47.9522,86.8385,105.423,108.956,109.938,113.826,116.446,118.375,123.263,126.586,131.05,131.841,134.715,140.975,141.919,11.9866,11.9736,15.9309,117.735,8.82985,-1.60805,1.8784,0.0749978,-0.182116,0.212734,119.013,120.023,85.7161,99.3103,1.45,81,44,18,1,0,1,0,0,0,99.3103,177.778,51.7241,20.6897,92.5926,37.037,3049,56135,30022.9,14240,2.04195e+08,0.474304,-0.127854,1.79886,0.508118,3049.25,31544,24306,5558.88,7378.75,9949.7,14758.8,17818,19159.8,26223.6,31544,35430.2,40328.7,42124,43776.2,48616.1,50968.4,53612.1,12386,12327.4,26973.7,30022.9,8258.68,-314.865,-17.069,0.275079,-0.0381254,-0.00206679,33228.8,35557.5,1,0.00689655,-1.83105e-06,0,-1.83105e-06,-1.83105e-06,0,0,0,0,0,0,0,0,0,0,0,0,0,0,0,0,0,0,0,0,0,0,0,0,2,0.0137931,34.585,3.675,30.91,38.26,11,0.0758621,84.2027,7.9315,60.8,91.67,131,0.903448,121.82,10.5188,103.654,142.29,1,0.00689655,5742,0,5742,5742,0,0,0,0,0,0,0,0,0,0,0,0,0,0,0,0,0,0,0,0,0,0,0,0,2,0.0137931,16534,5738,10796,22272,11,0.0758621,26765,12616.4,6399,42725,131,0.903448,30502.4,14322.5,3049,56135
1,13,1.02377e+06,598940,182,102,88.8142,144.598,126.468,10.0789,102.144,0.0796952,-1.16548,5.654,0.674983,123.75,125.763,11.6532,90.8735,114.238,116.373,117.572,122.971,123.632,124.134,125.763,129.849,133.743,134.624,135.423,137.168,139.484,143.898,7.63888,7.61544,7.8711,126.468,5.38323,-0.625043,0.75954,0.0425661,-0.116109,0.141094,126.869,127.241,37.2228,100,1.82,102,62,17,1,0,0,0,0,0,100,178.431,47.8022,68.6813,85.2941,122.549,2450,54909,27125.4,13247.9,1.76476e+08,0.488395,0.121373,1.96205,0.470374,2450.25,26640,22114.8,5160.98,7066.3,10135.9,13365.6,15996.8,18571.5,22031.8,26640,30785.4,34948.5,38111.5,40254.6,45497,47897.8,53126.4,11243.8,11230.3,24675.1,27125.4,7672.29,243.537,202.47,0.282846,0.0317424,0.0263897,30187.6,32561.3,0,0,0,0,0,0,0,0,0,0,0,0,0,0,0,0,0,0,0,0,0,0,0,0,0,0,0,0,0,0,0,0,0,0,0,0,6,0.032967,91.4193,1.57931,88.8142,93.5301,176,0.967033,127.662,7.85219,113.51,144.598,0,0,0,0,0,0,0,0,0,0,0,0,0,0,0,0,0,0,0,0,0,0,0,0,0,0,0,0,0,0,0,0,0,0,0,0,6,0.032967,13141,5242.31,5267,21008,176,0.967033,27602.1,13178,2450,54909
2,13,1.02378e+06,598940,163,87,62.6998,148.517,124.975,17.1119,294.638,0.136923,-1.61602,5.45598,0.725666,133.75,129.474,16.019,65.8353,88.669,102.377,116.819,120.378,124.638,126.55,129.474,132.707,134.424,136.397,137.568,139.773,143.49,146.689,12.3892,11.6055,12.2083,124.975,8.70985,-2.79811,1.92198,0.069693,-0.321258,0.220668,126.141,127.108,61.6337,99.3865,1.63,87,56,19,1,0,0,0,0,0,99.3865,186.207,68.0982,34.3558,127.586,64.3678,6980,53955,25489.2,11612.4,1.35687e+08,0.455583,0.145422,1.96751,0.394023,9872.25,25675,18824.5,7286.79,8524,9410.3,13215,16580.2,18152,21440,25675,28311.4,33056.5,35404.8,37646.4,40062.4,44964.1,47275.7,9918.77,9917.28,15942.2,25489.2,6719.28,242.761,111.707,0.263613,0.0361291,0.0166248,28009.8,30036.9,1,0.00613497,-0.0363853,0,-0.0363853,-0.0363853,0,0,0,0,0,0,0,0,0,0,0,0,0,0,0,0,0,0,0,0,0,0,0,0,0,0,0,0,0,0,15,0.0920245,82.3797,10.8563,62.6998,98.1994,147,0.90184,129.321,10.3269,102.106,148.517,1,0.00613497,17022,0,17022,17022,0,0,0,0,0,0,0,0,0,0,0,0,0,0,0,0,0,0,0,0,0,0,0,0,0,0,0,0,0,0,15,0.0920245,15320.7,7320.05,6980,35918,147,0.90184,26526.8,11468,7263,53955
3,13,1.02379e+06,598940,248,154,32.2086,160.868,129.666,20.1312,406.907,0.155254,-1.03771,4.91526,0.757484,119.25,132.019,25.1898,73.6742,96.2532,102.056,109.85,118.99,123.222,128.493,132.019,137.774,140.919,144.18,147.424,152.597,155.491,160.124,15.5921,15.4748,19.2627,129.666,11.0318,-1.74538,1.32156,0.0850785,-0.158213,0.119795,131.22,132.559,95.6322,100,2.48,154,80,13,1,0,0,0,0,0,100,161.039,54.4355,72.1774,87.6623,116.234,5032,54950,30941,13090,1.72041e+08,0.423062,-0.161503,1.90577,0.51903,5032.25,33550,22873.5,6708.62,10057,12113.8,17332.4,18769.8,22109.4,28342.2,33550,36077.2,39151.3,41643.2,43273.6,47168.3,50566,53795,11336.3,11186.1,25908.7,30941,7552.23,-360.269,149.943,0.244085,-0.0477037,0.0198541,33596,35612,0,0,0,0,0,0,0,0,0,0,0,0,0,0,0,0,0,0,0,0,0,0,0,0,0,0,0,0,0,0,1,0.00403226,32.2086,0,32.2086,32.2086,19,0.0766129,89.9579,11.4968,57.1072,99.9347,228,0.919355,133.403,15.5816,100.135,160.868,0,0,0,0,0,0,0,0,0,0,0,0,0,0,0,0,0,0,0,0,0,0,0,0,0,0,0,0,0,0,1,0.00403226,9916,0,9916,9916,19,0.0766129,25979.6,11244.8,7301,45618,228,0.919355,31446.6,13099.4,5032,54950
4,13,1.0238e+06,598940,124,90,56.3096,142.163,113.64,19.1115,368.219,0.168176,-0.200703,2.36279,0.667773,100.25,110.98,34.4853,71.219,84.3631,88.6842,100.1,100.525,101.006,105.796,110.98,118.619,126.306,135.01,136.007,138.609,139.938,142.102,16.3326,16.0906,18.2813,113.64,10.8856,-0.246314,0.254535,0.0957906,-0.0226274,0.0233826,115.236,116.733,56.2961,100,1.24,90,26,5,3,0,0,0,0,0,100,137.778,43.5484,79.8387,60,110,4907,55083,28903,13497.9,1.83675e+08,0.467008,0.000545384,1.82992,0.478236,23746.2,29034,22838.5,5800.44,8689.85,10161.9,13173,17482.2,20280.1,24260.6,29034,33100.2,38842.1,40320.8,42944,47214.8,49369.6,52190.7,11634.5,11634.5,12199.4,28903,7846.74,2.85079,32.2684,0.271485,0.000363308,0.00411233,31899.5,34183.6,0,0,0,0,0,0,0,0,0,0,0,0,0,0,0,0,0,0,0,0,0,0,0,0,0,0,0,0,0,0,0,0,0,0,0,0,25,0.201613,88.1196,10.3326,56.3096,99.8542,99,0.798387,120.084,14.9842,100.264,142.163,0,0,0,0,0,0,0,0,0,0,0,0,0,0,0,0,0,0,0,0,0,0,0,0,0,0,0,0,0,0,0,0,0,0,0,0,25,0.201613,26219.4,12668,9628,49377,99,0.798387,29580.7,13616.2,4907,55083
5,13,1.02381e+06,598940,110,55,36.186,109.301,71.4892,19.9729,402.644,0.279383,0.498353,2.0868,0.482847,53.25,68.4007,30.2916,39.7257,47.3443,48.5642,53.1567,54.2716,56.3526,64.9182,68.4007,71.2124,77.5308,84.5632,95.396,105.584,107.444,109.068,16.6236,16.1642,20.1237,71.4892,11.3151,1.6246,0.396275,0.158277,0.143578,0.0350218,74.2268,76.9072,34.6177,98.1818,1.1,55,35,16,4,0,0,0,0,0,98.1818,196.364,39.0909,77.2727,78.1818,154.545,3231,58209,29269.3,13966.9,1.96897e+08,0.477185,0.0246357,1.91955,0.473613,3231.25,29917,22752.2,6627.38,7428.7,9755,16007.2,18601,19855.6,22735,29917,35454,37893,41353.2,42435.4,47489.8,50368.6,56894.4,12146.6,12132.3,26038.1,29269.3,8108.26,26.0696,129.939,0.277023,0.00321519,0.0160255,32430.9,34834.9,0,0,0,0,0,0,2,0.0181818,0.577938,0.00321895,0.574719,0.581157,0,0,0,0,0,0,0,0,0,0,0,0,0,0,0,0,0,0,12,0.109091,45.2901,4.0208,36.186,48.6299,82,0.745455,69.2713,14.2394,51.3924,96.6904,14,0.127273,106.936,1.50987,105.371,109.301,0,0,0,0,0,0,2,0.0181818,14766,5395,9371,20161,0,0,0,0,0,0,0,0,0,0,0,0,0,0,0,0,0,0,12,0.109091,20856,13139.6,6938,42046,82,0.745455,30814.1,14032.4,3231,58209,14,0.127273,27432.5,11203.6,7941,44666
6,13,1.02382e+06,598940,174,85,5.66522,128.675,97.33,24.5494,606.328,0.252229,-1.3264,4.52888,0.745181,95.75,102.587,29.7655,24.592,42.7013,56.3698,84.9335,86.6794,89.7761,95.9881,102.587,107.337,113.473,116.445,117.284,122.347,125.45,126.885,18.387,18.0288,18.5879,97.33,12.9827,-3.32496,2.08088,0.133388,-0.256107,0.160281,100.378,102.547,89.6056,95.4023,1.74,85,61,23,4,1,0,0,0,0,95.4023,195.294,51.7241,59.1954,105.882,121.176,3594,57820,28970.7,14740.4,2.18595e+08,0.508803,0.0509933,1.792,0.46798,3594.25,29568,25892,5355.7,6933.5,9170,13535,16101.2,19346,22375,29568,34789,39929,41993.2,44246,47493,52739.5,55796.5,12946.3,12936.8,25376.4,28970.7,8542.89,109.369,-58.6547,0.294881,0.0128023,-0.00686591,32505.1,35132.2,6,0.0344828,0.164536,0.213544,-0.0759831,0.480071,2,0.0114943,0.677138,0.135003,0.542135,0.812141,0,0,0,0,0,0,1,0.00574713,5.66522,0,5.66522,5.66522,0,0,0,0,0,0,12,0.0689655,37.8207,6.8761,24.5745,45.2683,65,0.373563,86.3246,11.9967,54.5255,99.839,88,0.505747,114.616,7.58069,101.948,128.675,6,0.0344828,33610.7,19196.5,6590,56021,2,0.0114943,27127.5,3830.5,23297,30958,0,0,0,0,0,0,1,0.00574713,19307,0,19307,19307,0,0,0,0,0,0,12,0.0689655,18158.2,8528.08,6612,33632,65,0.373563,31531,15867.8,3594,57820,88,0.505747,28663.8,13857.4,6061,55398
7,13,1.02383e+06,598940,183,91,4.87463,127.296,103.322,26.2737,694.649,0.254289,-1.85522,5.61823,0.804171,113.25,113.218,10.4257,19.1034,47.9153,51.1474,94.8015,107.454,108.373,110.344,113.218,113.945,114.966,117.88,120.224,124.661,125.907,126.99,19.065,15.5016,15.502,103.322,12.3498,-5.45744,3.41324,0.119527,-0.441906,0.276381,106.61,108.671,97.0471,87.4317,1.83,91,67,21,3,1,0,0,0,0,87.4317,175.824,66.6667,42.623,134.066,85.7143,5885,54428,28575.4,13361.7,1.79659e+08,0.467596,-0.0619462,1.79645,0.467429,5885.25,29004,24175.8,6099.87,8261.95,9889.8,14380.8,15801.8,19284.3,24575.6,29004,33754,38468,39977.5,41921.6,44988,48493.9,52816.9,11583.6,11580.3,22690.1,28575.4,7743.02,-152.243,-42.9029,0.270968,-0.019662,-0.00554085,31545,33763.9,23,0.125683,-0.079221,0.194217,-0.406833,0.370176,0,0,0,0,0,0,1,0.00546448,4.87463,0,4.87463,4.87463,0,0,0,0,0,0,1,0.00546448,11.6146,0,11.6146,11.6146,11,0.0601093,40.432,10.6667,24.3075,49.4341,25,0.136612,77.592,17.6154,50.6409,99.5334,122,0.666667,115.824,5.87641,105.753,127.296,23,0.125683,40486.7,14429.7,8367,57345,0,0,0,0,0,0,1,0.00546448,14044,0,14044,14044,0,0,0,0,0,0,1,0.00546448,7208,0,7208,7208,11,0.0601093,30701.3,12518.1,10798,51721,25,0.136612,21020.9,12795.9,6045,54394,122,0.666667,30226,12890.5,5885,54428
8,13,1.02384e+06,598940,161,77,3.6476,124.043,83.1789,32.004,1031.62,0.384761,-0.347771,1.59619,0.660582,50.75,97.9199,62.7846,17.6881,43.8642,45.2643,47.5162,49.8338,50.5437,59.9528,97.9199,105.524,108.685,112.618,113.265,118.575,123.426,123.89,30.1794,28.0818,36.2924,83.1789,17.606,-1.62581,-1.71481,0.211664,-0.092344,-0.0973994,89.1234,93.5869,77.536,86.9565,1.61,77,65,18,1,0,0,0,0,0,86.9565,181.818,50.3106,57.764,105.195,120.779,4643,59951,29554.1,15211.7,2.33061e+08,0.514708,0.102313,1.88771,0.450406,4643.25,28422.5,25061.5,5907.17,7591.35,8143.1,14151,16252.2,18079.3,23165,28422.5,36702.2,39328.8,41313.8,43328.6,50257.7,54306.5,58788.8,13229,13201.7,24910.8,29554.1,8814,228.459,86.9039,0.298233,0.0259201,0.00985976,33239.1,36008.8,16,0.0993789,0.150082,0.225615,-0.216987,0.489505,5,0.0310559,1.08456,0.296742,0.693874,1.59721,2,0.0124224,3.77863,0.131029,3.6476,3.90966,0,0,0,0,0,0,0,0,0,0,0,0,34,0.21118,45.6497,2.4311,39.239,49.9006,43,0.267081,74.0434,22.6196,50.0195,99.2782,61,0.378882,113.14,6.20965,103.156,124.043,16,0.0993789,42283.9,14457.7,12665,57933,5,0.0310559,36068.4,12088.1,19106,52114,2,0.0124224,45260.5,3806.5,41454,49067,0,0,0,0,0,0,0,0,0,0,0,0,34,0.21118,34104.8,15594.3,7748,59951,43,0.267081,28747.6,15023.6,5750,58058,61,0.378882,27071.2,14480.8,4643,51845
9,13,1.02385e+06,598940,130,60,3.5023,133.259,48.5332,31.9298,1028.86,0.657896,0.265121,1.91082,0.34704,82.25,42.5998,66.9024,4.01085,6.92344,8.28845,12.6663,14.7731,31.421,38.9125,42.5998,48.6857,81.1328,81.6756,82.0875,94.3209,96.552,97.5889,27.0679,26.4194,37.884,48.5332,18.1463,1.20986,-0.329028,0.373896,0.0666726,-0.0181319,58.0946,64.7437,44.3421,84.6154,1.3,60,46,19,5,0,0,0,0,0,84.6154,183.333,34.6154,13.0769,75,28.3333,4999,53672,24648.9,12793.3,1.6517e+08,0.519021,0.148468,1.92338,0.403712,4999.25,25882,22865.8,5109.67,6055.65,7497.6,11488.8,12903,16099.7,19601.8,25882,28939.4,32010.3,35768.8,37762.6,41278.7,44947.2,49452.2,11028.7,11010.3,19649.6,24648.9,7424.9,284.995,64.2416,0.301227,0.0383837,0.00865218,27771.1,30143.5,8,0.0615385,0.10705,0.141899,-0.110881,0.319643,12,0.0923077,0.806118,0.213216,0.506754,1.1859,2,0.0153846,3.6939,0.191594,3.5023,3.88549,15,0.115385,7.80835,1.31858,5.27839,9.66391,15,0.115385,13.3164,1.69033,10.6217,15.5075,37,0.284615,41.548,4.62043,31.2727,49.1547,40,0.307692,83.5963,11.8579,50.4073,97.6008,1,0.00769231,133.259,0,133.259,133.259,8,0.0615385,31471.9,12233.2,14236,50903,12,0.0923077,34451.4,15207,8125,52021,2,0.0153846,25167.5,3344.5,21823,28512,15,0.115385,25384,11557.5,7731,43030,15,0.115385,24643.7,12413.5,6175,40934,37,0.284615,25559.5,13127.7,5095,49569,40,0.307692,23549.4,13415.5,4999,53672,1,0.00769231,22949,0,22949,22949
10,13,1.02386e+06,598940,211,88,6.7333,120.964,62.0749,32.5924,1068.04,0.525049,0.172906,1.61752,0.484473,95.75,49.5358,59.4995,8.49316,11.2792,25.6621,32.6154,36.3055,41.6396,43.15,49.5358,70.2206,95.1585,95.805,96.6424,105.92,111.874,115.276,29.6172,28.4771,37.8947,62.0749,18.4717,1.00794,-0.585065,0.29757,0.0545669,-0.0316736,70.111,76.2314,54.1376,87.6777,2.11,88,88,27,6,2,0,0,0,0,87.6777,210.227,36.4929,24.1706,87.5,57.9545,3328,57787,25622.7,12830.9,1.65527e+08,0.500763,0.139141,2.03772,0.409386,21646.2,24393,20832,4938.52,6480.2,8140,12274.6,14942,18450.2,21509.8,24393,29606.6,33948.8,35774,38674.2,43241.2,45923.2,50875,10912.9,10896.9,11095,25622.7,7417.81,242.821,234.099,0.289501,0.0327348,0.031559,28655.8,30993,23,0.109005,-0.0184642,0.153289,-0.259695,0.326145,3,0.014218,0.80966,0.154004,0.633015,1.00831,0,0,0,0,0,0,5,0.0236967,8.37959,0.921634,6.7333,9.57814,10,0.0473934,12.0272,2.08579,10.0992,16.2036,80,0.379147,38.3733,6.75106,24.087,49.7691,61,0.2891,83.6084,16.4502,51.8398,99.009,29,0.137441,108.68,4.69778,102.669,120.964,23,0.109005,25248.2,10814,7448,44172,3,0.014218,32188,3520.59,28539,36946,0,0,0,0,0,0,5,0.0236967,25098,12127.1,5497,39373,10,0.0473934,25736.8,8966.41,12174,44286,80,0.379147,26630.8,12297.6,5654,57787,61,0.2891,24894.5,14065.6,3328,51206,29,0.137441,24424.8,12586.3,5063,46468
11,13,1.02387e+06,598940,148,71,13.8773,124.346,85.9475,30.0534,909.437,0.349672,-0.575845,2.00841,0.652404,112.25,95.6294,53.8591,24.2752,32.414,39.4465,53.1634,58.3406,65.4813,82.4407,95.6294,101.525,111.265,112.2,112.669,118.858,122.341,123.913,26.2615,25.2003,28.8783,85.9475,16.9524,-3.09361,0.00428977,0.197241,-0.182488,0.000253049,91.0505,94.8065,70.3808,98.6487,1.48,71,55,20,2,0,0,0,0,0,98.6487,205.634,56.0811,24.3243,116.901,50.7042,5400,51494,25706.3,11888.9,1.42321e+08,0.46249,0.0785345,1.87569,0.440541,5400.25,24867,20886.5,5675,7537.25,9893.5,13260,15317.8,17485,21964,24867,29384,33510,36204.2,38447,41938.5,43942.2,46903.2,10196.5,10176,20306,25706.3,6900.15,142.46,75.1861,0.268423,0.020646,0.0108963,28322.4,30372.9,1,0.00675676,0.303084,0,0.303084,0.303084,1,0.00675676,1.14925,0,1.14925,1.14925,0,0,0,0,0,0,0,0,0,0,0,0,1,0.00675676,13.8773,0,13.8773,13.8773,24,0.162162,37.4243,7.08653,23.4064,49.9087,53,0.358108,75.7443,15.8672,50.4801,99.8905,68,0.459459,112.086,7.31776,100.233,124.346,1,0.00675676,20980,0,20980,20980,1,0.00675676,13993,0,13993,13993,0,0,0,0,0,0,0,0,0,0,0,0,1,0.00675676,11369,0,11369,11369,24,0.162162,24043,9631.87,5423,43803,53,0.358108,23743.7,12409.2,5983,47072,68,0.459459,28033.8,11759.9,5400,51494
12,13,1.02388e+06,598940,218,102,10.1739,142.502,97.9421,34.0619,1165.77,0.347776,-1.30739,3.7121,0.663264,134.25,107.096,31.4133,12.5523,17.5383,32.6922,85.5465,87.9334,97.5292,103.063,107.096,111.393,117.352,119.347,122.438,132.864,134.601,139.253,25.1784,23.4002,36.6449,97.9421,17.5785,-5.29293,3.27982,0.179478,-0.301103,0.186582,103.696,107.108,86.5626,96.3303,2.18,102,86,29,1,0,0,0,0,0,96.3303,205.882,66.055,7.33945,141.176,15.6863,2747,51919,27157.9,12393.8,1.54341e+08,0.456362,-0.0399491,1.92735,0.496438,2747.25,28150.5,20284,5138.45,7813.65,9843.2,13875,17045.5,18902.3,22716.2,28150.5,31727.2,35487.4,37329.5,38558.6,43171.1,46398.6,50705.4,10743.7,10731.6,24410.6,27157.9,7171.84,-100.976,151.703,0.26408,-0.0140795,0.0211526,29852.2,31902.4,3,0.0137615,0.022067,0.243913,-0.21265,0.358336,5,0.0229358,1.26024,0.502344,0.678774,1.86559,0,0,0,0,0,0,0,0,0,0,0,0,13,0.059633,13.8318,2.60942,10.1739,19.2846,18,0.0825688,33.4463,3.4473,28.9386,41.6576,43,0.197248,88.9994,10.7444,51.1124,98.9949,136,0.623853,117.346,11.1446,100.063,142.502,3,0.0137615,18146,7294.11,9567,27396,5,0.0229358,20215.6,11052.9,6728,35697,0,0,0,0,0,0,0,0,0,0,0,0,13,0.059633,24915.6,12068,8408,48886,18,0.0825688,20983.9,9035.02,5120,35674,43,0.197248,23617.2,12496.6,2747,46177,136,0.623853,29308.8,12205.3,3621,51919
13,13,1.02389e+06,598940,207,104,6.92198,131.702,93.6031,19.7282,391.315,0.210764,-1.36053,6.98968,0.694672,92.25,94.6522,15.036,13.2091,56.5702,70.2684,85.4691,86.7886,90.8094,92.0146,94.6522,96.431,98.5579,101.825,110.394,117.407,121.924,127.012,13.0877,13.0601,13.1553,93.6031,10.1043,-1.25025,2.74654,0.107949,-0.123734,0.271818,95.6595,97.2219,84.7615,89.372,2.07,104,82,19,2,0,0,0,0,0,89.372,177.885,45.8937,49.7585,91.3462,99.0385,5055,50918,27727.1,12353.3,1.53434e+08,0.445533,0.0535995,1.92756,0.494343,5055.25,26780,19618,5319.16,8614.6,11789.6,15722.2,18454,19327,22991.2,26780,32002.8,35607.8,38072,40752.2,44661,46864.6,50344.7,10643,10634,22671.8,27727.1,7158.22,117.582,165.774,0.258167,0.0164262,0.0231585,30354.5,32431.4,19,0.0917874,-0.0163744,0.191239,-0.309343,0.452171,3,0.0144928,0.66208,0.197719,0.519433,0.941678,0,0,0,0,0,0,1,0.00483092,6.92198,0,6.92198,6.92198,2,0.00966184,12.4325,1.14219,11.2903,13.5746,2,0.00966184,43.1169,0.120651,42.9962,43.2375,129,0.623188,87.9792,11.2904,55.5689,99.8528,51,0.246377,114.691,7.6791,100.611,131.702,19,0.0917874,24921.3,14603.6,5664,47904,3,0.0144928,28761.3,10761.4,14018,39402,0,0,0,0,0,0,1,0.00483092,8609,0,8609,8609,2,0.00966184,12571,2986,9585,15557,2,0.00966184,24044,9232,14812,33276,129,0.623188,28115.1,12662.9,5055,50918,51,0.246377,27859.2,11277.4,9093,46866
14,13,1.0239e+06,598940,178,98,11.2941,116.921,88.0628,15.4515,240.233,0.17546,-1.06835,5.8728,0.726791,79.75,87.378,19.1699,54.1125,55.8836,68.9667,80.0402,81.1031,82.3955,85.9055,87.378,91.5001,98.6757,100.273,101.289,107.202,108.308,112.756,11.5215,11.5016,13.907,88.0628,8.35374,-0.915224,1.30243,0.0948612,-0.109559,0.15591,89.4081,90.5345,75.5976,91.0112,1.78,98,52,22,5,1,0,0,0,0,91.0112,165.306,42.6966,75.2809,77.551,136.735,6779,58948,29291,12866.7,1.6658e+08,0.43927,-0.108502,1.90126,0.431521,22009.2,31643,20872.5,6794.37,8788.15,11181.3,15546.2,19088,20527.2,25282.8,31643,35395.4,38605.4,39960.5,41542.4,44683.5,48903.3,51224.3,11259.7,11219.4,12527.7,29291,7435.13,-287.453,81.8758,0.253836,-0.0386615,0.011012,31992.4,34041.2,12,0.0674157,0.195682,0.247354,-0.156311,0.490057,4,0.0224719,0.944807,0.339309,0.604949,1.41752,0,0,0,0,0,0,0,0,0,0,0,0,1,0.00561798,11.2941,0,11.2941,11.2941,0,0,0,0,0,0,118,0.662921,82.3717,11.3515,53.1072,99.9802,43,0.241573,105.465,4.13378,100.008,116.921,12,0.0674157,22314.8,12454.7,9639,49934,4,0.0224719,19789.2,5552.26,15531,29338,0,0,0,0,0,0,0,0,0,0,0,0,1,0.00561798,6808,0,6808,6808,0,0,0,0,0,0,118,0.662921,28999.7,12803.9,6779,58948,43,0.241573,30613.5,12652.5,6819,51952
15,13,1.02391e+06,598940,167,80,47.799,132.294,99.9552,16.8087,284.267,0.168163,-0.453407,3.11625,0.617272,95.25,98.4019,22.0237,57.2387,68.5267,77.5596,87.1729,89.8035,92.2162,95.4036,98.4019,105.927,109.907,111.827,115.432,121.175,124.745,130.885,13.5937,13.5598,13.8534,99.9552,9.47272,-0.651153,1.15323,0.0947697,-0.0687398,0.121742,101.359,102.637,50.9312,98.2036,1.67,80,59,25,2,1,0,0,0,0,98.2036,205,47.9042,59.8802,100,125,2605,55165,26177.6,13670,1.88015e+08,0.522202,0.064452,1.84504,0.448489,2605.25,26885.5,24525.2,4626.99,6619.7,7636.4,11188,13686.8,16159.5,20807.2,26885.5,31532.2,35237.6,38212,39490.4,44099.6,47540.9,52740.3,11907.3,11899.7,23572.3,26177.6,7920.08,129.208,-7.76078,0.302552,0.0163139,-0.000979888,29531.9,32003.4,2,0.011976,0.0353195,0.0775383,-0.0422188,0.112858,1,0.00598802,0.875641,0,0.875641,0.875641,0,0,0,0,0,0,0,0,0,0,0,0,0,0,0,0,0,0,2,0.011976,48.2492,0.450228,47.799,48.6994,82,0.491018,87.6226,9.79955,62.2538,98.6807,80,0.479042,113.889,7.9926,100.129,132.294,2,0.011976,29436,231,29205,29667,1,0.00598802,12557,0,12557,12557,0,0,0,0,0,0,0,0,0,0,0,0,0,0,0,0,0,0,2,0.011976,7239,2204,5035,9443,82,0.491018,25020,14183.6,2605,51867,80,0.479042,27837.6,12793,5535,55165
16,13,1.02392e+06,598940,308,128,9.26155,138.067,100.402,28.5612,818.519,0.28447,-1.38253,4.67963,0.70758,104.25,105.559,28.6921,12.843,41.4346,60.2537,85.1816,92.5409,95.0714,102.52,105.559,111.995,118.9,121.233,122.644,129.595,132.319,136.518,21.1998,20.3926,20.4642,100.402,14.9826,-4.05872,2.61236,0.149227,-0.270895,0.17436,104.385,107.016,90.2993,95.7792,3.08,128,131,42,6,1,0,0,0,0,95.7792,230.469,58.1169,52.9221,139.844,127.344,4058,55819,28114.4,12398.4,1.54243e+08,0.440999,0.0713537,1.998,0.464759,4058.25,28031,20699.5,5348.48,8970.8,11674.8,16140.4,17688.5,20068.4,23214.6,28031,32082.8,36219.4,38388,40504,44162,47663.2,52868,10650.2,10650,24056.1,28114.4,7162.44,118.295,205.292,0.254761,0.016516,0.0286623,30726.8,32811.1,7,0.0227273,0.179008,0.189284,-0.038522,0.422797,6,0.0194805,0.875573,0.363246,0.561294,1.61853,0,0,0,0,0,0,1,0.00324675,9.26155,0,9.26155,9.26155,12,0.038961,14.6353,1.77846,12.2406,17.0802,6,0.0194805,41.7998,4.987,32.8248,48.0691,91,0.295455,82.2296,15.0874,52.975,99.8409,185,0.600649,117.297,10.3201,100.11,138.067,7,0.0227273,29078,14189.7,7716,49222,6,0.0194805,30563.2,15078,9157,46664,0,0,0,0,0,0,1,0.00324675,33527,0,33527,33527,12,0.038961,24316.2,10355.6,12691,39835,6,0.0194805,20770.3,6228.91,10805,27674,91,0.295455,27147.5,12419.9,4447,55819,185,0.600649,29045.3,12524.4,4058,54310
17,13,1.02393e+06,598940,270,152,3.91152,121.26,63.4405,29.5206,875.408,0.465327,-0.44491,2.18786,0.507282,58.25,66.0124,40.5634,4.45485,8.1257,14.0582,31.9681,46.8106,50.5912,58.3256,66.0124,77.1691,82.0716,87.374,89.3131,98.5472,102.178,111.342,24.6386,24.5961,25.2846,63.4405,16.8194,-2.01239,0.882909,0.26512,-0.119647,0.0524936,69.9726,74.274,57.7975,82.2222,2.7,152,83,26,8,1,0,0,0,0,82.2222,146.053,42.5926,49.6296,75.6579,88.1579,4339,60063,31022.2,14295.7,2.05291e+08,0.460821,-0.0504699,1.82706,0.478845,4339.25,31926,24339.2,7008.13,8902.85,11229.1,15445.6,18599,20983.4,26671.2,31926,37455.6,40915.3,42938.2,44706.4,49114.5,52768.7,55735.1,12388.7,12365.9,26682.9,31022.2,8279.75,-133.879,23.1737,0.266898,-0.0161694,0.00279884,34157.6,36525,48,0.177778,0.072376,0.21941,-0.364842,0.498631,0,0,0,0,0,0,5,0.0185185,4.35506,0.368566,3.91152,4.76617,10,0.037037,7.67941,0.96511,6.32621,9.5318,16,0.0592593,16.0046,3.17528,12.1441,19.9974,33,0.122222,36.8208,7.97176,27.7824,49.9768,142,0.525926,76.1174,14.5741,50.101,99.8801,16,0.0592593,106.587,5.55769,100.534,121.26,48,0.177778,33791.6,12703.6,8080,55473,0,0,0,0,0,0,5,0.0185185,14246.8,7326.71,7848,26604,10,0.037037,16261.5,7538.72,7751,31674,16,0.0592593,26066,12291.7,6955,44740,33,0.122222,36749.1,14973,8191,60063,142,0.525926,32237.1,14000.2,4339,58117,16,0.0592593,27851.8,9527.5,11311,46056
18,13,1.02394e+06,598940,117,45,5.29267,58.3837,10.6745,10.4806,112.521,0.981829,3.43922,13.8636,0.10137,6.75,7.99502,2.56882,5.30858,5.49043,5.92574,6.51179,6.60474,6.74271,7.38011,7.99502,8.34171,8.78095,9.17356,9.54417,10.6049,39.9532,51.6329,5.36017,4.04744,4.28723,10.6745,3.51169,2.3815,2.03071,0.328978,0.678166,0.578273,14.9595,20.5617,4.76584,35.8974,1.17,45,50,17,5,0,0,0,0,0,35.8974,93.3333,3.4188,23.9316,8.88889,62.2222,5592,33087,18792.6,7423.05,5.64457e+07,0.394999,0.0674814,1.91599,0.480108,5592.25,18561.5,13153.2,6246.77,7958.7,9417.1,10670.8,11424.2,13623.2,17340.4,18561.5,21506.4,23835.7,24577.5,25513,29034.9,30290.8,32297.3,6280.69,6271.1,13200.3,18792.6,4371.01,86.9037,93.7603,0.232592,0.0198818,0.0214505,20205.5,21378.6,70,0.598291,0.0207626,0.193822,-0.385885,0.475353,5,0.042735,0.631439,0.0667636,0.575257,0.758068,0,0,0,0,0,0,35,0.299145,7.4844,1.25764,5.29267,9.85787,4,0.034188,11.1837,1.4248,10.0109,13.6203,2,0.017094,41.6288,0.289658,41.3392,41.9185,1,0.00854701,58.3837,0,58.3837,58.3837,0,0,0,0,0,0,70,0.598291,35214.7,12119.8,8616,57109,5,0.042735,40870,4621.18,34985,47424,0,0,0,0,0,0,35,0.299145,18783.3,7567.45,5592,33087,4,0.034188,16835.8,7421.47,9342,29165,2,0.017094,18561.5,29.5,18532,18591,1,0.00854701,27407,0,27407,27407,0,0,0,0,0,0
19,13,1.02395e+06,598940,121,77,5.29386,83.1709,59.2069,23.7136,576.392,0.400521,-0.97355,2.90346,0.692284,80.75,65.9447,38.1234,5.46582,6.00516,32.2489,41.1672,42.4186,42.5444,60.8324,65.9447,72.6879,78.4526,80.542,80.7133,81.1019,82.773,83.0458,19.5739,18.8648,21.9051,59.2069,13.0628,-3.73938,0.559625,0.22063,-0.286262,0.0428411,63.7792,66.5276,53.3889,33.8843,1.21,77,32,11,0,1,0,0,0,0,33.8843,53.2468,20.6612,5.78512,32.4675,9.09091,3822,43369,13722.7,8532.71,7.46274e+07,0.621796,1.79323,6.34733,0.250352,3822.25,11399,7576,4334.4,5760,6708,7487,7691,8131,10102,11399,12930,14147,15267,20581,22768,26094,42189,6192.64,5787.59,9900.45,13722.7,4357.19,1515.96,923.16,0.317517,0.347921,0.211871,16159.2,18847.8,75,0.619835,0.0620221,0.203066,-0.318542,0.47597,5,0.0413223,0.564851,0.050567,0.500252,0.630372,0,0,0,0,0,0,4,0.0330579,5.91666,0.490343,5.29386,6.64386,0,0,0,0,0,0,9,0.0743802,38.7834,4.14895,32.2489,42.5444,28,0.231405,73.3844,8.77945,56.8098,83.1709,0,0,0,0,0,0,75,0.619835,44531.2,11300.8,5844,61171,5,0.0413223,47173.2,8337.72,30763,52571,0,0,0,0,0,0,4,0.0330579,14214.2,5467.59,7691,22768,0,0,0,0,0,0,9,0.0743802,20418.2,13342,5760,43369,28,0.231405,11500.3,5073.45,3822,25067,0,0,0,0,0,0
0,14,1.02376e+06,598930,179,96,30.3173,150.073,121.335,29.9838,904.08,0.247115,-1.86783,5.51428,0.760031,142.25,133.243,21.0741,32.9592,40.9773,75.6787,112.359,119.312,121.804,125.094,133.243,136.148,138.606,140.386,141.74,143.96,146.656,150.006,20.602,19.0766,21.9653,121.335,14.2453,-5.94531,3.38772,0.117404,-0.417352,0.237813,124.985,127.306,89.8864,100,1.79,96,68,14,1,0,0,0,0,0,100,186.458,71.5084,17.8771,133.333,33.3333,3563,53502,29421.8,13226.4,1.75921e+08,0.449544,-0.179503,1.97878,0.517808,3563.25,29773,20226,4977.9,7421.5,10198.8,16456.6,19624.5,21498,26320,29773,35045.2,38283.2,39850.5,41852.6,46060.6,48777.5,52321.4,11261.3,11256.8,25858.6,29421.8,7645.52,-381.57,235.276,0.259859,-0.0499077,0.030773,32258,34339.9,0,0,0,0,0,0,0,0,0,0,0,0,0,0,0,0,0,0,0,0,0,0,0,0,0,0,0,0,0,0,17,0.0949721,39.915,4.69304,30.3173,48.3409,6,0.0335196,79.8114,4.26132,71.6172,82.8735,156,0.871508,131.805,11.4071,105.04,150.073,0,0,0,0,0,0,0,0,0,0,0,0,0,0,0,0,0,0,0,0,0,0,0,0,0,0,0,0,0,0,17,0.0949721,20954.4,10523.3,7601,45254,6,0.0335196,13162.7,7563.27,5264,26100,156,0.871508,30969.9,12887.4,3563,53502
1,14,1.02377e+06,598930,175,105,72.007,155.095,136.223,16.5823,276.562,0.121729,-2.03016,7.41666,0.772867,142.75,142.444,15.4995,72.9313,104.066,120.498,126.783,131.141,133.812,137.67,142.444,143.98,146.092,146.641,147.641,150.137,151.641,153.266,11.8811,10.9281,10.9327,136.223,8.08653,-2.9671,1.76722,0.0593624,-0.366919,0.218539,137.229,138.051,63.6348,99.4286,1.75,105,53,14,3,0,0,0,0,0,99.4286,165.714,61.1429,48,101.905,80,2806,53232,30752.2,13044.7,1.71148e+08,0.424188,-0.346388,1.94828,0.554203,35969.2,33549.5,21100.8,5779.69,8133,11130.6,16503.4,21022,22936.6,28062.2,33549.5,36572,39756.9,42122.8,43139,46765.7,47862.9,51004,11284.4,11126.2,11227.2,30752.2,7498.89,-756.914,124.147,0.243849,-0.100937,0.0165554,33404.6,35306.8,1,0.00571429,-0.147832,0,-0.147832,-0.147832,0,0,0,0,0,0,0,0,0,0,0,0,0,0,0,0,0,0,0,0,0,0,0,0,0,0,0,0,0,0,8,0.0457143,79.0455,5.2721,72.007,85.1438,166,0.948571,138.979,11.0334,102.509,155.095,1,0.00571429,6574,0,6574,6574,0,0,0,0,0,0,0,0,0,0,0,0,0,0,0,0,0,0,0,0,0,0,0,0,0,0,0,0,0,0,8,0.0457143,22470.5,13080.4,5741,44854,166,0.948571,31151.4,12909.5,2806,53232
2,14,1.02378e+06,598930,147,106,68.6481,142.455,131.667,10.9709,121.196,0.0833228,-3.21025,16.0104,0.853838,136.25,134.796,7.57436,79.3437,113.212,122.288,129.227,130.102,130.756,133.572,134.796,136.057,137.152,137.676,138.255,139.789,140.267,142.195,6.76726,6.1667,6.3601,131.667,4.76562,-1.99759,1.48762,0.0361945,-0.419167,0.312156,132.123,132.494,62.2034,98.6395,1.47,106,34,7,0,0,0,0,0,0,98.6395,136.792,65.9864,37.415,91.5094,51.8868,7186,55194,33423.4,12798.1,1.64929e+08,0.382909,-0.466427,2.10239,0.546521,7186.25,36116,20053,7497.28,10202.2,13374.2,20745.2,23162,26853.4,32457.4,36116,40582.4,42496.6,43215,44088.8,48596.8,50367,53445,10866,10626.4,26237.1,33423.4,7308.2,-974.664,295.626,0.218655,-0.133366,0.0404514,35789.9,37511.7,2,0.0136054,0.141586,0.135499,0.00608772,0.277085,0,0,0,0,0,0,0,0,0,0,0,0,0,0,0,0,0,0,0,0,0,0,0,0,0,0,0,0,0,0,4,0.0272109,81.3323,10.681,68.6481,96.7444,141,0.959184,133.095,6.82819,110.36,142.455,2,0.0136054,14436,3417,11019,17853,0,0,0,0,0,0,0,0,0,0,0,0,0,0,0,0,0,0,0,0,0,0,0,0,0,0,0,0,0,0,4,0.0272109,16523,10842.9,7186,34598,141,0.959184,33902.8,12520.8,7217,55194
3,14,1.02379e+06,598930,148,99,6.84009,137.207,118.345,15.1312,230.51,0.127856,-3.4264,23.0923,0.855319,117.75,120.183,11.9277,68.0503,98.5575,103.652,108.177,114.878,117.69,119.062,120.183,122.968,125.959,126.806,128.753,132.208,134.176,136.804,9.53145,9.25673,9.72186,118.345,6.99667,-1.85554,1.69475,0.0591209,-0.265203,0.242222,119.309,119.975,109.905,100,1.48,99,45,3,1,0,0,0,0,0,100,149.495,64.1892,68.2432,95.9596,102.02,4412,53170,30669.8,12711,1.62668e+08,0.414446,-0.230965,1.97221,0.538533,4412.25,32304.5,21203.5,5809.28,10012.5,12583.4,17568.4,20225.5,22752,28837.4,32304.5,35973.8,39589,41429,42477.4,47070.8,49123,52072.5,10826.9,10739.4,26257.6,30669.8,7346.02,-479.522,215.136,0.23952,-0.0652764,0.0292861,33199.5,35099.2,0,0,0,0,0,0,0,0,0,0,0,0,0,0,0,0,0,0,1,0.00675676,6.84009,0,6.84009,6.84009,0,0,0,0,0,0,0,0,0,0,0,0,7,0.0472973,85.3536,13.7147,52.9411,96.6332,140,0.945946,120.791,9.13321,102.131,137.207,0,0,0,0,0,0,0,0,0,0,0,0,0,0,0,0,0,0,1,0.00675676,10442,0,10442,10442,0,0,0,0,0,0,0,0,0,0,0,0,7,0.0472973,22952.6,13064.9,5046,44639,140,0.945946,31200.2,12493.4,4412,53170
4,14,1.0238e+06,598930,113,53,26.4888,139.136,98.2994,22.0911,492.375,0.224733,-1.51881,5.4891,0.637482,100.25,104.116,15.065,30.476,39.5236,75.9866,85.5788,95.5564,99.3892,100.221,104.116,104.604,109.72,110.621,111.341,119.964,120.433,138.184,15.1912,14.2546,14.4535,98.2994,11.0918,-3.04939,3.13102,0.112837,-0.274923,0.282283,100.751,102.516,70.9636,100,1.13,53,41,17,2,0,0,0,0,0,100,213.208,71.6814,59.292,152.83,126.415,3636,57025,27019.1,14208.1,2.03671e+08,0.525853,0.213066,1.85476,0.437975,3636.25,25918,25083,4899.32,6999,9397.4,11821.8,14953,17846.8,21013.4,25918,29501.2,37529.6,40036,41522.6,46430.2,50605.4,52787.9,12243.5,12200.8,23382.8,27019.1,8235.69,507.496,21.2581,0.30481,0.0616215,0.00258122,30527,33231.5,0,0,0,0,0,0,0,0,0,0,0,0,0,0,0,0,0,0,0,0,0,0,0,0,0,0,0,0,0,0,9,0.079646,37.1569,6.4111,26.4888,47.0041,32,0.283186,89.0484,9.34827,75.1121,99.9766,72,0.637168,110.054,8.85655,100.062,139.136,0,0,0,0,0,0,0,0,0,0,0,0,0,0,0,0,0,0,0,0,0,0,0,0,0,0,0,0,0,0,9,0.079646,19682.6,13115.6,8502,51723,32,0.283186,19484.6,13058.4,3636,50026,72,0.637168,31284.8,13014.5,8341,57025
5,14,1.02381e+06,598930,190,81,46.0641,149.493,103.386,20.2522,412.322,0.19589,-0.27644,2.96269,0.554213,108.25,107.23,27.6511,51.4617,70.705,71.8039,88.1162,90.9019,91.8884,103.336,107.23,108.76,112.549,118.553,121.077,124.414,139.542,145.28,16.0026,15.6321,15.6666,103.386,11.355,-0.771165,1.57328,0.109832,-0.0679139,0.138553,105.351,107.143,56.3971,100,1.9,81,77,29,2,1,0,0,0,0,100,234.568,59.4737,45.2632,139.506,106.173,2148,58102,26393.7,13766.9,1.90531e+08,0.521599,0.148271,2.08366,0.433316,2148.25,26481.5,23216.2,4446.3,6108.9,7812.6,11332.8,14044,18147,21132,26481.5,31233.6,34937.5,37260.2,38891.2,44551.3,48813,57413.6,11718.9,11718.9,24245.5,26393.7,7946.07,242.088,244.299,0.301059,0.0304664,0.0307446,29768.4,32326.3,0,0,0,0,0,0,0,0,0,0,0,0,0,0,0,0,0,0,0,0,0,0,0,0,0,0,0,0,0,0,1,0.00526316,46.0641,0,46.0641,46.0641,69,0.363158,82.2739,11.3899,50.1108,99.8414,120,0.631579,116.003,11.4873,101.342,149.493,0,0,0,0,0,0,0,0,0,0,0,0,0,0,0,0,0,0,0,0,0,0,0,0,0,0,0,0,0,0,1,0.00526316,13060,0,13060,13060,69,0.363158,23346.7,14413.2,4384,58102,120,0.631579,28256.9,13051.6,2148,55100
6,14,1.02382e+06,598930,174,79,56.284,145.375,115.712,18.4818,343.551,0.159722,-1.24438,4.68308,0.667049,122.75,120.361,18.8645,58.7785,71.1714,92.1359,106.312,107.688,111.575,116.357,120.361,122.523,123.791,126.553,128.654,134.912,139.542,144.815,13.645,13.0556,13.255,115.712,9.77547,-2.1422,2.08997,0.084481,-0.219141,0.213797,117.179,118.405,58.3353,100,1.74,79,66,25,3,1,0,0,0,0,100,220.253,60.9195,35.6322,134.177,78.481,3170,56024,28193.9,13702.3,1.88838e+08,0.486002,-0.0380301,1.81329,0.473453,3170.25,29890.5,22810.8,5045.03,7364.3,9215.5,13683.8,16137.8,18686.5,24169.4,29890.5,33932,37496.2,38948.5,41435,46696,48790.6,52237.7,11999,11973.2,25023.6,28193.9,7939.71,-100.906,6.66025,0.281611,-0.012709,0.000838853,31347.2,33676.8,0,0,0,0,0,0,0,0,0,0,0,0,0,0,0,0,0,0,0,0,0,0,0,0,0,0,0,0,0,0,0,0,0,0,0,0,22,0.126437,77.7141,13.9818,56.284,97.3945,152,0.873563,121.212,11.1129,100.209,145.375,0,0,0,0,0,0,0,0,0,0,0,0,0,0,0,0,0,0,0,0,0,0,0,0,0,0,0,0,0,0,0,0,0,0,0,0,22,0.126437,20934.4,12073.5,3869,43363,152,0.873563,29244.6,13605,3170,56024
7,14,1.02383e+06,598930,190,112,105.653,153.155,134.628,10.5601,112.105,0.0784388,-0.256806,2.24931,0.609976,123.75,135.13,19.3965,113.42,116.154,121.047,123.983,125.507,127.974,132.026,135.13,138.127,140.836,144.903,145.372,147.418,150.202,152.491,8.85761,8.82558,12.5358,134.628,6.06489,-0.332733,0.237441,0.0450492,-0.0548622,0.0391502,135.042,135.446,28.3101,100,1.9,112,67,11,0,0,0,0,0,0,100,169.643,54.2105,81.5789,91.9643,138.393,4021,55047,30800.1,13292.6,1.77627e+08,0.431575,-0.217545,1.97284,0.524813,4021.25,31798,21349.2,5161.97,8665.65,11050.1,18060,20470.2,22392.2,27807.4,31798,37027.6,40225.9,41819.5,43477,47903.8,49700.6,53534.7,11372.6,11354.1,26778.8,30800.1,7678.27,-469.636,205.43,0.249294,-0.0611643,0.0267547,33546.1,35577.8,0,0,0,0,0,0,0,0,0,0,0,0,0,0,0,0,0,0,0,0,0,0,0,0,0,0,0,0,0,0,0,0,0,0,0,0,0,0,0,0,0,0,190,1,134.628,10.5601,105.653,153.155,0,0,0,0,0,0,0,0,0,0,0,0,0,0,0,0,0,0,0,0,0,0,0,0,0,0,0,0,0,0,0,0,0,0,0,0,0,0,0,0,0,0,190,1,30800.1,13292.6,4021,55047
8,14,1.02384e+06,598930,156,74,48.4716,135.582,116.328,13.0086,170.317,0.111827,-1.92928,10.4227,0.778973,119.25,119.28,13.4236,67.7559,96.4865,100.42,108.764,111.737,112.348,114.988,119.28,119.595,124.104,125.16,125.5,130.583,133.341,135.382,9.28669,8.90748,8.90776,116.328,6.63288,-1.20884,1.36731,0.0570186,-0.182249,0.206141,117.053,117.663,66.7629,100,1.56,74,53,25,4,0,0,0,0,0,100,210.811,58.9744,50.641,124.324,106.757,4536,55680,27445,12245.3,1.50914e+08,0.446175,0.209381,2.11933,0.447931,41072.2,26130,20028.5,6131.55,8872.75,12700,15771,17582.8,19088.5,21988,26130,30619,36296,37611.2,39171,42616,47837,53968.3,10492.4,10452.4,15245.5,27445,7065.25,354.466,263.536,0.257433,0.0501704,0.0373003,30052.8,32205.2,0,0,0,0,0,0,0,0,0,0,0,0,0,0,0,0,0,0,0,0,0,0,0,0,0,0,0,0,0,0,2,0.0128205,49.2045,0.732857,48.4716,49.9373,12,0.0769231,95.3138,5.33124,82.3347,99.7872,142,0.910256,119.05,8.67848,100.096,135.582,0,0,0,0,0,0,0,0,0,0,0,0,0,0,0,0,0,0,0,0,0,0,0,0,0,0,0,0,0,0,2,0.0128205,23278,2615,20663,25893,12,0.0769231,15433.6,8704.4,6541,37549,142,0.910256,28518.7,12026.7,4536,55680
9,14,1.02385e+06,598930,167,78,11.5785,164.072,114.023,31.7295,1012.97,0.278273,-1.25278,4.28559,0.671796,81.75,125.228,39.4679,16.8885,39.3534,76.35,87.3687,97.1435,101.206,117.75,125.228,129.527,135.374,136.611,138.847,143.86,146.225,159.656,25.0777,23.4105,40.046,114.023,16.8565,-4.52465,2.42261,0.147834,-0.268421,0.143719,118.355,121.346,100.699,97.6048,1.67,78,59,23,7,0,0,0,0,0,97.6048,208.974,59.2814,83.8323,126.923,179.487,1835,59026,25977.7,13718.2,1.8935e+08,0.528075,0.295119,2.12917,0.422142,8191.25,24947,23633,3844.4,6552.7,8254,12178.4,13479.5,16148,20769.2,24947,29697.2,34126,37112.5,39160.2,45128.2,49267.3,55041.6,11641.6,11592.4,18190,25977.7,7906.23,585.24,290.019,0.304346,0.0740227,0.0366824,29377.4,32062,3,0.0179641,0.148726,0.0850434,0.0328,0.234429,1,0.00598802,0.882201,0,0.882201,0.882201,0,0,0,0,0,0,0,0,0,0,0,0,2,0.011976,11.5808,0.00226068,11.5785,11.5831,8,0.0479042,32.3915,7.89807,20.1403,47.4689,33,0.197605,83.2451,11.2717,50.1015,99.8702,120,0.718563,129.636,14.3172,100.006,164.072,3,0.0179641,21119,8712.65,10523,31863,1,0.00598802,20678,0,20678,20678,0,0,0,0,0,0,0,0,0,0,0,0,2,0.011976,18987.5,7666.5,11321,26654,8,0.0479042,17962.6,14181.8,6018,47987,33,0.197605,24285.3,14482.9,1835,55550,120,0.718563,27094,13282.4,2747,59026
10,14,1.02386e+06,598930,255,123,13.7399,163.588,102.567,38.1507,1461.25,0.37196,-0.698572,2.47667,0.592781,129.25,109.116,45.2866,18.1859,29.4981,42.7644,53.807,84.9186,97.6133,104.065,109.116,123.949,129.103,130.205,131.452,137.741,159.306,162.676,30.6521,29.6153,32.7615,102.567,21.0162,-4.06078,1.95683,0.204902,-0.193222,0.093111,109.432,114.167,87.5534,99.2157,2.55,123,87,38,4,3,0,0,0,0,99.2157,205.691,60.7843,28.6275,126.016,59.3496,4246,53692,26285.8,12710,1.62185e+08,0.483532,0.0512168,1.91723,0.445734,4246.25,27358,21651,5353.84,6986.2,8790.6,12856.4,15111,16848.4,22279.4,27358,30812,34776.4,36762,37929.2,42950.4,46361.2,51814.6,11000.7,10983.2,22039.5,26285.8,7348.07,70.427,109.095,0.279546,0.00958442,0.0148468,29197.4,31415.9,0,0,0,0,0,0,2,0.00784314,1.81473,0.168041,1.64669,1.98277,0,0,0,0,0,0,0,0,0,0,0,0,3,0.0117647,14.9602,0.906838,13.7399,15.912,35,0.137255,35.9624,9.08476,20.2849,49.554,51,0.2,77.5362,20.0799,50.8028,99.9667,164,0.643137,126.168,16.2282,100.845,163.588,0,0,0,0,0,0,2,0.00784314,11078,5054,6024,16132,0,0,0,0,0,0,0,0,0,0,0,0,3,0.0117647,13108.3,8012.42,7111,24433,35,0.137255,20016.1,12498.7,4246,45079,51,0.2,25935.5,11884.4,5386,44933,164,0.643137,27973.8,12502.9,5158,53692
11,14,1.02387e+06,598930,196,95,2.44978,165.315,105.478,31.4456,993.924,0.298125,-1.24629,3.65422,0.632597,132.25,115.069,34.1854,23.5239,33.6696,46.3244,87.8564,95.9639,99.7879,109.495,115.069,119.457,128.06,130.149,132.13,133.467,134.32,137.196,24.3049,22.6627,27.6857,105.478,16.4482,-5.27506,2.19496,0.155939,-0.320708,0.133447,110.066,113.124,101.153,99.4898,1.96,95,57,37,7,0,0,0,0,0,99.4898,205.263,65.3061,18.8776,134.737,38.9474,3708,54825,24116.9,13654.6,1.87408e+08,0.566183,0.422702,1.96299,0.399258,18279.2,21679,25033.5,5341.58,6642.6,7429.6,10790.4,11719.5,13982.6,17783.2,21679,25014.8,34051.4,36753,38491.2,44826.8,47349.8,51628.9,11706.8,11481.2,11771.4,24116.9,7810.78,965.572,69.2413,0.323872,0.12362,0.00886483,27714.1,30578.6,1,0.00510204,0.120571,0,0.120571,0.120571,0,0,0,0,0,0,1,0.00510204,2.44978,0,2.44978,2.44978,0,0,0,0,0,0,0,0,0,0,0,0,20,0.102041,36.7148,6.83895,21.1328,47.9138,39,0.19898,82.8921,16.3232,50.6617,99.9627,135,0.688776,122.953,10.6078,100.855,165.315,1,0.00510204,37910,0,37910,37910,0,0,0,0,0,0,1,0.00510204,20657,0,20657,20657,0,0,0,0,0,0,0,0,0,0,0,0,20,0.102041,13847.1,7518.87,5845,40851,39,0.19898,17830.7,10247.2,3708,39886,135,0.688776,27479.9,13862.3,5937,54825
12,14,1.02388e+06,598930,241,118,11.5513,145.581,117.727,26.7423,718.181,0.227155,-2.54144,9.60249,0.792179,127.75,125.069,18.8758,13.9135,32.0216,98.6744,109.772,113.035,116.586,120.363,125.069,127.513,130.276,131.911,134.308,139.04,142.48,144.579,16.5573,15.5214,15.8402,117.727,11.9655,-4.52793,3.71516,0.101638,-0.378416,0.31049,120.726,122.441,103.893,98.3402,2.41,118,94,27,2,0,0,0,0,0,98.3402,200.847,65.1452,36.0996,133.051,73.7288,3190,51969,26600.7,11810.1,1.4007e+08,0.443979,0.0438756,2.04501,0.479933,11707.2,26387,18523,5675.96,8282.6,10517.8,14864.8,17602,19122.8,22573.2,26387,30744.6,34128.8,36125,37429.4,41892.6,46141.4,50361.6,10072.9,10071.7,15729.5,26600.7,6826.54,58.4485,271.651,0.256631,0.00856194,0.0397933,29104.5,31081.1,3,0.0124481,-0.113904,0.145607,-0.319284,0.00168151,1,0.00414938,1.88438,0,1.88438,1.88438,0,0,0,0,0,0,0,0,0,0,0,0,6,0.0248963,14.0243,1.65925,11.5513,17.1522,9,0.0373444,34.4427,7.3396,29.3509,48.2291,11,0.0456432,96.7405,3.97775,84.4479,98.9132,211,0.875519,125.322,10.8516,100.578,145.581,3,0.0124481,27157.3,14933.7,8312,44836,1,0.00414938,27235,0,27235,27235,0,0,0,0,0,0,0,0,0,0,0,0,6,0.0248963,22983,9936.75,6544,38866,9,0.0373444,14058.8,9692.84,5636,37515,11,0.0456432,21841.4,7367.32,12554,35529,211,0.875519,27486.6,11746.2,3190,51969
13,14,1.02389e+06,598930,257,132,36.5965,142.871,106.028,21.5449,466.005,0.2032,-0.62491,3.09756,0.653326,100.75,107.805,34.2959,43.4993,68.7202,77.4608,86.8841,89.0338,97.8682,101.139,107.805,113.77,121.382,123.33,124.984,132.009,135.754,139.767,17.639,17.544,18.2772,106.028,12.1294,-1.38588,0.986358,0.114398,-0.114258,0.0813197,108.195,110.065,67.9358,99.6109,2.57,132,94,27,4,0,0,0,0,0,99.6109,193.939,53.6965,63.035,104.545,122.727,4771,55170,26440.2,12629.3,1.60125e+08,0.477656,0.0953737,1.83145,0.429952,4771.25,26719,22055.2,5857.55,8345,9795,12836,14859.8,17765,21435,26719,30630,34887,36915,39491,43953.5,46386.2,50604.5,10999.4,10998.8,21668.9,26440.2,7305.79,189.671,-17.322,0.276314,0.0259617,-0.002371,29301.6,31524,0,0,0,0,0,0,1,0.00389105,1.53404,0,1.53404,1.53404,0,0,0,0,0,0,0,0,0,0,0,0,0,0,0,0,0,0,5,0.0194553,42.1953,3.74046,36.5965,47.6272,84,0.326848,84.4482,10.4659,53.7067,99.9598,167,0.649805,118.794,11.698,100.001,142.871,0,0,0,0,0,0,1,0.00389105,12649,0,12649,12649,0,0,0,0,0,0,0,0,0,0,0,0,0,0,0,0,0,0,5,0.0194553,12553.4,5860.16,6549,22866,84,0.326848,28619.4,13208.6,4771,55170,167,0.649805,25759.8,12128.2,5072,48466
14,14,1.0239e+06,598930,217,112,11.4904,106.82,70.9587,20.1527,408.093,0.284006,-0.743905,3.35852,0.623814,75.75,75.7904,24.448,17.3213,30.3422,45.212,51.4367,58.8644,63.4143,75.065,75.7904,76.9899,81.8079,83.3124,83.9067,91.3719,103.545,104.989,15.8367,14.6101,14.6104,70.9587,10.9841,-1.82352,1.93001,0.154796,-0.166015,0.175709,73.7649,75.9236,58.3901,95.8525,2.17,112,69,32,3,1,0,0,0,0,95.8525,185.714,63.5945,49.7696,123.214,96.4286,4564,56531,28589.5,12861.4,1.66214e+08,0.449863,-0.103838,1.88407,0.462323,4564.25,29967.5,23180.2,4760.59,7933.45,11295.5,15186,17170,19688.2,25714,29967.5,32918.2,37736.2,40350.2,41347,45037.1,47073.4,51186.5,11078.8,11012,24025.3,28589.5,7437.95,-244.309,81.7794,0.260163,-0.0328463,0.0109949,31349.3,33422.3,9,0.0414747,0.0221866,0.222642,-0.264582,0.476722,0,0,0,0,0,0,0,0,0,0,0,0,0,0,0,0,0,0,7,0.0322581,16.6919,2.73274,11.4904,19.3972,34,0.156682,43.1066,6.77482,27.2262,49.3332,151,0.695853,76.2323,9.65053,50.3721,98.9684,16,0.0737327,104.116,1.12404,102.394,106.82,9,0.0414747,21146,12156.8,7719,44020,0,0,0,0,0,0,0,0,0,0,0,0,0,0,0,0,0,0,7,0.0322581,25465.3,12929.7,11984,42546,34,0.156682,22966.9,10515.4,7501,45167,151,0.695853,29714.3,13233.9,4564,56531,16,0.0737327,31289.3,9937.46,14329,48496
15,14,1.02391e+06,598930,312,127,6.12646,132.205,78.0141,32.4699,1057.98,0.416205,-0.641011,2.35456,0.570183,111.75,85.419,37.9694,9.14619,14.9386,22.7331,41.0277,62.7942,65.7804,80.2285,85.419,93.2826,97.3435,100.764,105.568,114.281,118.822,129.379,26.5887,25.6156,35.7562,78.0141,18.1606,-3.09729,1.4486,0.232786,-0.17055,0.0797659,84.5014,88.7741,70.3617,91.9872,3.12,127,130,46,9,0,0,0,0,0,91.9872,225.984,58.3333,12.1795,143.307,29.9213,1998,57928,27629.3,13425.5,1.80875e+08,0.485916,0.0383238,1.93213,0.458275,1998.25,27501,22485,3755.46,7370.7,9988.2,13244.6,15984,18342.6,23008.2,27501,32655.2,36767.8,38469,40398.2,44882.6,48518.8,52950.7,11570,11569.5,25631.1,27629.3,7761.15,53.4771,125.999,0.280902,0.00689037,0.0162346,30718.5,33057.3,18,0.0576923,0.0729732,0.279541,-0.568104,0.425187,7,0.0224359,0.929257,0.182024,0.66311,1.17683,0,0,0,0,0,0,4,0.0128205,7.62711,1.19508,6.12646,9.32266,14,0.0448718,13.8592,2.39313,10.7625,18.5548,49,0.157051,32.4107,8.58868,20.4234,49.7765,146,0.467949,83.6778,11.5376,53.8874,99.7265,74,0.237179,112.979,8.18193,100.333,132.205,18,0.0576923,28938.7,11168.1,7873,50542,7,0.0224359,21804.1,9439.91,8485,37553,0,0,0,0,0,0,4,0.0128205,21945.2,9727.13,9975,37072,14,0.0448718,29279.7,11385,10266,44609,49,0.157051,25748.7,12798,6050,50284,146,0.467949,27448,14079.9,1998,57928,74,0.237179,29227.3,12752.1,2886,52657
16,14,1.02392e+06,598930,361,200,8.14586,136.51,81.3472,29.6438,881.24,0.364411,-0.348438,2.11072,0.570264,80.25,85.3892,44.6487,14.2762,32.4082,36.2184,51.8693,59.054,63.1973,76.8207,85.3892,96.6189,101.541,103.703,107.731,116.605,124.088,129.62,25.3225,25.2548,25.3988,81.3472,16.9553,-1.60698,0.627397,0.208431,-0.0947775,0.037003,86.5802,90.6001,71.7452,98.338,3.61,200,129,29,3,0,0,0,0,0,98.338,177.5,51.8006,54.2936,93.5,98,5593,63196,32835.4,13869.8,1.92914e+08,0.422403,-0.152208,2.03238,0.472934,29201.2,33387,23019,6664.28,9437.5,12966.4,18980.2,21360,25943.4,29201,33387,38491,42318.6,44379,45788.6,50815.4,53251.9,57660.2,11790.7,11788,12108.2,32835.4,7992.26,-349.037,301.573,0.243403,-0.0436719,0.0377331,35644.6,37784.9,2,0.00554017,0.227101,0.234459,-0.00735799,0.46156,4,0.0110803,0.842369,0.238182,0.511993,1.11652,0,0,0,0,0,0,1,0.00277008,8.14586,0,8.14586,8.14586,5,0.0138504,14.0353,0.365353,13.4459,14.3957,64,0.177285,38.0266,6.09744,23.6306,49.6652,166,0.459834,78.3167,14.5719,51.5348,99.9212,119,0.32964,112.316,9.41737,100.368,136.51,2,0.00554017,30430,7839,22591,38269,4,0.0110803,24608.5,9490.27,11469,35587,0,0,0,0,0,0,1,0.00277008,30166,0,30166,30166,5,0.0138504,28789.8,7861.31,15369,37636,64,0.177285,37599.6,14818.3,9028,63196,166,0.459834,31881.1,12941.4,6485,57799,119,0.32964,31796.8,14291.9,5593,57542
17,14,1.02393e+06,598930,88,63,12.149,120.298,59.193,29.1155,858.58,0.491874,0.232088,1.88676,0.434991,77.25,54.6933,47.1483,16.3243,19.9785,21.7751,30.1069,32.359,33.4672,46.2925,54.6933,72.0821,77.654,79.5073,81.7942,96.7952,108.773,120.046,25.9965,25.9395,28.0011,59.193,16.8143,1.09832,-0.075301,0.284059,0.0653204,-0.00447839,65.9661,71.3785,45.1348,89.7727,0.88,63,20,3,1,1,0,0,0,0,89.7727,125.397,44.3182,30.6818,61.9048,42.8571,5729,58466,30488.8,14860.5,2.23667e+08,0.487409,0.0864562,1.87094,0.469497,5729.25,29952,22931.5,6358.46,8893.6,10012.4,13550.2,18861,21143.4,24419.4,29952,37106.2,40135.2,41792.5,43112.8,52260.2,53474,57816.3,12786.9,12780,24759.6,30488.8,8662.2,208.575,102.36,0.28411,0.0240788,0.0118168,33917.6,36549.3,8,0.0909091,0.0138957,0.103229,-0.179748,0.15798,1,0.0113636,0.695584,0,0.695584,0.695584,0,0,0,0,0,0,0,0,0,0,0,0,4,0.0454545,16.802,2.77641,12.149,19.4417,32,0.363636,33.1543,8.31553,20.0381,48.3622,35,0.397727,76.1922,11.5078,52.4564,95.1876,8,0.0909091,110.172,6.1365,103.226,120.298,8,0.0909091,26511.1,11616.3,9587,44217,1,0.0113636,10663,0,10663,10663,0,0,0,0,0,0,0,0,0,0,0,0,4,0.0454545,36903.2,12365.9,21485,53906,32,0.363636,33308.8,16165.8,8910,58466,35,0.397727,29162,13053.5,5729,55668,8,0.0909091,21806.6,13342.6,6536,43918
18,14,1.02394e+06,598930,90,52,4.99477,58.3526,23.2047,12.8541,169.163,0.553946,0.425044,2.44975,0.341279,37.75,20.9664,27.7894,5.2766,6.44292,7.06731,9.08146,9.81282,18.5804,19.7433,20.9664,22.6522,36.7261,37.6022,37.7733,38.4753,38.6013,50.1635,10.5502,10.2557,15.7127,23.2047,7.27033,0.522424,0.0906917,0.313313,0.071857,0.0124742,26.5271,29.201,18.0257,47.7778,0.9,52,31,6,1,0,0,0,0,0,47.7778,82.6923,16.6667,10,28.8462,17.3077,7969,52866,25619.3,12360.8,1.56428e+08,0.482481,0.55804,2.47773,0.39313,7969.25,23948,16314,8094.16,8924.3,10115.4,13761.2,16457.5,18354.2,20848.8,23948,27076.8,29274.6,32771.5,36096.4,43778.6,48359.6,52737.9,9961.3,9893.72,17650.1,25619.3,7124.42,978.847,653.234,0.278087,0.137393,0.0916894,28445.4,30937.9,41,0.455556,-0.0030477,0.194402,-0.258801,0.392174,6,0.0666667,0.643404,0.078427,0.540189,0.771033,1,0.0111111,4.99477,0,4.99477,4.99477,11,0.122222,7.97945,1.35528,5.66579,9.92813,6,0.0666667,18.9976,0.485119,18.2649,19.8923,24,0.266667,30.5289,8.09501,20.1713,38.8549,1,0.0111111,58.3526,0,58.3526,58.3526,0,0,0,0,0,0,41,0.455556,40166.7,14248.7,13654,61565,6,0.0666667,40309.8,11198.8,19659,52085,1,0.0111111,12948,0,12948,12948,11,0.122222,20278.8,5506.99,7969,27808,6,0.0666667,26004,8585.82,12930,41845,24,0.266667,28942.2,14348,8267,52866,1,0.0111111,14981,0,14981,14981,0,0,0,0,0,0
19,14,1.02395e+06,598930,109,69,3.201,77.5391,44.9123,25.8129,695.278,0.57474,-0.279904,1.48631,0.561104,17.25,49.5199,50.9432,3.55058,5.04953,9.68241,17.1258,17.2196,17.3439,38.231,49.5199,65.8148,67.9467,68.1629,68.3181,73.175,76.3185,77.3058,23.7281,23.7281,30.8515,44.9123,15.0224,-1.76122,-1.5168,0.334484,-0.117239,-0.100969,51.8018,55.9936,40.7868,22.0183,1.09,69,30,6,4,0,0,0,0,0,22.0183,34.7826,11.0092,15.5963,17.3913,24.6377,5107,46945,18335.7,10221.7,1.09025e+08,0.557474,0.991903,3.67848,0.316189,5107.25,17699.5,12663.2,5299.05,6009.35,7037.5,9508.4,10039,10733.8,13971.6,17699.5,19671.8,20366.8,22702.2,25885.2,30826.5,36788.9,44787.6,7937.04,7937.04,13228.5,18335.7,5797.13,1213.91,861.994,0.316166,0.209398,0.148693,20992.4,23495.9,72,0.66055,-0.00388402,0.175164,-0.321764,0.45884,13,0.119266,0.920857,0.121034,0.709762,1.11306,2,0.0183486,3.96096,0.759956,3.201,4.72091,1,0.00917431,6.91172,0,6.91172,6.91172,5,0.0458716,17.0001,0.434971,16.1473,17.3544,4,0.0366972,38.5943,0.949721,37.6139,40.1589,12,0.110092,68.6404,5.59922,58.8808,77.5391,0,0,0,0,0,0,72,0.66055,43617.2,15063.8,9253,65526,13,0.119266,44623.5,8653.95,28289,57264,2,0.0183486,15125.5,4325.5,10800,19451,1,0.00917431,5942,0,5942,5942,5,0.0458716,22552.4,13628.6,9742,46945,4,0.0366972,26419.5,10953.5,8546,37565,12,0.110092,15452,6036.45,5107,26136,0,0,0,0,0,0
0,15,1.02376e+06,598920,166,80,6.71718,148.708,121.898,24.4004,599.076,0.200171,-2.97949,13.0828,0.811184,115.25,125.999,17.9719,10.7717,82.2906,112.62,115.512,118.071,119.033,121.564,125.999,128.373,134.749,136.043,138.144,141.307,142.628,147.348,14.1061,13.7049,16.949,121.898,10.5435,-3.62029,3.42107,0.0864942,-0.343369,0.324473,124.316,125.692,114.102,97.5904,1.66,80,58,23,4,1,0,0,0,0,97.5904,202.5,55.4217,79.5181,115,165,3647,55277,27094.1,13242.1,1.76443e+08,0.488746,0.0552703,1.9471,0.454137,17101.2,27882,21596.5,4790.32,7733.95,8915.5,12670,16153,17704.8,22943,27882,32010.8,34996.2,37749.5,39066,44412.3,48133.2,53593.5,11371.8,11354.7,13679.4,27094.1,7666.83,80.1548,148.134,0.282971,0.0104548,0.0193215,30157,32481.9,4,0.0240964,0.0354183,0.0673986,-0.0390342,0.111253,0,0,0,0,0,0,0,0,0,0,0,0,2,0.0120482,8.26477,1.5476,6.71718,9.81237,1,0.0060241,11.385,0,11.385,11.385,4,0.0240964,32.8699,3.74885,29.9051,39.3041,6,0.0361446,91.0445,7.01706,80.78,97.7044,149,0.89759,127.797,10.1848,100.32,148.708,4,0.0240964,19179.5,9700.91,8316,31112,0,0,0,0,0,0,0,0,0,0,0,0,2,0.0120482,11378.5,1615.5,9763,12994,1,0.0060241,10376,0,10376,10376,4,0.0240964,11860,5422.58,7231,21099,6,0.0361446,19749.5,12786.4,3647,34957,149,0.89759,28122,12984.4,4600,55277
1,15,1.02377e+06,598920,185,123,20.5572,149.272,129.512,16.3052,267.311,0.125897,-3.26378,21.8202,0.846482,144.25,133.86,17.3323,88.7096,108.875,114.126,119.558,122.282,123.797,126.943,133.86,136.164,138.362,139.614,142.548,144.334,146.316,149.063,11.3498,10.9382,15.1791,129.512,7.73495,-1.77838,1.18192,0.0597237,-0.229914,0.152802,130.535,131.26,107.589,99.4595,1.85,123,47,14,1,0,0,0,0,0,99.4595,149.593,56.7568,11.3514,85.3659,17.0732,3723,54802,30056.3,13341,1.78954e+08,0.443867,-0.236957,1.8602,0.51554,3723.25,32608,23018,4801.96,8885.3,10275.8,15936.8,18458.5,20543.8,26855.6,32608,36337.6,40201.2,41476.5,42392.6,46589.8,49197.1,52027.1,11609.2,11527,26333,30056.3,7698.78,-549.209,42.3672,0.256146,-0.0713371,0.00550311,32884.1,34935.4,1,0.00540541,0.00419426,0,0.00419426,0.00419426,0,0,0,0,0,0,0,0,0,0,0,0,0,0,0,0,0,0,0,0,0,0,0,0,2,0.0108108,21.1024,0.545202,20.5572,21.6476,0,0,0,0,0,0,182,0.983784,130.704,11.7561,102.445,149.272,1,0.00540541,20500,0,20500,20500,0,0,0,0,0,0,0,0,0,0,0,0,0,0,0,0,0,0,0,0,0,0,0,0,2,0.0108108,15357.5,5648.5,9709,21006,0,0,0,0,0,0,182,0.983784,30217.8,13311.1,3723,54802
2,15,1.02378e+06,598920,135,89,95.4615,136.277,119.758,9.59161,92.6856,0.0800916,-0.48888,2.39265,0.595281,123.75,123.003,11.811,98.7064,103.202,104.16,111.306,114.534,115.162,117.274,123.003,124.21,125.609,126.345,127.61,130.748,133.515,135.397,8.07422,7.8611,7.88171,119.758,5.44795,-0.688104,0.440125,0.0454913,-0.126305,0.0807873,120.142,120.512,23.8694,100,1.35,89,39,6,1,0,0,0,0,0,100,151.685,57.037,45.9259,86.5169,69.6629,4593,56747,31705,12361.6,1.53949e+08,0.389894,-0.300433,2.23492,0.519845,4593.25,32785,18518,5880.42,9488.5,12885.2,19831.8,22763.5,25096.8,29043,32785,36526.8,39901.4,41281.5,43359.6,47838.8,49574.9,53494.1,10316.9,10260.7,27111.8,31705,7112.5,-564.543,463.597,0.224334,-0.0793734,0.0651806,34029.6,35788.1,0,0,0,0,0,0,0,0,0,0,0,0,0,0,0,0,0,0,0,0,0,0,0,0,0,0,0,0,0,0,0,0,0,0,0,0,4,0.0296296,98.1391,1.59029,95.4615,99.6347,131,0.97037,120.418,8.94562,101.4,136.277,0,0,0,0,0,0,0,0,0,0,0,0,0,0,0,0,0,0,0,0,0,0,0,0,0,0,0,0,0,0,0,0,0,0,0,0,4,0.0296296,31318.5,10508.7,13916,41284,131,0.97037,31716.8,12413.6,4593,56747
3,15,1.02379e+06,598920,111,69,33.0307,145.057,116.127,17.8256,320.639,0.153501,-1.74769,8.56224,0.741758,121.75,120.174,16.4606,43.5105,87.3724,95.8971,105.281,108.349,116.326,118.154,120.174,121.363,122.916,124.809,125.479,134.272,141.023,144.936,12.3473,11.5207,11.7399,116.127,8.99017,-1.9271,2.48038,0.0774167,-0.214357,0.2759,117.487,118.567,81.8165,100,1.11,69,36,4,2,0,0,0,0,0,100,160.87,70.2703,36.9369,113.043,59.4203,3313,53643,29472,12788.9,1.65042e+08,0.433933,-0.171635,2.05784,0.519749,3313.25,31630,19255.5,4880.8,8163.5,11335,18415,20136,20730,25318,31630,35441,36939,39391.5,41421,44643,48386.5,52709.1,11034.8,10955.2,26158.7,29472,7401.34,-365.501,308.541,0.251132,-0.0493831,0.0416872,32127.1,34114.1,0,0,0,0,0,0,0,0,0,0,0,0,0,0,0,0,0,0,0,0,0,0,0,0,0,0,0,0,0,0,2,0.018018,36.7036,3.67288,33.0307,40.3765,16,0.144144,91.61,7.12655,71.7168,99.0464,93,0.837838,122.053,9.79979,101.537,145.057,0,0,0,0,0,0,0,0,0,0,0,0,0,0,0,0,0,0,0,0,0,0,0,0,0,0,0,0,0,0,2,0.018018,7186.5,2298.5,4888,9485,16,0.144144,28360.8,11469.2,11495,47295,93,0.837838,30142.4,12693.4,3313,53643
4,15,1.0238e+06,598920,163,79,31.14,152.122,118.524,23.2126,542.149,0.195847,-1.54731,6.36198,0.72229,104.75,122.353,31.3915,33.6235,82.8079,96.2475,103.771,104.562,109.007,116.221,122.353,128.452,133.801,135.953,136.65,139.142,148.841,151.378,17.24,16.7934,21.9867,118.524,12.0909,-2.65546,2.07834,0.102013,-0.219624,0.171892,120.776,122.478,86.2318,100,1.63,79,60,21,3,0,0,0,0,0,100,206.329,58.2822,73.6196,120.253,151.899,4597,54484,26737.9,12933.9,1.68319e+08,0.48373,0.0807493,1.97632,0.443821,4597.25,26750,20916,5341.6,6657.9,8575.2,12808,16493,18661,22621.8,26750,30292,34624,37409,39517.6,43173,47732.5,51956.3,10988.4,10988.3,22140.6,26737.9,7493.58,136.499,201.366,0.280261,0.0182155,0.0268717,29701.9,31980.7,0,0,0,0,0,0,0,0,0,0,0,0,0,0,0,0,0,0,0,0,0,0,0,0,0,0,0,0,0,0,5,0.0306748,35.0163,2.97211,31.14,38.5362,17,0.104294,87.8953,12.5835,53.8024,99.9164,141,0.865031,125.178,14.1003,100.062,152.122,0,0,0,0,0,0,0,0,0,0,0,0,0,0,0,0,0,0,0,0,0,0,0,0,0,0,0,0,0,0,5,0.0306748,15527.8,7470.06,8080,25463,17,0.104294,20562.5,8698.73,5353,40357,141,0.865031,27879.9,13112.1,4597,54484
5,15,1.02381e+06,598920,170,97,53.0784,162.628,139.311,19.9018,398.425,0.142859,-1.79966,6.57196,0.787152,121.75,145.415,16.5039,69.3143,93.6088,117.979,121.697,135.313,137.469,143.585,145.415,148.302,150.792,151.817,153.306,157.231,158.596,161.026,14.6772,13.3223,23.6821,139.311,9.98179,-3.44302,2.0197,0.0716513,-0.34493,0.202339,140.725,141.863,84.9115,100,1.7,97,54,16,3,0,0,0,0,0,100,175.258,67.0588,79.4118,117.526,139.175,3605,53036,26557.6,13366.2,1.79714e+08,0.503292,0.0473999,1.7662,0.464337,3605.25,27462.5,23579.2,5367.79,6758.7,9218.1,11869.8,14694.5,16168.2,21803.6,27462.5,31045.6,35429.4,38273.8,40128.4,44826,47004.4,50722.7,11667.6,11651.4,22952.4,26557.6,7749.57,113.363,-86.5517,0.291802,0.0146283,-0.0111686,29731.5,32100.8,0,0,0,0,0,0,0,0,0,0,0,0,0,0,0,0,0,0,0,0,0,0,0,0,0,0,0,0,0,0,0,0,0,0,0,0,10,0.0588235,80.888,13.7166,53.0784,94.9682,160,0.941176,142.962,13.5063,106.417,162.628,0,0,0,0,0,0,0,0,0,0,0,0,0,0,0,0,0,0,0,0,0,0,0,0,0,0,0,0,0,0,0,0,0,0,0,0,10,0.0588235,21481.3,14269,6434,47156,160,0.941176,26874.9,13243.3,3605,53036
6,15,1.02382e+06,598920,234,111,68.1232,160.283,125.457,22.6367,514.62,0.180435,-0.706632,2.38449,0.62211,127.25,132.72,27.6203,73.6671,85.5799,89.6532,101.831,115.735,117.468,125.204,132.72,136.251,141.662,143.355,144.507,150.329,152.754,155.794,18.7763,18.3058,18.4906,125.457,12.6432,-2.43572,0.659837,0.100777,-0.192651,0.0521892,127.482,129.251,56.8343,100,2.34,111,81,36,5,1,0,0,0,0,100,210.811,59.8291,54.2735,126.126,114.414,5155,52822,25936.2,12159.4,1.48486e+08,0.46882,0.204669,2.07847,0.435966,5155.25,25945.5,18205.2,5780.17,7567.9,9664.3,14603,15899.8,17154.7,21467.4,25945.5,28743,32665.1,34105,35826,44579.3,46822.4,49111.8,10236,10236,20780.9,25936.2,7009.82,351.139,313.73,0.270272,0.0500924,0.0447558,28645,30835.4,0,0,0,0,0,0,0,0,0,0,0,0,0,0,0,0,0,0,0,0,0,0,0,0,0,0,0,0,0,0,0,0,0,0,0,0,45,0.192308,87.138,6.97028,68.1232,99.6199,189,0.807692,134.58,13.7849,101.09,160.283,0,0,0,0,0,0,0,0,0,0,0,0,0,0,0,0,0,0,0,0,0,0,0,0,0,0,0,0,0,0,0,0,0,0,0,0,45,0.192308,20041.1,10141.6,5231,49127,189,0.807692,27339.8,12178.7,5155,52822
7,15,1.02383e+06,598920,215,107,61.6744,147.106,124.599,13.8472,192.64,0.111133,-1.26845,5.86364,0.736554,128.25,127.297,14.8304,75.1524,100.754,105.155,117.557,119.037,120.047,123.279,127.297,128.918,132.656,133.867,136.359,140.243,141.629,146.798,10.2251,10.1067,10.1587,124.599,7.38582,-1.24238,1.37618,0.0592765,-0.168212,0.186327,125.367,126.049,61.9013,100,2.15,107,75,27,5,1,0,0,0,0,100,200.935,54.8837,43.7209,110.28,87.8505,3984,52941,27579.5,13341.1,1.78818e+08,0.483734,0.0155076,1.72193,0.481964,6101.25,28219,24587,5827.52,8312,9672,13353,14979,17080.6,22802.6,28219,32372.8,38266.8,39566,41191.8,45158,47412.3,51678.5,11720.6,11717.6,21509.2,27579.5,7723.28,30.0306,-156.14,0.280037,0.00388832,-0.0202168,30636.8,32939.9,0,0,0,0,0,0,0,0,0,0,0,0,0,0,0,0,0,0,0,0,0,0,0,0,0,0,0,0,0,0,0,0,0,0,0,0,10,0.0465116,85.7262,12.5543,61.6744,99.8296,205,0.953488,126.496,10.775,100.695,147.106,0,0,0,0,0,0,0,0,0,0,0,0,0,0,0,0,0,0,0,0,0,0,0,0,0,0,0,0,0,0,0,0,0,0,0,0,10,0.0465116,10166.4,5749.31,3984,24054,205,0.953488,28428.9,13020.9,5783,52941
8,15,1.02384e+06,598920,135,66,37.6292,150.31,116.995,15.0386,227.846,0.12854,-1.59855,8.50283,0.704345,125.25,118.459,16.3784,71.9179,95.831,100.067,107.4,109.795,111.408,116.132,118.459,123.017,125.198,126.174,129.972,131.493,133.013,145.402,10.8048,10.6384,11.9119,116.995,7.81411,-1.43874,1.48497,0.0667901,-0.184121,0.190037,117.958,118.769,78.2422,100,1.35,66,44,20,5,0,0,0,0,0,100,204.545,58.5185,29.6296,119.697,60.6061,3782,53514,27910.2,12569.9,1.5918e+08,0.450368,-0.0477278,2.20406,0.485165,3782.25,27614,19217.5,4776.24,6857.2,8954.4,16266.8,18790.5,21575,25340.8,27614,31185.8,34958.2,38008,40728.6,44355.2,47347,52983,10274.4,10271.7,24128,27910.2,7253.17,-101.207,537.637,0.259875,-0.0139535,0.0741245,30610.2,32672.1,0,0,0,0,0,0,0,0,0,0,0,0,0,0,0,0,0,0,0,0,0,0,0,0,0,0,0,0,0,0,1,0.00740741,37.6292,0,37.6292,37.6292,12,0.0888889,89.4689,10.7397,71.5245,99.9984,122,0.903704,120.353,10.0737,100.058,150.31,0,0,0,0,0,0,0,0,0,0,0,0,0,0,0,0,0,0,0,0,0,0,0,0,0,0,0,0,0,0,1,0.00740741,27880,0,27880,27880,12,0.0888889,21681.3,12344.2,4390,44641,122,0.903704,28523.1,12476.3,3782,53514
9,15,1.02385e+06,598920,194,96,33.0169,168.367,123.691,30.1493,913.693,0.243748,-1.04423,3.76871,0.66992,113.25,128.818,35.7488,40.9937,47.6108,79.667,106.171,110.824,113.286,117.772,128.818,138.698,145.525,146.573,148.619,155.575,161.483,166.392,23.6917,23.4921,25.8038,123.691,16.3953,-3.37481,2.10257,0.132551,-0.20584,0.128242,127.312,130.08,88.7623,100,1.94,96,77,18,3,0,0,0,0,0,100,202.083,56.701,70.6186,114.583,142.708,4463,52317,26913.7,13143.4,1.73645e+08,0.488354,-0.000866133,1.81549,0.46915,4463.25,27376,23463.8,5082.12,7033.3,8973.4,12295.6,14423.5,18038.4,22430.6,27376,31788.8,36252.6,37887.2,39701,44451.6,47431.4,51221,11367,11360.7,22450.5,26913.7,7615.88,-7.22891,0.71359,0.282974,-0.000949189,9.36976e-05,29951.6,32217.6,0,0,0,0,0,0,0,0,0,0,0,0,0,0,0,0,0,0,0,0,0,0,0,0,0,0,0,0,0,0,11,0.056701,43.2722,4.08523,33.0169,47.8609,24,0.123711,86.8009,11.7589,69.0249,99.8609,159,0.819588,134.822,17.6156,101.933,168.367,0,0,0,0,0,0,0,0,0,0,0,0,0,0,0,0,0,0,0,0,0,0,0,0,0,0,0,0,0,0,11,0.056701,20492.5,9053.13,4818,36857,24,0.123711,21961.1,10410.5,4463,46411,159,0.819588,28105.5,13445.1,5102,52317
10,15,1.02386e+06,598920,312,149,2.38474,177.83,124.486,54.9123,3025.48,0.441112,-1.15354,2.71989,0.69595,171.75,148.979,47.9262,6.60318,13.5327,21.2675,47.0225,116.076,127.246,139.336,148.979,156.606,162.522,164.002,166.813,169.82,171.661,175.019,44.2748,39.0019,47.4352,124.486,27.983,-10.1732,2.16754,0.224789,-0.36355,0.0774592,136.059,142.016,120.227,95.8333,3.12,149,125,34,4,0,0,0,0,0,95.8333,200.671,68.5897,4.48718,143.624,9.39597,3270,58922,26253.6,12065.4,1.46063e+08,0.459571,0.126186,2.08325,0.412989,38295.2,26258,20533,5303.72,8098.1,10385,13648.6,15884.5,18652.8,21965.2,26258,29324.2,34482.2,36417.5,38083.2,41665.2,45212.9,50874.8,10224,10224,14008.8,26253.6,6958.07,182.378,231.596,0.265033,0.0262111,0.0332845,28893.4,30997.1,2,0.00641026,0.336218,0.0319362,0.304282,0.368154,11,0.0352564,1.21247,0.390848,0.62576,1.874,3,0.00961538,3.72308,0.960206,2.38474,4.59131,4,0.0128205,7.25159,0.398507,6.64424,7.73664,16,0.0512821,14.3604,2.9862,11.4818,19.9441,39,0.125,30.8463,8.79071,20.1733,47.6605,4,0.0128205,65.1262,16.3718,51.0797,91.3161,233,0.746795,152.308,17.1046,107.319,177.83,2,0.00641026,47103.5,608.5,46495,47712,11,0.0352564,31498.5,10971.6,14415,47910,3,0.00961538,15220.3,9499.39,5323,28036,4,0.0128205,22637.8,10864.8,10023,33764,16,0.0512821,30377.2,16044,9066,50961,39,0.125,27005.3,14417,5853,58922,4,0.0128205,12079.8,2341.47,8117,13986,233,0.746795,26292.1,11160.5,3270,51091
11,15,1.02387e+06,598920,302,140,9.49051,165.467,90.835,40.5286,1648.33,0.446179,-0.423551,2.20241,0.521516,107.25,105.558,63.9855,11.7857,17.9648,25.9022,43.1225,53.9073,72.0003,92.06,105.558,109.185,116.098,117.893,121.282,131.714,148.853,165.066,34.3695,32.3754,32.4387,90.835,22.7127,-3.09368,1.57646,0.250044,-0.136209,0.0694084,99.4664,105.34,79.2725,94.702,3.02,140,116,42,4,0,0,0,0,0,94.702,204.286,58.6093,43.0464,126.429,92.8571,2234,56424,29186.8,13639.6,1.86691e+08,0.467322,0.0680684,1.92521,0.497375,2234.25,28704,23110.8,5407.05,9240,10736.5,14186,16941.8,20376.5,24925,28704,33162,37906.5,40052.5,42955,47615.5,50974.2,55388.4,11657.4,11654.3,26952.5,29186.8,7888.46,141.747,153.726,0.270275,0.0179689,0.0194874,32216.5,34573.2,13,0.0430464,0.130049,0.221014,-0.297589,0.368777,3,0.00993377,0.659408,0.136632,0.535549,0.849776,0,0,0,0,0,0,1,0.00331126,9.49051,0,9.49051,9.49051,23,0.0761589,16.5549,2.65324,10.1233,19.2846,41,0.135762,37.4605,7.49665,20.313,49.939,59,0.195364,75.9544,15.2415,50.2685,99.8892,162,0.536424,120.811,16.6019,100.371,165.467,13,0.0430464,39661.7,10186.4,16018,54699,3,0.00993377,40142,4866.82,33754,45555,0,0,0,0,0,0,1,0.00331126,20611,0,20611,20611,23,0.0761589,25988,9846.36,9215,46473,41,0.135762,28990.1,13401.7,9543,55234,59,0.195364,21756.8,12972.1,5421,54665,162,0.536424,32449.5,13238.8,2234,56424
12,15,1.02388e+06,598920,277,144,10.542,128.894,100.219,21.7981,477.097,0.217504,-2.06642,8.71222,0.757713,109.75,103.753,27.3544,11.4715,76.9874,81.0412,87.4737,89.3374,91.8512,99.1177,103.753,109.202,112.271,116.692,117.619,120.236,123.052,127.735,15.3745,14.933,15.4699,100.219,10.7972,-2.82378,2.03633,0.107736,-0.261529,0.188599,102.562,104.098,88.7504,88.8087,2.77,144,103,24,5,1,0,0,0,0,88.8087,170.833,52.7076,32.491,101.389,62.5,5067,54454,28683,12717.7,1.62401e+08,0.443389,-0.00562829,1.99983,0.478184,5067.25,29789,20483.2,5967,8642,10782.5,15672,17766.8,20422.5,25477,29789,32966,36338,38250,41269,45741,49679.8,52644.3,10777.2,10753.8,23615.8,28683,7354.73,-34.5455,268.833,0.256414,-0.00469704,0.0365524,31376.1,33472.9,25,0.0902527,0.0236095,0.236976,-0.394862,0.433913,6,0.0216606,0.617368,0.067244,0.513132,0.686596,0,0,0,0,0,0,0,0,0,0,0,0,7,0.0252708,13.8088,3.3861,10.542,19.3655,4,0.0144404,38.2248,11.4278,22.3538,49.9787,89,0.3213,88.5538,7.00593,76.5036,99.5001,146,0.527076,113.172,7.24902,100.263,128.894,25,0.0902527,32511,12672.3,4349,51861,6,0.0216606,25015.8,17663.1,6301,53365,0,0,0,0,0,0,0,0,0,0,0,0,7,0.0252708,20073.7,10648.1,7750,42222,4,0.0144404,19715,11269.8,5886,37192,89,0.3213,27671.7,13197.3,5067,54454,146,0.527076,29958,12224.2,5736,52465
13,15,1.02389e+06,598920,303,156,5.67573,125.434,79.6535,30.123,910.697,0.378176,-0.765381,2.41028,0.617725,95.75,90.7459,50.5603,8.03647,23.3472,30.7502,47.731,51.6694,61.9912,85.7255,90.7459,95.7272,99.4887,102.23,103.599,110.787,114.721,123.646,25.5389,23.5336,24.0223,79.6535,16.6025,-3.65846,1.11899,0.208434,-0.220355,0.0673985,85.1591,88.8448,72.2754,91.0891,3.03,156,109,34,4,0,0,0,0,0,91.0891,176.923,58.7459,36.3036,114.103,70.5128,5926,55371,29251.9,12152,1.48209e+08,0.415427,-0.0915518,2.04604,0.471755,5926.25,29644,19414.8,6765.25,9317,11302,17107,19348.5,21064,26299,29644,34389,37009,38763.2,40391,44081.5,47694.8,53507.2,10331,10326.5,23325.7,29251.9,7005.89,-225.041,265.43,0.239502,-0.0321216,0.0378867,31675.7,33568.1,23,0.0759076,0.112535,0.176757,-0.199643,0.485691,4,0.0132013,0.79827,0.159142,0.629597,1.04945,0,0,0,0,0,0,5,0.0165017,7.63523,1.06978,5.67573,8.90633,6,0.019802,13.5694,0.813478,12.7923,15.1317,53,0.174917,37.7547,8.87227,23.2079,49.9387,131,0.432343,84.4236,14.1609,50.0301,99.7155,81,0.267327,108.695,6.58837,100.424,125.434,23,0.0759076,42167.6,11217.3,9247,57739,4,0.0132013,37636.2,12611.5,18683,52010,0,0,0,0,0,0,5,0.0165017,20529.4,7372.49,9247,32534,6,0.019802,19632.8,7092.8,9269,31142,53,0.174917,28312,12255.7,8801,52458,131,0.432343,30219.4,12838.8,5926,55371,81,0.267327,29553.3,10839.6,6062,54153
14,15,1.0239e+06,598920,300,153,4.28008,103.892,52.1592,26.5458,707.15,0.508937,-0.0341041,1.83386,0.480657,39.25,52.4383,44.1818,6.00566,9.63638,15.5631,25.0395,29.6591,35.33,41.64,52.4383,61.6128,72.4365,73.8409,78.5426,86.7463,90.1022,101.628,23.1999,23.1983,24.7063,52.1592,15.3463,-0.201294,0.0270643,0.294221,-0.0131168,0.00176357,58.5257,63.1245,46.7149,95.3333,3,153,110,35,2,0,0,0,0,0,95.3333,186.928,48,60,94.1176,117.647,3455,55672,24854.7,11675.8,1.36803e+08,0.469763,0.404229,2.32725,0.409822,13513.2,23960.5,18860.8,5927.1,9025.75,10731.5,13038,14437.2,16850.5,20540,23960.5,27513,30563.5,33298,35654,40975,46076.2,50598.4,9788.61,9765.81,12675.1,24854.7,6675.5,645.688,342.788,0.268582,0.096725,0.0513502,27460.5,29686.5,4,0.0133333,0.187813,0.193062,-0.0133285,0.426349,10,0.0333333,0.693574,0.142643,0.530224,0.922551,2,0.00666667,4.62457,0.344484,4.28008,4.96905,15,0.05,8.1143,1.34909,5.78817,9.75184,23,0.0766667,14.9897,2.37157,10.4032,19.1554,99,0.33,34.9473,8.48888,20.2038,49.9216,140,0.466667,73.3448,11.7467,50.73,99.1164,7,0.0233333,101.965,0.890343,101.052,103.892,4,0.0133333,36539,14138.9,15823,52830,10,0.0333333,42391,14534.8,10983,59674,2,0.00666667,49287,1756,47531,51043,15,0.05,33341.5,12693,16823,55672,23,0.0766667,22722.6,10011.5,8325,43027,99,0.33,24336.9,10264.5,8365,50145,140,0.466667,24164.4,12098,3455,54927,7,0.0233333,27821.3,10728.1,13510,42753
15,15,1.02391e+06,598920,202,120,2.97445,93.7532,50.0362,24.0748,582.926,0.481147,-0.2207,2.07137,0.518423,66.25,50.2896,33.2068,5.74071,8.09237,11.9442,31.2268,34.5417,36.5362,45.6474,50.2896,60.3108,65.8662,67.7485,73.8025,78.7643,84.2124,93.5741,20.1837,20.1792,23.0134,50.0362,13.8659,-0.800885,0.608728,0.277118,-0.0577593,0.0439011,55.5267,59.3631,46.3249,86.6337,2.02,120,65,13,4,0,0,0,0,0,86.6337,145.833,44.5545,23.7624,75,40,2712,56061,22315.2,12533.2,1.57984e+08,0.561644,0.666991,2.59786,0.367452,23339.2,19902,18196.5,5233.12,6720.2,8446,10856.2,11853.5,13097.4,16248.8,19902,23643.8,28020,30050,33442.6,42127.2,44335.4,54385.9,10426.8,10296.7,10548.4,22315.2,7074.12,1177.83,421.667,0.317009,0.166498,0.059607,25593.9,28414.4,22,0.108911,0.0462772,0.206926,-0.450957,0.455189,5,0.0247525,0.85592,0.215123,0.63018,1.25781,2,0.00990099,3.58392,0.609475,2.97445,4.1934,9,0.0445545,7.33253,0.722926,6.28436,8.5744,18,0.0891089,13.9755,2.65298,10.3101,18.8105,55,0.272277,38.4045,7.30507,20.2864,49.9992,91,0.450495,69.4436,11.7253,50.0352,93.7532,0,0,0,0,0,0,22,0.108911,32362.5,16280.6,6916,60578,5,0.0247525,34099.2,19405.7,6814,56629,2,0.00990099,34511.5,3501.5,31010,38013,9,0.0445545,28373.7,16636.8,8292,56061,18,0.0891089,28901.2,8334.49,13064,45609,55,0.272277,15180,8135.99,5205,44070,91,0.450495,24457.7,13032.6,2712,54437,0,0,0,0,0,0
16,15,1.02392e+06,598920,106,70,9.78507,94.1401,61.2226,20.5871,428.7,0.336266,-0.4088,2.22076,0.609774,75.75,61.175,35.1566,18.8833,27.4158,30.5348,39.7223,41.7746,55.0459,59.589,61.175,68.2997,75.9521,76.9311,77.8629,88.5168,91.3173,93.0875,16.8872,16.8872,19.1482,61.2226,11.7868,-1.25747,0.66573,0.192524,-0.106685,0.056481,64.5913,67.2212,50.4073,83.0189,1.06,70,22,10,4,0,0,0,0,0,83.0189,125.714,41.5094,26.4151,62.8571,40,6554,58471,25367.6,13933.3,1.96368e+08,0.549256,0.620104,2.12983,0.362378,47224.2,20285,24112,6921.14,8628.25,9819.6,13589,13889,15599.2,17062.6,20285,25933,33654.3,38001,39673.2,47566.9,49011.4,55470.4,12039.5,11593.9,22663.1,25367.6,7880.75,1495.46,160.043,0.310663,0.189761,0.020308,28942.2,32002.6,16,0.150943,0.028393,0.18109,-0.276233,0.358944,2,0.0188679,0.825675,0.0194595,0.806216,0.845135,0,0,0,0,0,0,1,0.00943396,9.78507,0,9.78507,9.78507,0,0,0,0,0,0,24,0.226415,34.3551,7.07027,20.2428,47.3191,63,0.59434,72.2743,11.5689,53.3261,94.1401,0,0,0,0,0,0,16,0.150943,28699,10533,5835,39150,2,0.0188679,34968,6967,28001,41935,0,0,0,0,0,0,1,0.00943396,18431,0,18431,18431,0,0,0,0,0,0,24,0.226415,17786.7,8816.8,6554,39239,63,0.59434,28365.6,14488.5,6976,58471,0,0,0,0,0,0
17,15,1.02393e+06,598920,130,57,9.2238,71.7216,40.2935,13.7318,190.148,0.340796,-0.0493599,2.26622,0.497132,26.25,41.3307,22.3805,12.0755,18.0417,21.0796,27.1526,29.0054,30.1106,35.7106,41.3307,46.1029,49.7848,51.386,52.5722,55.8833,59.3458,69.799,11.7304,11.7053,16.0813,40.2935,7.89918,-0.178131,0.397034,0.196041,-0.0225506,0.0502626,42.5691,44.4939,30.1583,92.3077,1.3,57,46,22,4,1,0,0,0,0,92.3077,210.526,47.6923,80,108.772,182.456,4827,54462,23192.1,11132.1,1.24965e+08,0.479995,0.511176,2.66286,0.370003,4827.25,21767.5,15069,5158.25,7196.25,9709,13433,15016.8,15703.7,18056.4,21767.5,25837.8,28659.5,30085.8,32569.2,37387.7,44317.8,50704.4,9268.22,9222.35,18364.9,23192.1,6343.16,702.263,514.92,0.273505,0.110712,0.0811772,25725.4,27936,9,0.0692308,0.000330099,0.158739,-0.195599,0.294646,1,0.00769231,0.988095,0,0.988095,0.988095,0,0,0,0,0,0,1,0.00769231,9.2238,0,9.2238,9.2238,10,0.0769231,17.1962,2.1491,11.2564,18.8397,74,0.569231,36.3222,8.3324,20.8591,49.9763,35,0.269231,56.1769,5.7234,50.4454,71.7216,0,0,0,0,0,0,9,0.0692308,21555,9317.86,9029,36803,1,0.00769231,37086,0,37086,37086,0,0,0,0,0,0,1,0.00769231,20244,0,20244,20244,10,0.0769231,16436.4,6590.22,5087,27653,74,0.569231,25210.1,11775.8,4827,54462,35,0.269231,20940,9608.07,5462,41707,0,0,0,0,0,0
18,15,1.02394e+06,598920,176,85,6.41111,76.5316,48.7359,17.63,312.657,0.361746,-0.210709,1.89536,0.603602,36.25,54.2816,26.2923,15.9903,19.2837,23.1527,30.3008,36.0465,36.7216,41.9922,54.2816,57.6834,60.1098,62.3388,65.2382,72.1019,74.4475,76.3055,15.6093,15.4368,17.9295,48.7359,10.1482,-0.591192,0.0945641,0.208228,-0.0582558,0.00931831,51.8267,54.2936,41.6678,96.5909,1.76,85,70,20,1,0,0,0,0,0,96.5909,200,52.2727,71.0227,108.235,147.059,3419,50698,21747.7,11744.8,1.38757e+08,0.540049,0.529372,2.34848,0.387672,3419.25,19487,18774.5,5200.22,7272.9,7787.4,10071.8,11089.8,12933.4,16355.4,19487,24002.4,28088.4,29864.2,32743.8,38276.6,42215.4,48612.8,9968.07,9894.17,18328.5,21747.7,6688.72,913.685,237.712,0.30756,0.136601,0.0355392,24716.5,27208.8,1,0.00568182,0.164924,0,0.164924,0.164924,5,0.0284091,1.05896,0.138248,0.944938,1.28206,0,0,0,0,0,0,1,0.00568182,6.41111,0,6.41111,6.41111,11,0.0625,18.576,1.26774,15.9859,19.5951,69,0.392045,34.9508,7.14902,21.2346,49.5093,89,0.505682,63.6265,7.22956,50.2014,76.5316,0,0,0,0,0,0,1,0.00568182,26693,0,26693,26693,5,0.0284091,32459.4,15725.8,10686,52768,0,0,0,0,0,0,1,0.00568182,22211,0,22211,22211,11,0.0625,23888.9,14548.9,8396,48147,69,0.392045,24065.4,13275.5,3419,50698,89,0.505682,19681,9575.11,4622,42300,0,0,0,0,0,0
19,15,1.02395e+06,598920,164,74,5.20337,87.872,49.4954,24.8805,624.2,0.502684,-0.0806338,1.45693,0.535778,35.75,50.3938,45.1904,7.0188,15.0299,17.4111,22.4045,26.6905,27.4275,35.6807,50.3938,65.9587,68.1432,71.8809,76.0099,81.2362,82.3129,85.401,23.1247,23.1173,24.0628,49.4954,14.2535,-0.431861,-1.10232,0.287976,-0.0302986,-0.077337,55.3971,59.6208,43.2088,73.7805,1.64,74,58,28,4,0,0,0,0,0,73.7805,163.514,37.1951,43.2927,82.4324,95.9459,4010,43292,17304.3,8887.54,7.96466e+07,0.513604,0.829193,2.81222,0.338432,18728.2,14643,13752,6128.2,7047,7823,9434,10335,10841,12918,14643,17614,19806,24087,26111,31146,34095,40875.8,7322.69,7091.15,7649.28,17304.3,4951.19,1063.98,341.921,0.286125,0.214894,0.0690584,19453.2,21446.4,38,0.231707,0.0281988,0.189577,-0.340053,0.475747,5,0.0304878,0.735782,0.213106,0.551624,1.04651,0,0,0,0,0,0,2,0.0121951,5.70518,0.501812,5.20337,6.20699,18,0.109756,16.3136,2.31989,10.266,18.745,40,0.243902,31.6406,7.09818,20.904,44.6811,61,0.371951,72.4305,8.39439,50.3938,87.872,0,0,0,0,0,0,38,0.231707,26878.2,14449.3,3217,59574,5,0.0304878,30195.6,17250.6,7802,49353,0,0,0,0,0,0,2,0.0121951,10363,1042,9321,11405,18,0.109756,15607.1,8273.81,7047,36244,40,0.243902,20548.9,10576.2,4010,43292,61,0.371951,15905,7197.69,6644,34095,0,0,0,0,0,0
0,16,1.02376e+06,598910,252,115,58.8367,154.523,124.081,21.8232,478.159,0.175879,-1.04028,3.6247,0.681858,106.75,128.8,27.2705,62.5467,73.8873,92.88,106.682,113.534,117.118,121.009,128.8,135.348,138.998,140.804,142.031,147.455,149.714,153.315,17.3227,17.042,24.3364,124.081,11.902,-2.64746,1.36369,0.0959216,-0.222437,0.114576,125.985,127.585,63.8393,99.6032,2.52,115,94,36,6,1,0,0,0,0,99.6032,218.261,58.3333,78.5714,127.826,172.174,3869,54467,27849.3,13198,1.74885e+08,0.47391,0.223617,1.90131,0.473937,8792.25,26617,22782.5,6705.5,8809.5,11044,15160,16872,18475,22151,26617,30683,36595,39654.5,41776,46491,50035,53317,11322.5,11267.9,19189.1,27849.3,7616.61,483.809,105.369,0.273494,0.0635203,0.0138341,30818.3,33221.8,1,0.00396825,-0.0558849,0,-0.0558849,-0.0558849,0,0,0,0,0,0,0,0,0,0,0,0,0,0,0,0,0,0,0,0,0,0,0,0,0,0,0,0,0,0,34,0.134921,81.2972,13.1122,58.8367,98.3078,217,0.861111,130.784,13.8637,103.049,154.523,1,0.00396825,28215,0,28215,28215,0,0,0,0,0,0,0,0,0,0,0,0,0,0,0,0,0,0,0,0,0,0,0,0,0,0,0,0,0,0,34,0.134921,18779.1,9221.73,7494,43510,217,0.861111,29270.4,13162.3,3869,54467
1,16,1.02377e+06,598910,255,140,52.6642,151.376,121.561,20.3167,414.395,0.167132,-1.38762,5.21995,0.697957,108.25,124.67,21.5541,53.6305,75.9549,98.7131,108.639,114.007,117.765,120.524,124.67,130.391,133.121,135.561,137.494,142.508,146.722,150.213,14.7883,14.6721,20.5118,121.561,10.676,-2.37565,2.02692,0.0878239,-0.222523,0.189859,123.247,124.617,67.8915,100,2.55,140,84,27,4,0,0,0,0,0,100,182.143,55.2941,83.1373,100.714,151.429,3245,57795,30485.6,12663,1.60984e+08,0.415379,-0.0432828,1.91988,0.499369,3245.25,31113,21983,7338.48,11286.7,12616.8,17451.4,18892.5,21755.4,27025.6,31113,35493.4,39315.8,40875.5,42725.6,47657,48927.7,53904,10895.8,10883.5,27240.3,30485.6,7323.93,-98.5362,113.355,0.240243,-0.013454,0.0154773,33010.9,35009.5,0,0,0,0,0,0,0,0,0,0,0,0,0,0,0,0,0,0,0,0,0,0,0,0,0,0,0,0,0,0,0,0,0,0,0,0,28,0.109804,76.8497,16.6771,52.6642,99.3057,227,0.890196,127.076,12.3441,100.31,151.376,0,0,0,0,0,0,0,0,0,0,0,0,0,0,0,0,0,0,0,0,0,0,0,0,0,0,0,0,0,0,0,0,0,0,0,0,28,0.109804,26257.5,13241.6,11117,52121,227,0.890196,31007.1,12491.1,3245,57795
2,16,1.02378e+06,598910,131,77,41.8305,135.011,110.132,17.4829,308.099,0.158746,-0.85051,4.00199,0.732999,93.75,113.154,27.1242,58.1622,81.8682,89.0203,93.6822,98.27,100.954,103.889,113.154,119.076,122.794,125.394,126.6,130.811,132.553,134.484,14.674,14.6559,19.9643,110.132,9.71197,-1.32311,0.543304,0.0881852,-0.136235,0.0559417,111.511,112.721,67.0928,96.1832,1.31,77,41,10,2,1,0,0,0,0,96.1832,163.636,51.145,76.3359,87.013,129.87,5893,54131,27321.5,13060.4,1.71938e+08,0.478026,0.170097,1.96652,0.444224,5893.25,26776.5,20353.5,6007.25,8455.25,10037,13411,16628.5,19215.5,22120,26776.5,30140,35754.5,36982,40078,46071.5,48980.2,52399.2,11057.7,11044.8,21428.2,27321.5,7575.92,347.001,206.284,0.277288,0.0458032,0.0272289,30282.6,32633.9,2,0.0152672,0.0322779,0.0284067,0.00387121,0.0606847,3,0.0229008,0.705968,0.197244,0.542001,0.983385,0,0,0,0,0,0,0,0,0,0,0,0,0,0,0,0,0,0,1,0.00763359,41.8305,0,41.8305,41.8305,36,0.274809,90.1466,9.26915,54.1416,99.6526,89,0.679389,118.983,10.2788,100.321,135.011,2,0.0152672,9614.5,2390.5,7224,12005,3,0.0229008,23195,5685.21,15275,28354,0,0,0,0,0,0,0,0,0,0,0,0,0,0,0,0,0,0,1,0.00763359,10007,0,10007,10007,36,0.274809,25000.2,12029.1,5893,51156,89,0.679389,28455,13271.1,6002,54131
3,16,1.02379e+06,598910,187,98,2.04042,157.655,128.368,29.9053,899.352,0.232965,-2.27213,8.36835,0.811797,141.25,134.755,27.9219,16.2764,45.1481,101.543,118.857,120.054,125.82,132.132,134.755,141.829,144.854,147.976,149.048,152.582,153.722,156.597,20.1363,18.7419,19.0347,128.368,14.0319,-5.52828,3.56134,0.10931,-0.393978,0.253802,131.806,133.867,124.133,95.7219,1.87,98,68,20,1,0,0,0,0,0,95.7219,182.653,65.2406,41.1765,124.49,78.5714,910,54327,28533.3,13732.3,1.89634e+08,0.481271,-0.096341,1.89811,0.517126,910.25,30258,22597.5,1993.24,7233.8,9574.2,14412,17185.5,19342,23642,30258,34399.8,37987.8,39783,42034,46456.4,48970.7,53379.7,11906.3,11834.7,27623.1,28533.3,7950.19,-226.259,119.205,0.278628,-0.0284596,0.014994,31665.8,33947.7,4,0.0213904,0.0734853,0.183283,-0.222892,0.238772,4,0.0213904,0.723965,0.147521,0.608795,0.971339,1,0.00534759,2.04042,0,2.04042,2.04042,1,0.00534759,6.65724,0,6.65724,6.65724,1,0.00534759,18.9894,0,18.9894,18.9894,7,0.0374332,36.1161,4.73116,29.3285,45.8522,7,0.0374332,86.3993,15.7949,55.742,98.8347,162,0.86631,136.374,14.3069,101.05,157.655,4,0.0213904,28859,5166.43,23662,35281,4,0.0213904,41002.8,8912.57,30638,53303,1,0.00534759,39663,0,39663,39663,1,0.00534759,43981,0,43981,43981,1,0.00534759,18747,0,18747,18747,7,0.0374332,26629.4,7261.61,16426,38284,7,0.0374332,17324.4,8606.84,4719,32648,162,0.86631,28996.3,13937.6,910,54327
4,16,1.0238e+06,598910,181,105,77.9093,159.293,139.85,15.2524,233.949,0.109062,-1.5921,5.57276,0.7611,148.25,144.781,15.5639,88.9073,105.977,117.8,131.455,134.35,136.783,141.757,144.781,147.619,148.854,149.914,150.759,154.382,156.168,157.152,11.4683,10.7393,11.1519,139.85,7.85418,-2.47308,1.45992,0.0561615,-0.314874,0.185878,140.679,141.4,60.9979,98.3425,1.81,105,53,19,4,0,0,0,0,0,98.3425,169.524,61.326,34.8066,105.714,60,5167,51224,26454.4,12092,1.47042e+08,0.457088,-0.0239456,1.86689,0.462196,5167.25,27814,20610.8,5945.53,7465.05,9890.1,13575,15903,18035.3,23221.6,27814,29910.4,34017.6,36513.8,38799.4,43292.5,44688.9,46982.6,10373.7,10335.5,21287.1,26454.4,7010.21,-57.097,88.5076,0.264992,-0.00814483,0.0126255,29086.9,31098.4,3,0.0165746,0.0752553,0.187909,-0.116663,0.3304,0,0,0,0,0,0,0,0,0,0,0,0,0,0,0,0,0,0,0,0,0,0,0,0,0,0,0,0,0,0,6,0.0331492,89.9891,6.40427,77.9093,95.7433,172,0.950276,141.589,12.2298,105.604,159.293,3,0.0165746,14287,5222.92,6946,18665,0,0,0,0,0,0,0,0,0,0,0,0,0,0,0,0,0,0,0,0,0,0,0,0,0,0,0,0,0,0,6,0.0331492,12063.8,4106.99,8177,19197,172,0.950276,26956.4,11968.8,5167,51224
5,16,1.02381e+06,598910,163,107,38.7082,165.469,148.525,17.1645,296.437,0.115566,-2.87734,14.446,0.866335,157.75,153.323,14.7183,94.343,121.008,131.747,140.765,143.712,147.618,150.862,153.323,155.619,157.638,158.43,159.585,161.923,162.982,164.441,11.2392,10.3197,11.1249,148.525,7.81449,-3.09583,2.08612,0.0526139,-0.396165,0.266955,149.514,150.268,108.555,100,1.63,107,48,7,1,0,0,0,0,0,100,152.336,68.0982,29.4479,103.738,44.8598,4378,54341,29680.8,12650.5,1.61023e+08,0.426219,-0.232373,2.00954,0.506431,4378.25,31050,20399,5341.6,8186,10545.2,17334.4,19599.5,21616.2,27739.6,31050,34410.8,38071.8,39998.5,41979.6,45822.8,48007.2,50610.6,10688.2,10635.2,25302.6,29680.8,7308.96,-470.496,251.47,0.246252,-0.0643725,0.0344057,32264.3,34178.7,0,0,0,0,0,0,0,0,0,0,0,0,0,0,0,0,0,0,0,0,0,0,0,0,0,0,0,0,0,0,1,0.00613497,38.7082,0,38.7082,38.7082,6,0.0368098,94.8737,0.550363,94.1398,95.8032,156,0.957055,151.293,10.5902,101.846,165.469,0,0,0,0,0,0,0,0,0,0,0,0,0,0,0,0,0,0,0,0,0,0,0,0,0,0,0,0,0,0,1,0.00613497,10670,0,10670,10670,6,0.0368098,20567,6487.59,10416,29366,156,0.957055,30153.2,12643.7,4378,54341
6,16,1.02382e+06,598910,188,124,112.348,161.09,141.174,12.0535,146.067,0.0853801,-0.434245,2.13622,0.591406,127.25,143.409,23.8164,114.998,120.48,124.832,127.098,128.36,136.05,140.29,143.409,145.642,149.33,152.176,153.384,154.629,157.223,160.13,10.091,9.95069,15.6882,141.174,6.87202,-0.782306,0.236439,0.0486776,-0.113839,0.034406,141.688,142.183,28.2584,99.4681,1.88,124,51,12,1,0,0,0,0,0,99.4681,150.806,54.7872,77.1277,83.0645,116.935,3968,54768,30229.7,12742.6,1.63246e+08,0.421526,-0.171708,1.91346,0.516962,3968.25,30518,21391.5,6094.88,9569.6,11810.6,17651,20133.5,23150,26138.8,30518,36234.4,39979.6,41525,42029.6,46605.2,48831,51316.7,11016,11014.1,26261.4,30229.7,7365.58,-364.298,109.705,0.243654,-0.0494596,0.0148943,32805.6,34758.9,1,0.00531915,-6.10352e-06,0,-6.10352e-06,-6.10352e-06,0,0,0,0,0,0,0,0,0,0,0,0,0,0,0,0,0,0,0,0,0,0,0,0,0,0,0,0,0,0,0,0,0,0,0,0,187,0.994681,141.174,12.0535,112.348,161.09,1,0.00531915,8024,0,8024,8024,0,0,0,0,0,0,0,0,0,0,0,0,0,0,0,0,0,0,0,0,0,0,0,0,0,0,0,0,0,0,0,0,0,0,0,0,187,0.994681,30229.7,12742.6,3968,54768
7,16,1.02383e+06,598910,121,68,54.1842,143.84,117.495,21.1494,451.023,0.180003,-1.50196,4.81424,0.706147,128.25,121.751,15.7208,55.6035,62.188,94.8148,109.987,112.973,118.071,119.275,121.751,126.505,128.25,128.694,129.535,140.081,141.265,143.562,15.0256,14.1762,15.0008,117.495,10.7669,-3.2391,2.59011,0.0916378,-0.300838,0.240561,119.383,120.861,62.9301,100,1.21,68,36,9,6,2,0,0,0,0,100,177.941,71.0744,29.7521,126.471,52.9412,3351,54166,25637.6,13532.3,1.8465e+08,0.527831,0.156296,1.9436,0.438583,3351.25,26530,23368,4395.8,6137,8213,11259,12870,14742,20876,26530,29538,34108,36238,37734,44442,48724,53019.4,11625.8,11584.3,22286.4,25637.6,7839.7,317.989,106.613,0.305789,0.0405614,0.0135992,28989.8,31522.6,0,0,0,0,0,0,0,0,0,0,0,0,0,0,0,0,0,0,0,0,0,0,0,0,0,0,0,0,0,0,0,0,0,0,0,0,16,0.132231,71.7902,14.814,54.1842,95.1854,105,0.867769,124.459,10.7333,100.259,143.84,0,0,0,0,0,0,0,0,0,0,0,0,0,0,0,0,0,0,0,0,0,0,0,0,0,0,0,0,0,0,0,0,0,0,0,0,16,0.132231,15230.6,11151.7,3351,39935,105,0.867769,27223.4,13155.2,4214,54166
8,16,1.02384e+06,598910,216,98,2.57406,152.402,116.965,38.3212,1475.57,0.327629,-1.5986,4.25214,0.763484,141.25,131.365,23.3805,7.42691,30.0472,47.6856,108.225,117.848,119.542,126.179,131.365,135.506,139.758,141.228,142.812,147.285,148.721,151.58,28.3448,24.3334,26.6239,116.965,18.5356,-7.94351,3.81278,0.158471,-0.428555,0.2057,123.083,126.526,113.859,96.7593,2.16,98,80,35,3,0,0,0,0,0,96.7593,213.265,73.6111,23.6111,162.245,52.0408,2469,50919,26121.1,13161,1.74044e+08,0.503845,0.0306693,1.81985,0.488175,6789.25,25891,23959,4736.88,6286.6,7859.4,12319.4,13880,17277.2,21927.2,25891,29664.6,35414.6,37839,40124,44141.6,46464,50098,11301.1,11298.2,19512.2,26121.1,7627.93,67.3784,20.3901,0.292022,0.00883311,0.00267308,29249.3,31570.4,7,0.0324074,0.0863345,0.180218,-0.086757,0.397832,0,0,0,0,0,0,1,0.00462963,2.57406,0,2.57406,2.57406,3,0.0138889,6.68951,1.1048,5.12822,7.52163,4,0.0185185,17.9322,1.67669,15.1949,19.4505,23,0.106481,41.1053,8.89241,23.2654,49.9417,5,0.0231481,67.4381,11.6963,52.515,86.7524,173,0.800926,133.345,11.9159,100.285,152.402,7,0.0324074,22345.6,10979,11452,40120,0,0,0,0,0,0,1,0.00462963,36882,0,36882,36882,3,0.0138889,26780,8292.29,18692,38178,4,0.0185185,26359.8,10651.3,11827,40778,23,0.106481,24487.7,13212.9,5255,48706,5,0.0231481,14935.8,7957.06,4885,24230,173,0.800926,26582.4,13249.1,2469,50919
9,16,1.02385e+06,598910,266,130,5.95836,162.961,114.336,42.8782,1845.64,0.375019,-1.41066,3.65876,0.690293,118.75,124.654,27.5861,10.0861,15.0534,28.7165,103.91,115.367,118.474,121.936,124.654,133.078,142.011,142.953,145.427,148.783,153.503,161.604,31.8122,28.7409,29.7789,114.336,21.3958,-7.7627,3.77406,0.187131,-0.362815,0.176393,122.112,126.288,107.612,97.7444,2.66,130,96,35,5,0,0,0,0,0,97.7444,200,73.6842,66.5414,150.769,136.154,5097,57224,27205.2,12727,1.62602e+08,0.467815,0.232306,2.09308,0.424122,5097.25,26464.5,19989.8,6176.37,8452.6,10776.4,14411.2,16191.5,18461.7,22808,26464.5,30881.4,34721.6,36181.2,39131.4,45734.5,48829,52749.9,10738.7,10718.5,22108,27205.2,7335.8,422.127,295.478,0.269647,0.0575434,0.0402789,30035,32343.3,6,0.0225564,-0.0402047,0.0839718,-0.20043,0.073646,0,0,0,0,0,0,0,0,0,0,0,0,3,0.0112782,6.17328,0.248474,5.95836,6.5215,17,0.0639098,14.7404,1.70045,12.5631,19.1198,24,0.0902256,35.3864,7.85695,20.7179,45.9595,6,0.0225564,94.2496,6.18607,80.5604,98.0305,210,0.789474,133.54,14.3214,101.161,162.961,6,0.0225564,21454.3,9006.32,12954,39422,0,0,0,0,0,0,0,0,0,0,0,0,3,0.0112782,20560.3,6571.49,13174,29138,17,0.0639098,27375.6,11472.4,7272,48416,24,0.0902256,25386.4,12351.7,10802,51350,6,0.0225564,12784.8,4835.47,6235,21864,210,0.789474,27906.2,12795.4,5097,57224
10,16,1.02386e+06,598910,360,180,2.32138,167.906,106.415,51.78,2689.19,0.486586,-0.888323,2.15482,0.628641,133.25,126.06,104.695,9.19073,14.0895,19.3491,29.8448,39.7905,108.632,117.898,126.06,133.337,142.286,144.486,149.663,154.25,157.085,163.913,43.5124,38.6593,39.297,106.415,27.346,-7.44494,0.778493,0.256976,-0.27225,0.0284682,118.344,124.669,101.135,93.0556,3.6,180,142,38,0,0,0,0,0,0,93.0556,186.111,67.2222,37.7778,134.444,75.5556,3377,59150,29193.5,13639.3,1.86587e+08,0.467203,-0.00973525,1.94084,0.462886,3377.25,30337,22840.5,5742.1,8180.6,9736.8,15219,17362.5,20180.8,25173.2,30337,34327.2,38836.2,40203,41922,47087.4,50563.3,55149.3,11705.3,11682.1,25816.3,29193.5,7878.78,-55.8316,168.245,0.269881,-0.00708633,0.0213542,32222.6,34523.8,13,0.0361111,0.117863,0.1786,-0.192574,0.491211,12,0.0333333,1.1631,0.402636,0.591557,1.72855,2,0.00555556,2.61299,0.29161,2.32138,2.9046,3,0.00833333,9.17577,0.155433,9.04709,9.39445,30,0.0833333,14.7654,2.25841,11.0221,19.5766,50,0.138889,27.2792,5.60812,20.4971,40.5265,6,0.0166667,93.1131,6.85551,78.6188,99.6794,244,0.677778,136.273,16.013,104.371,167.906,13,0.0361111,33680.8,14752.2,14551,55674,12,0.0333333,39954,14289.9,11777,56794,2,0.00555556,13028,2356,10672,15384,3,0.00833333,18794.7,4968.51,11769,22403,30,0.0833333,28870.5,14580.1,6720,56754,50,0.138889,36024.4,14335.9,7049,59150,6,0.0166667,16593.3,5584.25,11623,28191,244,0.677778,28403.7,12979.6,3377,55408
11,16,1.02387e+06,598910,238,146,2.81039,166.078,101.481,33.5194,1129.01,0.330302,-0.888613,4.60424,0.604349,104.75,102.377,34.6737,4.47603,14.3394,66.2074,84.4747,87.0838,92.1212,98.663,102.377,107.459,119.675,121.758,123.065,150.31,151.627,164.699,23.5625,23.5161,23.6183,101.481,17.8134,-1.89949,4.10641,0.175534,-0.106633,0.230524,106.874,110.622,97.0788,86.9748,2.38,146,72,19,1,0,0,0,0,0,86.9748,141.781,47.8992,38.6555,78.0822,63.0137,5332,55651,29686.9,12878.9,1.66671e+08,0.433823,-0.0289662,2.07988,0.484011,5332.25,29706,19475.5,6137.4,8812.1,10954.8,17164.8,19913,22420.2,25925.6,29706,34271.2,37757,39388.5,41123.8,47030.2,50058.5,54819.2,10903.1,10903,24354.7,29686.9,7443.36,-71.1281,377.136,0.250728,-0.00955592,0.0506674,32360.2,34446.8,20,0.0840336,0.0434646,0.253696,-0.385686,0.441896,11,0.0462185,0.824512,0.349253,0.541701,1.56295,5,0.0210084,3.95857,0.817364,2.81039,4.80305,3,0.012605,5.64052,0.46227,5.05342,6.18312,3,0.012605,10.7675,0.60196,10.1004,11.5591,1,0.00420168,20.827,0,20.827,20.827,79,0.331933,84.9101,12.5875,52.2306,99.6471,116,0.487395,122.49,18.7676,100.485,166.078,20,0.0840336,33954.4,13971.4,11411,59233,11,0.0462185,33486.2,16131.1,9678,54102,5,0.0210084,18400.6,5452.93,10746,26219,3,0.012605,18012.3,1966.48,15437,20209,3,0.012605,31622,12251.2,22052,48915,1,0.00420168,16612,0,16612,16612,79,0.331933,27783.1,13001.7,5546,55163,116,0.487395,31834.6,12567,5332,55651
12,16,1.02388e+06,598910,123,100,3.00998,129.579,84.2825,28.8179,838.091,0.341921,-0.946661,4.49367,0.64212,77.25,85.2574,27.3982,4.34958,9.9819,52.3426,73.9619,75.4845,76.7734,77.3941,85.2574,92.4596,97.7222,102.883,103.324,127.454,128.185,129.501,20.7023,20.6913,21.1564,84.2825,15.2436,-1.74041,3.47876,0.180863,-0.114173,0.228211,89.073,92.2882,80.2426,89.4309,1.23,100,21,2,0,0,0,0,0,0,89.4309,110,45.5285,56.0976,56,69,4804,52574,30051.9,12857.2,1.66823e+08,0.427832,-0.140379,1.8785,0.52853,4804.25,31051,20693,6461,9921.85,11286.3,17379.2,19654,21035.3,26488.6,31051,35733.6,38639.6,40347,42878.4,45924.8,48744.8,52201.7,11119.2,11086,25247.6,30051.9,7468.67,-309.669,92.4194,0.248526,-0.0414624,0.0123743,32686.7,34689.9,6,0.0487805,0.124008,0.239915,-0.232059,0.454556,7,0.0569106,0.8595,0.23816,0.558228,1.233,5,0.0406504,4.31483,0.674602,3.00998,4.79659,1,0.00813008,5.59973,0,5.59973,5.59973,1,0.00813008,15.3379,0,15.3379,15.3379,2,0.0162602,36.3337,13.4678,22.8659,49.8016,69,0.560976,79.6485,10.9117,50.2784,97.9945,32,0.260163,114.379,12.2302,101.422,129.579,6,0.0487805,30944.7,13720.2,12965,50501,7,0.0569106,43979.7,4380.9,36923,50164,5,0.0406504,25439,8918.79,9962,37714,1,0.00813008,21158,0,21158,21158,1,0.00813008,9974,0,9974,9974,2,0.0162602,27546,16251,11295,43797,69,0.560976,30004.2,12822,8008,52574,32,0.260163,31937.5,12746.2,4804,52209
13,16,1.02389e+06,598910,157,106,17.855,99.647,79.7989,16.8486,286.183,0.211138,-1.50752,4.56617,0.757335,90.75,86.0742,15.3903,30.0913,42.8522,49.9067,72.5565,75.788,78.2386,83.9901,86.0742,88.6499,90.6674,91.1783,91.7939,94.035,94.8914,99.0417,12.6998,11.6515,12.4997,79.7989,8.56815,-3.11232,1.47478,0.107372,-0.363243,0.172123,81.5582,82.8599,61.2928,78.9809,1.57,106,43,7,1,0,0,0,0,0,78.9809,116.981,48.4076,22.293,71.6981,33.0189,3354,54773,30103.4,12383.5,1.54599e+08,0.411366,-0.293959,2.30833,0.520224,3354.25,31670,16694.2,6300.61,7586.45,11193.2,18281.8,22540.8,24769.7,28382.6,31670,35129.6,37975.2,39235,40420.6,44403.2,48667.6,53731.8,10198.6,10096.7,26749.2,30103.4,7100.89,-570.829,587.295,0.235883,-0.0803884,0.0827073,32551,34361.5,24,0.152866,0.0600026,0.211885,-0.35671,0.416017,9,0.0573248,0.721635,0.216956,0.524885,1.25082,0,0,0,0,0,0,0,0,0,0,0,0,1,0.00636943,17.855,0,17.855,17.855,12,0.0764331,42.7599,5.29823,26.519,49.0801,111,0.707006,84.3612,10.5068,51.8355,99.647,0,0,0,0,0,0,24,0.152866,41884.3,9351.32,18088,55073,9,0.0573248,44272.2,8200.04,29825,53766,0,0,0,0,0,0,0,0,0,0,0,0,1,0.00636943,14823,0,14823,14823,12,0.0764331,27796.1,14020.8,7559,54773,111,0.707006,30490.5,12133.9,3354,53893,0,0,0,0,0,0
14,16,1.0239e+06,598910,142,94,2.06499,91.4706,62.9112,27.5342,765.421,0.437667,-0.762353,2.02452,0.680564,83.25,79.2018,45.6536,2.57528,14.2428,16.4141,37.0251,37.7363,38.6602,72.5081,79.2018,81.4597,83.0744,83.3899,85.8717,88.6586,89.6459,90.9292,24.6228,21.9596,22.7226,62.9112,14.9211,-4.1695,-0.156116,0.237177,-0.279436,-0.0104627,68.6728,72.1869,60.1225,73.9437,1.42,94,42,5,1,0,0,0,0,0,73.9437,111.702,45.0704,20.4225,68.0851,30.8511,6332,52503,23431.2,12330.5,1.53503e+08,0.526242,0.58663,2.35272,0.370346,6332.25,21332,18277,6632.52,7897.2,9037.6,11433.2,12911,13404.8,18491.4,21332,24912.8,28772.8,31188,34737.8,42855,47473.4,51583,10268.1,10104.5,17099,23431.2,7022.72,1098.53,343.313,0.299716,0.156425,0.0488861,26477.6,29103.7,30,0.211268,0.0771264,0.239172,-0.418598,0.460031,7,0.0492958,0.745588,0.130888,0.529921,0.949197,2,0.0140845,2.11155,0.0465578,2.06499,2.15811,0,0,0,0,0,0,12,0.084507,15.4449,1.92037,12.5874,19.6842,19,0.133803,33.6733,6.57411,21.0686,39.4453,72,0.507042,80.2266,9.48608,52.7838,91.4706,0,0,0,0,0,0,30,0.211268,37957.1,14106,7847,57911,7,0.0492958,43212.4,15085.7,6464,51297,2,0.0140845,35842.5,15848.5,19994,51691,0,0,0,0,0,0,12,0.084507,18970.7,8127.68,8581,33727,19,0.133803,15896,6578.8,7556,29930,72,0.507042,25818.4,12807.9,6332,52503,0,0,0,0,0,0
15,16,1.02391e+06,598910,95,36,2.81668,72.6643,18.2403,14.8064,224.712,0.811743,1.87791,6.51491,0.220818,4.75,12.0072,18.7469,3.28219,4.52017,4.96765,8.72001,9.03906,10.1684,11.3885,12.0072,14.5093,19.1352,27.786,27.9926,33.8433,54.3101,65.6843,10.9228,9.67024,13.6412,18.2403,7.39419,2.88775,1.73657,0.405376,0.390543,0.234856,23.4934,28.9093,14.7601,43.1579,0.95,36,37,17,5,0,0,0,0,0,43.1579,113.889,14.7368,38.9474,38.8889,102.778,5997,29639,13333.9,5443,3.03669e+07,0.408209,0.920097,3.49837,0.310331,5997.25,13278,6867,6007,7074,7593,8331,8754,9412,11071,13278,13395,14480,15621,18352,19779,24202,27683.4,4237.8,4236.44,7336.62,13333.9,3056.85,597.917,348.705,0.229255,0.195599,0.114073,14402,15472.5,23,0.242105,0.3399,0.143788,0.0394638,0.497115,31,0.326316,0.850524,0.256977,0.511611,1.56647,5,0.0526316,4.17506,0.74871,2.81668,4.96765,7,0.0736842,8.65143,0.472777,8.05469,9.49174,17,0.178947,13.2162,2.78938,10.1684,19.1352,9,0.0947368,28.8393,4.06599,20.4246,35.9089,3,0.0315789,60.7296,8.44719,54.3101,72.6643,0,0,0,0,0,0,23,0.242105,40461.7,14127.6,8484,57240,31,0.326316,37929.5,13884.6,5482,55049,5,0.0526316,16820.8,4292.13,13043,24202,7,0.0736842,13942.3,3192.18,9981,21149,17,0.178947,12714.4,6080.86,7074,29639,9,0.0947368,13108.9,5661.07,6022,24750,3,0.0315789,10287.7,3463.87,5997,14480,0,0,0,0,0,0
16,16,1.02392e+06,598910,116,80,8.52139,78.6383,33.4709,20.88,443.758,0.623825,1.01435,2.74201,0.355826,13.75,30.5385,25.4989,8.69708,13.1529,13.8154,16.4578,17.3762,18.4256,20.6831,30.5385,32.0847,34.6839,42.8751,48.491,73.6768,74.8209,77.535,16.4687,15.9103,20.1393,33.4709,11.2954,3.24794,0.953065,0.337468,0.287546,0.0843767,39.4496,44.8982,24.092,49.1379,1.16,80,27,7,2,0,0,0,0,0,49.1379,71.25,16.3793,43.9655,23.75,63.75,6005,42830,17873.6,10010.2,1.01993e+08,0.560053,0.965423,2.96444,0.322298,6005.25,14085,11966,6012.84,6735.6,7227.4,9809.8,10408,11404.6,12670.4,14085,18025,19915.4,22374,27424.8,32578,39362.2,42746.6,8138.79,7719.44,11868.4,17873.6,5536.52,1429.27,549.535,0.309759,0.258153,0.0992563,20485.9,22926.9,47,0.405172,-0.0171441,0.187176,-0.364549,0.470844,12,0.103448,1.03073,0.464091,0.501668,1.79669,0,0,0,0,0,0,2,0.0172414,8.67826,0.15686,8.52139,8.83511,19,0.163793,16.2941,2.25184,12.5287,19.9631,26,0.224138,32.5257,8.16996,20.148,49.327,10,0.0862069,73.5226,3.44774,67.1918,78.6383,0,0,0,0,0,0,47,0.405172,42598,10550.2,6875,56629,12,0.103448,41225.5,9105.17,29565,56716,0,0,0,0,0,0,2,0.0172414,11080,4226,6854,15306,19,0.163793,15173.7,5610.94,6865,28580,26,0.224138,22735.1,11957.4,6005,42830,10,0.0862069,11722.4,3696.17,7183,19362,0,0,0,0,0,0
17,16,1.02393e+06,598910,138,70,6.39325,84.3455,52.1349,20.3327,416.699,0.390001,-0.190622,2.02279,0.586791,20.25,52.1276,29.9065,13.5057,18.891,22.6707,33.0163,37.3561,40.9679,46.1675,52.1276,59.9735,64.1804,67.2626,75.5201,79.8054,81.7455,83.378,17.3463,17.3462,32.5994,52.1349,11.7641,-0.586388,0.34849,0.225648,-0.0498454,0.0296231,55.9595,58.941,44.9708,92.029,1.38,70,47,20,1,0,0,0,0,0,92.029,181.429,45.6522,85.5072,90,168.571,4082,47748,16225.1,8702.28,7.63307e+07,0.536345,1.0448,3.76071,0.278091,21820.2,14266,11623,5234.12,6511.1,7004,8705.8,9587.5,10182.4,12012,14266,17307.6,19392.4,21210.5,22150.4,29498.6,32585.5,40471.3,7020.25,6826.01,8980.55,16225.1,4774.45,1089.33,477.224,0.294262,0.228158,0.0999538,18411.5,20524.5,9,0.0652174,3.30487e-05,0.225806,-0.288826,0.298744,2,0.0144928,0.760277,0.132111,0.628165,0.892388,0,0,0,0,0,0,1,0.00724638,6.39325,0,6.39325,6.39325,7,0.0507246,15.7735,2.29126,13.3765,19.9539,51,0.369565,36.526,8.76329,20.0741,49.5896,68,0.492754,68.2573,10.2199,50.131,84.3455,0,0,0,0,0,0,9,0.0652174,25184.4,11998.9,5751,46391,2,0.0144928,27747.5,1546.5,26201,29294,0,0,0,0,0,0,1,0.00724638,14266,0,14266,14266,7,0.0507246,17605.7,4794.62,8483,22437,51,0.369565,17979.4,9981.44,4082,47748,68,0.492754,14796.1,7729.5,5153,35868,0,0,0,0,0,0
18,16,1.02394e+06,598910,108,63,31.4076,84.3826,67.908,10.5369,112.064,0.155164,-0.669438,3.20515,0.689012,57.25,69.9967,17.4034,41.5025,50.7386,55.947,57.2447,59.3369,61.897,66.9733,69.9967,72.1843,74.9314,76.7403,78.1055,79.7626,81.2851,83.988,8.70188,8.63527,12.5768,67.908,5.94826,-0.738487,0.353786,0.0875928,-0.124152,0.0594773,68.7206,69.451,35.9823,100,1.08,63,32,11,2,0,0,0,0,0,100,171.429,56.4815,79.6296,96.8254,136.508,3514,35951,17697.7,8567.14,7.40818e+07,0.484082,0.275376,1.81513,0.437269,3514.25,16604.5,15999.5,4796.12,6612.15,7059.3,9252.2,9715,10287.7,13131.2,16604.5,20747,23387.6,25714.5,26333.6,29435.8,31159.2,35523.1,7577.24,7529.69,14183.5,17697.7,4944.44,424.145,-94.9332,0.279383,0.0857823,-0.0192,19662.3,21262.8,0,0,0,0,0,0,0,0,0,0,0,0,0,0,0,0,0,0,0,0,0,0,0,0,0,0,0,0,0,0,6,0.0555556,43.7463,6.53003,31.4076,49.9774,102,0.944444,69.3293,8.87063,52.1524,84.3826,0,0,0,0,0,0,0,0,0,0,0,0,0,0,0,0,0,0,0,0,0,0,0,0,0,0,0,0,0,0,0,0,0,0,0,0,6,0.0555556,9339.17,3838.78,5555,17079,102,0.944444,18189.4,8514.4,3514,35951,0,0,0,0,0,0
19,16,1.02395e+06,598910,179,91,6.5158,112.451,67.7004,28.32,806.911,0.418313,-0.303357,1.93907,0.577569,90.75,73.8557,46.9088,9.26184,21.0287,26.1414,40.2202,44.485,46.9491,60.1434,73.8557,80.4976,90.7493,91.3938,93.0419,100.876,109.019,111.404,24.6803,24.297,28.208,67.7004,16.3072,-1.43962,0.170521,0.240873,-0.0882809,0.0104568,73.3851,77.545,59.9719,92.1788,1.79,91,61,26,0,1,0,0,0,0,92.1788,181.319,51.3966,27.933,101.099,54.9451,4881,51490,20874.4,11985.8,1.44535e+08,0.574184,0.980021,3.13309,0.34314,19742.2,18306,15371,5558.64,7472.6,8404.4,10293.4,11161,12307.6,15857.6,18306,20255,24848,26532,29288.2,40679.6,46930.8,51247.7,9473.37,9157.53,9257.18,20874.4,6566.1,1556.2,715.358,0.314552,0.237005,0.108947,24070.7,27044.1,10,0.0558659,0.196885,0.233491,-0.203095,0.494723,4,0.0223464,0.745534,0.0944826,0.598595,0.849708,0,0,0,0,0,0,4,0.0223464,8.64164,1.25557,6.5158,9.66877,2,0.0111732,17.0104,1.60769,15.4027,18.6181,45,0.251397,35.0154,8.99223,20.1353,47.3884,88,0.49162,77.3078,13.9639,50.6571,99.9521,26,0.145251,104.739,4.68048,100.136,112.451,10,0.0558659,26991.5,14938,4732,47309,4,0.0223464,23268.8,16317.2,9056,49802,0,0,0,0,0,0,4,0.0223464,20628.2,10302.2,12135,37728,2,0.0111732,13793.5,5334.5,8459,19128,45,0.251397,16905.4,8108.04,6149,40784,88,0.49162,19757.2,11443.7,4881,51117,26,0.145251,32107.8,13213.3,5078,51490
0,17,1.02376e+06,598900,242,124,23.32,142.244,102.421,21.7335,474.312,0.212198,-0.93469,4.09548,0.665137,106.75,107.038,27.9562,34.8909,64.5,73.8371,85.5707,87.5194,96.7,102.992,107.038,111.487,114.122,115.476,117.702,127.016,133.847,139.726,17.0036,16.2156,16.2263,102.421,11.8447,-2.01665,1.94395,0.115648,-0.170257,0.164119,104.701,106.558,77.9868,99.5868,2.42,124,88,24,6,0,0,0,0,0,99.5868,194.355,59.9174,53.3058,116.935,104.032,3029,56966,31200.2,14100.8,1.9966e+08,0.451945,-0.149345,1.92958,0.522299,3029.25,32896,24093,5208.6,8246,10658,17033,18999,22810,27745,32896,36538,41365,43092,44609,49233,52705,55553.2,12107.4,12080.4,28171,31200.2,8152.53,-344.661,182.998,0.261297,-0.0422765,0.0224467,34238.7,36484.2,1,0.00413223,0.0214545,0,0.0214545,0.0214545,0,0,0,0,0,0,0,0,0,0,0,0,0,0,0,0,0,0,0,0,0,0,0,0,6,0.0247934,35.4534,9.22172,23.32,46.5352,88,0.363636,83.7041,12.5031,51.21,99.0476,147,0.607438,116.358,9.50359,102.355,142.244,1,0.00413223,21289,0,21289,21289,0,0,0,0,0,0,0,0,0,0,0,0,0,0,0,0,0,0,0,0,0,0,0,0,6,0.0247934,14731.7,6020.57,5840,23933,88,0.363636,29888.2,14489.1,5175,56966,147,0.607438,32657.8,13586.6,3029,56964
1,17,1.02377e+06,598900,177,104,20.621,135.166,104.338,20.2811,413.741,0.194379,-1.73536,7.91798,0.730864,99.75,104.543,20.6382,24.8047,76.6966,86.0183,94.405,96.3116,98.6192,99.7592,104.543,113.738,115.736,116.95,119.4,128.612,130.166,134.762,14.372,14.3672,14.8984,104.338,10.324,-1.80285,2.09467,0.0989482,-0.174627,0.202894,106.29,107.725,82.9679,96.6102,1.77,104,47,23,3,0,0,0,0,0,96.6102,164.423,49.7175,58.1921,84.6154,99.0385,4141,61440,31291.9,14387.4,2.08215e+08,0.459781,-0.0331448,1.90591,0.473845,28171.2,32089,24200.5,6985.7,9127,11156,15719,19111.5,21831,27409,32089,37043,40912,43312,45133,50469,53406.5,57667.9,12348.3,12334.5,12596.9,31291.9,8338.07,-97.4636,142.78,0.266461,-0.011689,0.0171238,34440.9,36833.9,6,0.0338983,-0.0190202,0.0815624,-0.160486,0.111571,0,0,0,0,0,0,0,0,0,0,0,0,0,0,0,0,0,0,0,0,0,0,0,0,6,0.0338983,28.0013,6.1496,20.621,36.424,65,0.367232,92.8149,7.32889,72.7886,99.9866,100,0.564972,116.407,9.19575,100.207,135.166,6,0.0338983,21493.5,11808.8,8252,42378,0,0,0,0,0,0,0,0,0,0,0,0,0,0,0,0,0,0,0,0,0,0,0,0,6,0.0338983,22937.3,7977.39,11156,35508,65,0.367232,29632.6,15097.2,4141,61440,100,0.564972,32871.6,13911.2,6257,55193
2,17,1.02378e+06,598900,189,110,23.4814,132.139,106.162,13.8146,191.934,0.130128,-1.51409,9.87915,0.760925,110.25,107.207,14.9808,62.3156,86.5016,89.2438,96.0654,99.1638,101.441,104.96,107.207,110.017,113.583,114.145,115.327,123.087,127.225,131.475,9.89683,9.83721,10.1446,106.162,7.23233,-0.80178,1.43804,0.0681257,-0.11086,0.198835,107.057,107.815,81.2716,93.1217,1.89,110,64,15,0,0,0,0,0,0,93.1217,160,51.8519,35.4497,89.0909,60.9091,3777,56074,30581.3,12429.6,1.55379e+08,0.406445,-0.200485,2.12147,0.512541,12751.2,31094,18129,6044.75,9756.75,12751,18143,21805.5,24649.5,27589,31094,35706,38938,39934.5,41869,46301,49008.5,52885.5,10490.3,10484.4,18569.2,30581.3,7167.25,-389.922,370.855,0.234367,-0.0544033,0.051743,33010.8,34867.3,6,0.031746,-0.00683672,0.348902,-0.607619,0.496669,7,0.037037,0.77447,0.253555,0.51644,1.23245,0,0,0,0,0,0,0,0,0,0,0,0,0,0,0,0,0,0,1,0.00529101,23.4814,0,23.4814,23.4814,47,0.248677,91.1419,8.36252,58.1513,99.9656,128,0.677249,112.323,7.90781,100.032,132.139,6,0.031746,25919.8,10302,15078,45986,7,0.037037,32792.4,10822.4,14326,46610,0,0,0,0,0,0,0,0,0,0,0,0,0,0,0,0,0,0,1,0.00529101,13252,0,13252,13252,47,0.248677,22924.1,11442.7,3777,47807,128,0.677249,33528.4,11480.1,6655,56074
3,17,1.02379e+06,598900,269,143,4.5926,153.074,107.423,33.4259,1121.74,0.31116,-0.985821,3.36311,0.692551,117.25,117.069,48.0727,17.8124,33.3026,58.8071,80.7104,87.1056,93.7764,102.116,117.069,127.799,130.516,135.178,136.995,141.607,144.408,149.881,27.7253,26.4016,26.4044,107.423,18.2779,-4.24008,1.56032,0.170148,-0.231978,0.0853668,112.504,116.05,100.844,93.6803,2.69,143,100,23,3,0,0,0,0,0,93.6803,176.224,55.0186,45.3532,103.497,85.3147,4531,58458,29093,13372.2,1.79529e+08,0.459638,0.0181941,1.84932,0.455467,4531.25,29786.5,22536.2,5730.01,8935.25,10935,15380.2,17272.8,19138.1,24132.6,29786.5,34573.2,38093.8,39809,42022,47124.3,50148.8,52560.2,11621,11612.8,24561.7,29093,7739.34,25.2651,42.0608,0.266021,0.0032645,0.00543467,32019,34277.7,16,0.0594796,-0.0460094,0.240669,-0.362169,0.468644,1,0.00371747,1.12346,0,1.12346,1.12346,1,0.00371747,4.5926,0,4.5926,4.5926,1,0.00371747,5.25442,0,5.25442,5.25442,4,0.0148699,18.5546,0.829732,17.3713,19.5549,9,0.0334572,29.6919,8.64481,20.7237,49.9071,84,0.312268,81.095,14.1674,50.4299,99.7329,153,0.568773,130.114,11.4437,101.209,153.074,16,0.0594796,37864.4,11263.9,7823,46840,1,0.00371747,14179,0,14179,14179,1,0.00371747,7948,0,7948,7948,1,0.00371747,20984,0,20984,20984,4,0.0148699,19149.5,4240.47,14753,24603,9,0.0334572,20076.2,11613.4,8355,49323,84,0.312268,29446.3,14096.7,6369,58458,153,0.568773,29880.6,12868.9,4531,52675
4,17,1.0238e+06,598900,198,105,16.0264,151.53,124.434,24.4988,603.452,0.196882,-2.23465,8.55647,0.800032,133.25,129.892,20.2641,34.2893,59.5833,99.2126,117.126,118.237,122.944,127.059,129.892,133.331,136.028,138.501,141.252,147.548,148.51,151.048,16.1732,15.0976,15.4254,124.434,11.6349,-3.99252,3.24943,0.0935028,-0.34315,0.279283,126.822,128.421,106.538,93.4343,1.98,105,65,27,1,0,0,0,0,0,93.4343,176.19,61.1111,38.8889,115.238,73.3333,4104,54732,29078.2,13660,1.87609e+08,0.469767,-0.0949109,1.81183,0.493289,17868.2,30322,24882,4570.64,7352.2,10047.8,14292.6,16806,20143.4,25013,30322,34988,38847.4,41688,42988.6,46460.8,48952.6,52970.4,11928.1,11895,14706.1,29078.2,7915.09,-232.234,-2.38806,0.2722,-0.0293407,-0.00030171,32126.9,34376,12,0.0606061,-0.0509327,0.233139,-0.383246,0.364271,1,0.00505051,0.77435,0,0.77435,0.77435,0,0,0,0,0,0,0,0,0,0,0,0,1,0.00505051,16.0264,0,16.0264,16.0264,6,0.030303,39.5274,7.07162,34.0921,49.6899,12,0.0606061,82.0908,18.0973,50.2769,97.0714,166,0.838384,131.217,11.68,102.424,151.53,12,0.0606061,35508.5,10314.3,14593,52501,1,0.00505051,10098,0,10098,10098,0,0,0,0,0,0,0,0,0,0,0,0,1,0.00505051,15669,0,15669,15669,6,0.030303,35844.3,12445.8,12666,46817,12,0.0606061,18998.9,8529.48,6696,34725,166,0.838384,29643.1,13663.6,4104,54732
5,17,1.02381e+06,598900,171,90,72.4916,155.122,133.002,17.2664,299.993,0.129821,-1.26205,4.32256,0.732295,140.75,138.137,23.4393,73.7848,96.0625,106.626,120.697,121.906,131.055,135.666,138.137,140.679,144.217,145.345,146.842,150.462,151.842,154.083,13.5363,12.6291,12.8519,133.002,9.21029,-2.5101,1.28169,0.0692495,-0.272532,0.139158,134.118,135.088,59.4745,94.152,1.71,90,57,19,4,1,0,0,0,0,94.152,178.889,60.2339,36.8421,114.444,70,1763,49811,26266.6,12082.3,1.46894e+08,0.459985,0.00609597,2.07118,0.509983,1763.25,26635,19496,3943.8,6423,10178,14622,16340,18672,22464,26635,29310,34055,35836,37711,42688,46962,48287,10094.1,10090,24503.4,26266.6,6994.35,9.31439,346.466,0.266283,0.0013317,0.0495351,28912.2,30946.3,8,0.0467836,0.150449,0.162179,-0.0369802,0.47941,2,0.0116959,0.725415,0.0185657,0.70685,0.743981,0,0,0,0,0,0,0,0,0,0,0,0,0,0,0,0,0,0,0,0,0,0,0,0,9,0.0526316,88.2364,10.5703,72.4916,96.0625,152,0.888889,135.652,13.5458,102.72,155.122,8,0.0467836,23044.4,10703.3,7793,42988,2,0.0116959,16816,6890,9926,23706,0,0,0,0,0,0,0,0,0,0,0,0,0,0,0,0,0,0,0,0,0,0,0,0,9,0.0526316,18808.6,10996.5,5490,41788,152,0.888889,26708.2,11999,1763,49811
6,17,1.02382e+06,598900,156,95,38.7567,160.977,141.146,15.5052,242.015,0.109853,-3.20308,20.0159,0.837745,132.75,143.564,16.0232,84.0076,117.14,125.985,132.58,133.978,137.484,141.577,143.564,146.692,149.18,150.001,152.859,155.337,157.118,160.504,10.2071,9.89232,13.5428,141.146,7.28798,-1.82284,1.51641,0.0516343,-0.250116,0.20807,141.995,142.634,100.639,96.7949,1.56,95,48,12,1,0,0,0,0,0,96.7949,158.947,59.6154,75.641,97.8947,124.211,2944,48627,26207.9,11108.9,1.24229e+08,0.423875,-0.0976001,2.11248,0.509246,15760.2,26260,17491.5,5338,7859,10044,15760,17011,20051,23942,26260,29993,33011,34502.5,37135,40846,42567.5,47668.5,9271.92,9271.58,12726.6,26207.9,6420.82,-187.854,340.937,0.244996,-0.0292571,0.0530986,28465.1,30209.6,3,0.0192308,0.0350673,0.0952836,-0.0487487,0.168351,2,0.0128205,0.871146,0.0644012,0.806745,0.935547,0,0,0,0,0,0,0,0,0,0,0,0,0,0,0,0,0,0,1,0.00641026,38.7567,0,38.7567,38.7567,1,0.00641026,53.4292,0,53.4292,53.4292,149,0.955128,142.422,10.955,114.586,160.977,3,0.0192308,32920.7,13081.6,16659,48691,2,0.0128205,12494.5,2733.5,9761,15228,0,0,0,0,0,0,0,0,0,0,0,0,0,0,0,0,0,0,1,0.00641026,17422,0,17422,17422,1,0.00641026,33646,0,33646,33646,149,0.955128,26216.9,11143.3,2944,48627
7,17,1.02383e+06,598900,148,87,24.7439,155.712,130.055,22.6309,515.667,0.17401,-2.30494,9.4265,0.804098,132.75,133.105,18.011,37.6714,85.177,103.868,124.191,125.7,127.79,132.217,133.105,138.324,142.75,143.711,145.442,151.452,151.935,153.117,14.7133,14.0366,14.0546,130.055,10.7643,-3.5823,2.9497,0.0827669,-0.332796,0.274027,132.009,133.381,103.734,99.3243,1.48,87,43,16,2,0,0,0,0,0,99.3243,168.966,65.5405,56.0811,111.494,95.4023,2822,56562,28570.8,14767.6,2.19576e+08,0.516878,0.0832866,1.88172,0.479136,2822.25,27616,25739.5,3686.22,6127.6,9260,13033.8,15679,18275.8,23707.4,27616,32712.4,38513.8,41418.5,43106.6,50018.2,52720.3,54611.8,12586.4,12559.2,25748.5,28570.8,8571.68,200.076,130.513,0.300016,0.0233415,0.0152261,32161.6,34838,0,0,0,0,0,0,1,0.00675676,0.621835,0,0.621835,0.621835,0,0,0,0,0,0,0,0,0,0,0,0,0,0,0,0,0,0,3,0.0202703,33.389,6.12678,24.7439,38.2137,9,0.0608108,79.5024,12.5379,51.4654,88.7549,135,0.912162,135.573,11.7429,102.011,155.712,0,0,0,0,0,0,1,0.00675676,27822,0,27822,27822,0,0,0,0,0,0,0,0,0,0,0,0,0,0,0,0,0,0,3,0.0202703,13270,2108.27,11270,16185,9,0.0608108,18003.7,8904.46,5049,36224,135,0.912162,29615.3,14776.5,2822,56562
8,17,1.02384e+06,598900,222,115,12.1916,167.591,140.459,33.4895,1126.72,0.238429,-2.3592,7.74033,0.825406,159.75,151.194,20.005,23.1959,48.1977,92.2801,134.071,139.657,142.658,147.985,151.194,154.787,158.109,159.662,160.129,162.892,163.79,166.169,21.5244,18.4488,20.5203,140.459,14.5388,-7.32111,4.66705,0.103509,-0.503557,0.321007,144.397,146.668,125.502,98.1982,2.22,115,76,25,5,1,0,0,0,0,98.1982,189.565,72.0721,23.8739,139.13,46.087,4485,54153,29330,13805.3,1.91465e+08,0.47069,-0.030173,1.74325,0.500221,4485.25,30013,24121.2,6000.61,8158.05,10343.9,14651,17536.2,19587.5,23751.8,30013,35497.2,39232.4,41657.5,43095.4,47324.5,50021.1,53267.3,12186.5,12169.7,24844.7,29330,7996.62,-76.3821,-97.444,0.272643,-0.00955179,-0.0121856,32416.6,34738.6,4,0.018018,0.112736,0.216314,-0.0356207,0.485873,0,0,0,0,0,0,0,0,0,0,0,0,0,0,0,0,0,0,2,0.00900901,12.5887,0.397141,12.1916,12.9859,10,0.045045,35.0028,7.94877,22.0937,48.8519,12,0.0540541,73.7356,13.4717,56.3457,98.6203,194,0.873874,151.341,10.498,115.216,167.591,4,0.018018,20814.2,12045.6,8904,36425,0,0,0,0,0,0,0,0,0,0,0,0,0,0,0,0,0,0,2,0.00900901,18092,1536,16556,19628,10,0.045045,21912.4,10347.2,7561,46292,12,0.0540541,18156.4,8901.75,6715,37111,194,0.873874,30519.3,13800.2,4485,54153
9,17,1.02385e+06,598900,231,113,5.63829,158.164,122.695,24.3289,594.676,0.198289,-2.01133,8.54533,0.767452,121.25,125.692,16.1368,41.17,69.6398,102.985,111.441,118.59,120.989,122.224,125.692,129.318,133.801,134.726,142.502,147.619,149.293,155.802,15.7802,15.6004,16.1455,122.695,11.9067,-2.97891,3.30883,0.097043,-0.250188,0.277898,125.083,126.742,115.605,92.6407,2.31,113,89,24,5,0,0,0,0,0,92.6407,189.381,54.5455,62.7706,111.504,128.319,4926,58281,31479.1,14197.7,2.0252e+08,0.451018,-0.0769795,2.03972,0.497669,4926.25,31968.5,22278.8,6415.48,8352.5,10327.2,17014.2,20653.5,24168.2,28394.6,31968.5,35102,40263,42932.2,44878.6,50981.6,54280.2,57414,11818.9,11805.4,26552.9,31479.1,8201.86,-173.482,388.281,0.260549,-0.0211516,0.0473406,34532.7,36842.7,15,0.0649351,-0.0315789,0.159117,-0.34209,0.240473,2,0.00865801,0.716824,0.000265628,0.716558,0.717089,0,0,0,0,0,0,1,0.004329,5.63829,0,5.63829,5.63829,1,0.004329,13.3502,0,13.3502,13.3502,5,0.021645,42.6098,1.16793,41.0749,44.048,13,0.0562771,77.7066,12.5688,57.1901,91.3916,194,0.839827,128.94,13.0425,102.207,158.164,15,0.0649351,23040.5,7829.82,10015,35098,2,0.00865801,9734.5,1203.5,8531,10938,0,0,0,0,0,0,1,0.004329,10651,0,10651,10651,1,0.004329,17013,0,17013,17013,5,0.021645,28221.2,17033.6,11793,53074,13,0.0562771,32031.4,14076.1,7671,52255,194,0.839827,31708,14069,4926,58281
10,17,1.02386e+06,598900,166,95,4.27425,145.857,118.427,25.8667,673.517,0.218419,-2.21135,7.98787,0.806262,126.75,126.069,19.1508,22.2386,59.5085,81.0844,113.124,115.393,119.617,122.352,126.069,129.517,132.716,134.544,135.136,136.514,140.728,145.513,17.2335,15.4911,15.5109,118.427,12.0207,-5.04684,3.51428,0.101503,-0.419845,0.292351,121.219,122.989,112.332,91.5663,1.66,95,52,14,4,1,0,0,0,0,91.5663,160,65.0602,42.1687,113.684,73.6842,3656,54043,26239.6,12031.7,1.45722e+08,0.458534,0.065052,2.11712,0.448203,6287.25,26767,18510,4777.45,7832.45,10021.9,14124.8,16275.5,18308.6,22906.6,26767,31238,33586.7,34785.5,36636.4,41743.7,44660.2,50535.9,10212.6,10205.7,20030.1,26239.6,6952.35,49.4548,315.317,0.264956,0.00711339,0.0453541,28866.6,30925,11,0.0662651,0.0608365,0.175613,-0.257987,0.406142,3,0.0180723,1.06087,0.439253,0.514183,1.58968,1,0.0060241,4.27425,0,4.27425,4.27425,1,0.0060241,9.78806,0,9.78806,9.78806,0,0,0,0,0,0,3,0.0180723,38.6261,4.47936,34.2009,44.7643,16,0.0963855,72.8428,12.9895,53.3174,92.1155,131,0.789157,127.523,9.12981,102.642,145.857,11,0.0662651,41916.7,16414.2,11790,57557,3,0.0180723,27056.7,19083.2,12982,54036,1,0.0060241,50973,0,50973,50973,1,0.0060241,49815,0,49815,49815,0,0,0,0,0,0,3,0.0180723,19697.7,6669.13,10982,27177,16,0.0963855,17439.1,13115.4,3656,44674,131,0.789157,27095.5,11218.6,4117,54043
11,17,1.02387e+06,598900,212,127,2.12178,142.86,106.907,31.0533,969.278,0.290471,-1.59744,5.04031,0.744537,120.25,116.372,25.6398,5.1325,34.7706,59.8016,95.6431,101.93,104.781,108.581,116.372,120.405,124.635,127.57,129.729,136.139,137.531,141.575,22.3821,20.9208,21.2814,106.907,15.7115,-5.28442,3.34679,0.146965,-0.336341,0.213015,111.325,114.045,103.424,91.9811,2.12,127,74,11,0,0,0,0,0,0,91.9811,153.543,55.6604,38.6792,92.9134,64.5669,3009,54166,28105.1,13040.8,1.7094e+08,0.464003,-0.0271765,1.83453,0.490569,3009.25,29213,22249.5,5944.66,7886.8,10946.6,14621.4,16788,19389.4,23077.4,29213,33329.4,37077.8,39037.5,40658.8,45901,47099.4,51070.2,11397.4,11387.8,25095.8,28105.1,7557.23,-67.4045,31.3115,0.268892,-0.0089192,0.00414325,30983.2,33165,7,0.0330189,0.242931,0.167168,0.0265392,0.494609,10,0.0471698,1.17642,0.319023,0.70627,1.59509,2,0.00943396,2.76181,0.640027,2.12178,3.40184,1,0.00471698,5.24296,0,5.24296,5.24296,2,0.00943396,13.0231,2.53593,10.4872,15.559,12,0.0566038,35.2282,7.07553,20.7241,49.9289,26,0.122642,78.5884,14.6389,54.4958,99.458,152,0.716981,120.684,11.7098,100.041,142.86,7,0.0330189,36913.4,12190,19643,51838,10,0.0471698,38308.5,17968.5,8954,59940,2,0.00943396,27470.5,6663.5,20807,34134,1,0.00471698,24109,0,24109,24109,2,0.00943396,30096.5,20608.5,9488,50705,12,0.0566038,27616.4,11165.5,8432,46542,26,0.122642,19787.5,11274.2,6203,50532,152,0.716981,29574.8,12893.5,3009,54166
12,17,1.02388e+06,598900,43,24,3.26789,122.378,91.1316,38.5125,1534.36,0.422603,-1.28295,3.20544,0.737669,116.75,115.403,38.3172,4.48709,7.88355,19.9716,77.9731,78.213,78.6816,106.669,115.403,115.816,116.401,116.53,116.648,117.674,122.16,122.329,31.3442,26.3418,26.759,91.1316,19.5091,-8.75286,2.29367,0.214076,-0.448656,0.117569,98.9353,102.885,88.2629,69.7674,0.43,24,12,6,1,0,0,0,0,0,69.7674,125,44.186,11.6279,79.1667,20.8333,5432,56528,28237.1,15809.1,2.58546e+08,0.559871,-0.00511181,1.6722,0.446318,5432.25,30279.5,29406.5,5585.7,6445.3,7392.4,10760.6,11454,12933.2,23242.2,30279.5,35086.8,39132.3,40860.5,43172.2,46932.8,51898.1,55270.6,13988.5,13899.8,22804.8,28237.1,9348.98,50.5642,-382.977,0.331089,0.00540852,-0.0409645,32361.4,35213.9,9,0.209302,0.158879,0.13627,-0.0173842,0.375744,4,0.0930233,0.676362,0.157801,0.514025,0.919744,1,0.0232558,3.26789,0,3.26789,3.26789,2,0.0465116,7.92928,0.45725,7.47203,8.38653,0,0,0,0,0,0,2,0.0465116,21.3891,0.130296,21.2588,21.5194,7,0.162791,80.67,5.58226,77.9217,94.3094,18,0.418605,117.075,2.39196,114.909,122.378,9,0.209302,19296.6,8658.6,8667,35322,4,0.0930233,25556.2,15274,7855,48746,1,0.0232558,28899,0,28899,28899,2,0.0465116,7234,198,7036,7432,0,0,0,0,0,0,2,0.0465116,10233.5,1631.5,8602,11865,7,0.162791,22641.6,11931.3,5432,38688,18,0.418605,34710.4,14891.4,5962,56528
13,17,1.02389e+06,598900,86,33,10.1664,79.522,35.7693,27.5327,795.953,0.769731,0.710582,1.63083,0.369153,67.25,19.4671,49.6519,10.2931,10.7996,10.9768,13.2103,17.7017,18.0719,18.6244,19.4671,21.415,67.2497,67.3536,67.4072,79.2283,79.3598,79.4896,25.5814,20.5547,36.075,35.7693,14.7825,4.47635,-0.861401,0.413275,0.302814,-0.0582715,45.1386,52.1637,25.304,24.4186,0.86,33,40,11,2,0,0,0,0,0,24.4186,63.6364,8.13953,6.97674,21.2121,18.1818,7624,50918,19932.8,13030.5,1.78284e+08,0.653721,1.27037,3.2772,0.284308,7624.25,14771,10606,7846.6,8737,8849,9991,10585,11239,13223,14771,17279,18827,21191,28452,39808,48681,50470.6,10288.4,9122.1,12308.6,19932.8,6975.01,2777.42,1105.14,0.349926,0.398195,0.158443,23814.1,27538.2,56,0.651163,-0.0251052,0.235289,-0.374307,0.497377,9,0.104651,0.624498,0.117023,0.512268,0.845435,0,0,0,0,0,0,0,0,0,0,0,0,12,0.139535,15.7524,3.62044,10.1664,19.5427,2,0.0232558,21.568,0.152954,21.415,21.7209,7,0.0813953,74.1414,5.89589,67.2497,79.522,0,0,0,0,0,0,56,0.651163,33535.9,13875.5,3347,57357,9,0.104651,33744.3,16983.1,7434,59305,0,0,0,0,0,0,0,0,0,0,0,0,12,0.139535,15213,5790.67,7624,28452,2,0.0232558,13841,930,12911,14771,7,0.0813953,29764.4,17498.6,9139,50918,0,0,0,0,0,0
14,17,1.0239e+06,598900,161,89,7.78487,106.132,61.3434,29.4225,876.642,0.479636,-0.400795,1.94902,0.544586,69.25,68.9263,44.6487,7.83743,14.0127,15.8663,19.5744,41.2915,41.7146,66.4465,68.9263,69.2512,85.3923,85.9402,86.1143,98.1787,98.9078,105.909,24.8864,23.4258,23.4657,61.3434,16.7365,-1.92721,0.434857,0.272833,-0.115151,0.0259825,68.0345,72.4277,52.5642,49.6894,1.61,89,56,15,1,0,0,0,0,0,49.6894,89.8876,30.4348,19.8758,55.0562,35.9551,5534,57111,26397.9,14350.2,2.08534e+08,0.543611,0.132766,1.68259,0.404519,5534.25,24319.5,27249.5,6413.27,7443.05,7897.2,10682.6,11204.5,14418.7,20566.6,24319.5,34646.8,36692.8,38454,41150.2,44770.1,48836.6,51310,12871.6,12807.5,20863.6,26397.9,8317.68,360.352,-366.085,0.315089,0.0433236,-0.0440129,30046.2,32740.5,52,0.322981,0.132742,0.219535,-0.2477,0.490878,29,0.180124,0.787716,0.157103,0.515061,1.09193,0,0,0,0,0,0,3,0.0186335,8.1202,0.428044,7.78487,8.72433,14,0.0869565,16.6599,1.93921,13.935,19.6005,9,0.0559006,40.9897,1.18768,37.8463,41.8731,52,0.322981,78.2497,13.9781,51.6763,99.3201,2,0.0124224,105.991,0.141315,105.849,106.132,52,0.322981,42842.6,12832.2,9943,59921,29,0.180124,39515.7,12779.8,11964,55987,0,0,0,0,0,0,3,0.0186335,8906.67,1518.47,7595,11035,14,0.0869565,10621.9,3547.12,7368,19013,9,0.0559006,29290.7,11442,7447,38607,52,0.322981,30621.2,13371.1,5534,57111,2,0.0124224,40242.5,3713.5,36529,43956
15,17,1.02391e+06,598900,140,78,3.41756,86.9514,16.8689,19.3985,382.183,1.14996,2.90082,10.5549,0.161028,5.75,12.3328,9.52329,3.52486,4.6558,5.36819,5.82228,6.56372,7.27053,10.1892,12.3328,14.3763,15.8019,16.087,17.3344,20.6662,78.8485,86.9002,10.7956,9.6273,11.4168,16.8689,7.69378,4.05332,3.08305,0.456093,0.52683,0.400719,25.7072,35.5739,12.4591,46.4286,1.4,78,49,12,1,0,0,0,0,0,46.4286,83.3333,10,37.8571,17.9487,67.9487,5339,43536,15198.9,7685.98,5.99973e+07,0.505693,1.3783,4.99681,0.258133,9411.25,12420,9492,5884.92,7041.4,7386,9202,9804,10456.6,11896.6,12420,14519.6,18019,19296,20623.4,25665.4,30537.2,38965.8,6005.95,5632.97,6583.2,15198.9,4109.9,1125.61,640.266,0.270407,0.273878,0.155786,17031.8,18973.6,37,0.264286,0.195611,0.190066,-0.188266,0.476259,38,0.271429,0.78142,0.181955,0.507939,1.25082,6,0.0428571,4.31554,0.585163,3.41756,4.90574,20,0.142857,6.90625,1.45106,5.32661,9.99592,31,0.221429,14.6774,2.53134,10.318,19.6016,4,0.0285714,32.6081,12.3374,20.3035,48.638,4,0.0285714,86.7572,0.212027,86.4011,86.9514,0,0,0,0,0,0,37,0.264286,44934.5,10548,15653,59665,38,0.271429,41209.8,12067.3,10438,62446,6,0.0428571,19549.8,3630.33,15285,24430,20,0.142857,13209.5,6246.42,5339,27430,31,0.221429,13230.4,4467.3,6192,21978,4,0.0285714,13255.2,7721.44,7151,26489,4,0.0285714,35819,4861.27,31314,43536,0,0,0,0,0,0
16,17,1.02392e+06,598900,104,80,2.05697,80.4654,30.3443,29.0931,867.05,0.958764,0.839774,1.91698,0.36077,2.25,16.4201,55.5925,2.06238,2.09983,2.15547,7.10378,12.4693,13.3366,15.0461,16.4201,18.559,22.1885,68.0618,73.5073,77.5009,78.7711,79.8757,25.7085,20.934,28.1318,30.3443,15.2839,4.42007,0.172792,0.503682,0.289198,0.0113055,42.0379,50.0892,26.9756,40.3846,1.04,80,23,1,0,0,0,0,0,0,40.3846,52.5,11.5385,34.6154,15,45,4933,57793,18624.4,15134.6,2.34641e+08,0.81262,1.46964,3.93402,0.259012,4933.25,12607,13714.5,4948.17,5941.7,7720.9,8242.4,8456.75,8868.9,9391.2,12607,13715.8,18284.9,22171.2,27118.8,43756.1,54407.6,57633.5,11738.4,10236.2,13691.1,18624.4,7682.28,3341.87,1343.61,0.412485,0.43501,0.174898,23998.4,28985.7,50,0.480769,0.0821822,0.164146,-0.224314,0.445966,12,0.115385,1.14491,0.399051,0.65586,1.9089,8,0.0769231,2.56018,0.885761,2.05697,4.77551,1,0.00961538,5.8107,0,5.8107,5.8107,17,0.163462,15.2723,1.94984,12.2761,18.7659,4,0.0384615,21.1324,1.01613,20.1001,22.2528,12,0.115385,75.3343,4.14343,66.073,80.4654,0,0,0,0,0,0,50,0.480769,51464.3,6700.31,34376,64251,12,0.115385,46202.4,11966.9,10879,54825,8,0.0769231,42961.8,16063.9,8397,57793,1,0.00961538,7710,0,7710,7710,17,0.163462,13636.5,5938.68,7819,27369,4,0.0384615,19816.2,12722.6,4970,37333,12,0.115385,9977.83,3234.38,4933,15428,0,0,0,0,0,0
17,17,1.02393e+06,598900,122,67,2.10859,85.0096,59.1037,21.6902,477.187,0.366986,-0.774563,2.39149,0.687508,73.75,69.2678,36.6585,5.63413,20.2047,26.0114,38.0695,39.6349,40.0317,63.8783,69.2678,73.5125,74.6917,76.2934,77.5039,81.0921,82.4264,83.5629,19.1874,17.5982,18.096,59.1037,12.0118,-2.92845,0.226866,0.203232,-0.243799,0.018887,62.958,65.5751,56.1032,58.1967,1.22,67,37,15,3,0,0,0,0,0,58.1967,105.97,35.2459,21.3115,64.1791,38.806,5368,60336,14769.1,8358.8,7.08676e+07,0.565965,2.51088,13.4667,0.171029,5368.25,13434,9955.5,5790.8,6691.5,7005,8013,8177.5,9785,11630,13434,15361,17226,18133,19800,22026,26203.5,41931.6,5820.42,5705.61,9400.86,14769.1,4137.17,1097.54,721.999,0.280123,0.265288,0.174515,16970.4,19818.1,32,0.262295,0.00580326,0.15714,-0.219103,0.491821,19,0.155738,0.980086,0.390312,0.501292,1.9828,1,0.00819672,2.10859,0,2.10859,2.10859,1,0.00819672,7.14508,0,7.14508,7.14508,2,0.0163934,19.0162,0.230313,18.7858,19.2465,19,0.155738,34.9604,6.78553,21.163,47.6858,48,0.393443,72.6006,8.5962,50.8229,85.0096,0,0,0,0,0,0,32,0.262295,31173.9,14752.5,6563,54782,19,0.155738,40968.4,17858.8,8363,59430,1,0.00819672,60336,0,60336,60336,1,0.00819672,7558,0,7558,7558,2,0.0163934,10386,2619,7767,13005,19,0.155738,19294.1,6707.59,8271,34044,48,0.393443,12361.5,5119.68,5368,25375,0,0,0,0,0,0
18,17,1.02394e+06,598900,122,70,7.28338,124.702,84.4439,32.2849,1052.74,0.382324,-0.848537,2.34402,0.657138,100.25,100.479,49.3571,20.3247,22.8588,25.1617,55.0532,57.0563,66.8127,98.2386,100.479,104.577,105.405,106.413,108.5,115.096,115.936,124.05,28.17,24.7032,24.7204,84.4439,17.4923,-4.81926,0.908771,0.207147,-0.275507,0.0519526,90.4052,94.2658,76.2007,82.7869,1.22,70,32,16,3,1,0,0,0,0,82.7869,144.286,50.8197,45.082,88.5714,78.5714,3248,53929,22595.7,14741.8,2.19493e+08,0.652413,0.570439,2.03512,0.381755,3248.25,18437,25918,3543,5822,6834,8416,9643,11266,13857,18437,25040,31575,35561,37319,45400,49649,53054,12908.7,12404.8,19347.5,22595.7,8366.65,1510.22,13.1296,0.370276,0.180505,0.00156927,26979.4,30400.4,20,0.163934,0.0161416,0.150877,-0.38071,0.29763,1,0.00819672,0.699888,0,0.699888,0.699888,0,0,0,0,0,0,1,0.00819672,7.28338,0,7.28338,7.28338,0,0,0,0,0,0,16,0.131148,27.5585,8.02884,20.3247,49.8765,27,0.221311,70.9769,16.0819,53.8342,99.3471,57,0.467213,108.145,6.77422,100.122,124.702,20,0.163934,26961.7,12176.8,5125,45012,1,0.00819672,32826,0,32826,32826,0,0,0,0,0,0,1,0.00819672,18763,0,18763,18763,0,0,0,0,0,0,16,0.131148,12017,7360.35,3248,30849,27,0.221311,14737,10328.1,3751,49649,57,0.467213,29355,14585.2,4418,53929
19,17,1.02395e+06,598900,258,123,2.39161,137.249,95.3021,29.7759,890.89,0.312437,-1.26575,4.17047,0.688956,99.75,100.27,20.5502,5.3173,33.9359,52.6158,64.8546,91.2091,93.325,99.2084,100.27,107.958,109.748,111.759,120.894,125.539,129.659,131.638,22.3563,21.2026,21.2342,95.3021,15.6846,-4.21541,2.76327,0.164577,-0.268762,0.176177,99.8454,102.777,91.1724,80.6202,2.58,123,98,30,6,1,0,0,0,0,80.6202,169.106,53.4884,45.3488,112.195,95.1219,4902,50231,24387.1,11580.7,1.3476e+08,0.47487,0.19516,2.06941,0.429859,4902.25,23964.5,18903.8,6052.66,7251.9,8775.4,12475.8,14716,17425.8,20205.6,23964.5,26689.2,31082.6,33619.8,36170.4,40809.1,43384.8,48981.6,9733.15,9727.22,19484.8,24387.1,6685.9,320.876,259.276,0.274158,0.0479929,0.0387795,26997.1,29090.7,36,0.139535,0.0759875,0.20605,-0.368739,0.470948,14,0.0542636,1.06047,0.429645,0.63237,1.76929,2,0.00775194,3.57794,1.18634,2.39161,4.76428,4,0.0155039,7.0672,1.7508,5.3163,9.03277,2,0.00775194,12.681,0.21805,12.4629,12.899,12,0.0465116,41.4813,8.53498,25.9691,49.7676,77,0.29845,83.7295,16.6118,50.7325,99.9446,111,0.430233,115.469,9.69694,100.005,137.249,36,0.139535,27893.7,11348.7,3516,49664,14,0.0542636,32268.2,10159.7,9806,46880,2,0.00775194,12325.5,1203.5,11122,13529,4,0.0155039,15797,8893.86,6414,25595,2,0.00775194,26441.5,1892.5,24549,28334,12,0.0465116,11895.2,8470.91,5135,33905,77,0.29845,25382.3,11861.1,6555,48578,111,0.430233,25537,10898.8,4902,50231
0,18,1.02376e+06,598890,167,79,21.68,116.913,87.5703,20.561,425.302,0.234794,-1.03604,3.6208,0.691887,95.75,95.445,31.1109,26.7143,47.395,61.3634,72.8558,73.7635,78.3758,85.956,95.445,97.5168,103.789,104.874,105.479,108.688,110.038,113.069,16.7656,16.3157,16.3222,87.5703,11.2233,-2.58839,0.985846,0.128163,-0.230628,0.0878396,89.9517,91.7989,65.2488,100,1.67,79,56,25,5,2,0,0,0,0,100,211.392,57.485,47.9042,121.519,101.266,4898,54448,25687.4,13322.9,1.78569e+08,0.518654,0.31579,2.00529,0.419565,4898.25,24043,21740.5,6406.66,7536.4,8468.4,12289.6,14884,16718.2,20281.2,24043,29559.8,34224.8,36624.5,39229.2,44761.2,49125.1,53090.1,11455.2,11379.6,20789.2,25687.4,7680.2,667.774,144.69,0.298986,0.0869475,0.0188394,28936.9,31540,0,0,0,0,0,0,0,0,0,0,0,0,0,0,0,0,0,0,0,0,0,0,0,0,0,0,0,0,0,0,14,0.0838323,39.5816,9.38203,21.68,49.77,96,0.57485,83.012,11.6466,56.353,99.3334,57,0.341317,107.034,3.01148,101.999,116.913,0,0,0,0,0,0,0,0,0,0,0,0,0,0,0,0,0,0,0,0,0,0,0,0,0,0,0,0,0,0,14,0.0838323,13863.3,7934.81,6587,34806,96,0.57485,23919.8,12362.2,4898,53168,57,0.341317,31568.7,13152.9,7849,54448
1,18,1.02377e+06,598890,165,96,25.1376,109.988,96.189,15.798,251.107,0.164239,-2.17949,8.58826,0.837371,107.75,101.206,16.4767,31.9752,67.8681,74.3309,86.6805,90.6152,94.8281,100.178,101.206,103.214,106.643,107.092,107.568,108.052,108.757,109.881,11.5387,10.1413,11.8142,96.189,7.56372,-3.1467,1.51547,0.0786339,-0.416025,0.20036,97.4777,98.4219,69.8532,99.3939,1.65,96,48,17,2,2,0,0,0,0,99.3939,170.833,67.2727,15.1515,115.625,26.0417,3891,54662,28807.2,13960.6,1.96093e+08,0.48462,-0.00457393,1.74357,0.490757,3891.25,29157,24427.2,5391.54,8262.35,9741.6,13812.2,16918.2,18560.9,23309,29157,34042,38360.4,41345.5,43528.4,47850.1,49682.9,51838.6,12169,12163.4,24916,28807.2,8101.39,-8.79128,-110.08,0.281228,-0.00108516,-0.0135878,32011.8,34408.2,1,0.00606061,-0.0153125,0,-0.0153125,-0.0153125,0,0,0,0,0,0,0,0,0,0,0,0,0,0,0,0,0,0,0,0,0,0,0,0,5,0.030303,34.3133,7.57299,25.1376,43.1414,57,0.345455,85.4952,10.0118,64.0241,99.9338,102,0.618182,105.198,3.11562,100.062,109.988,1,0.00606061,9820,0,9820,9820,0,0,0,0,0,0,0,0,0,0,0,0,0,0,0,0,0,0,0,0,0,0,0,0,5,0.030303,20767.4,1558.8,18595,23304,57,0.345455,21680.3,12837.7,3891,51150,102,0.618182,33184,13055.2,6401,54662
2,18,1.02378e+06,598890,145,95,66.5359,109.286,97.5524,7.7041,59.7771,0.078974,-0.896171,4.24171,0.725532,95.25,96.9831,9.95493,77.7798,82.1753,88.0903,92.698,93.6346,95.0277,96.0734,96.9831,101.112,102.231,103.589,105.339,107.105,107.598,108.81,5.95864,5.93608,6.2407,97.5524,4.23501,-0.531716,0.562276,0.0434127,-0.125552,0.132768,97.8561,98.1429,30.6313,97.2414,1.45,95,39,11,0,0,0,0,0,0,97.2414,148.421,46.2069,64.8276,70.5263,98.9474,6046,55268,31239,12692.1,1.62241e+08,0.406291,-0.314225,2.04284,0.511824,6046.25,33206,20469,6222.4,9651,12495,18967,20873,23197,29646,33206,37113,40105,41342,43225,45895,49947,53593.4,10840.5,10677.6,25192.7,31239,7302.52,-668.011,250.98,0.233763,-0.0914767,0.034369,33718.9,35553.1,1,0.00689655,0.0559397,0,0.0559397,0.0559397,3,0.0206897,1.44068,0.167089,1.2828,1.67188,0,0,0,0,0,0,0,0,0,0,0,0,0,0,0,0,0,0,0,0,0,0,0,0,83,0.572414,92.5516,5.96452,66.5359,99.7148,58,0.4,104.709,2.52616,100.726,109.286,1,0.00689655,13694,0,13694,13694,3,0.0206897,14315,3753.85,9871,19052,0,0,0,0,0,0,0,0,0,0,0,0,0,0,0,0,0,0,0,0,0,0,0,0,83,0.572414,27720.4,12874.7,6046,54851,58,0.4,36274.2,10551.7,6960,55268
3,18,1.02379e+06,598890,170,81,2.72585,131.985,80.2188,28.355,809.401,0.35347,-0.383291,2.44674,0.599517,70.25,76.7043,41.081,14.7056,30.4336,43.1616,54.0386,64.3558,69.9706,74.6895,76.7043,93.0057,95.3403,105.437,108.146,118.004,118.812,125.934,23.5095,23.3588,24.6067,80.2188,16.1732,-1.34522,1.11406,0.201613,-0.0831759,0.0688834,85.0827,88.8311,76.4367,88.2353,1.7,81,58,26,5,0,0,0,0,0,88.2353,185.185,41.7647,60.5882,87.6543,127.16,3852,51430,25949.4,12105.3,1.47522e+08,0.466495,0.224289,2.20252,0.464447,3852.25,25061,19729,4955.62,8329.2,10327.8,13835,15876.8,17758.7,22922.6,25061,28943.4,31903.3,35605.8,37024.8,42863.4,48845.4,51028.8,10070.9,10055.5,22097.2,25949.4,6977.94,355.992,407.77,0.268905,0.0510167,0.058437,28634.1,30821.5,9,0.0529412,0.0753003,0.264818,-0.44695,0.402232,11,0.0647059,1.068,0.378305,0.592566,1.7712,1,0.00588235,2.72585,0,2.72585,2.72585,1,0.00588235,9.44857,0,9.44857,9.44857,0,0,0,0,0,0,25,0.147059,37.6484,8.52615,20.1771,46.1584,80,0.470588,77.5212,12.4363,51.9332,95.9607,43,0.252941,113.436,6.92737,101.863,131.985,9,0.0529412,27095.6,12553.6,10123,42335,11,0.0647059,30808.5,11271.9,7923,43203,1,0.00588235,24139,0,24139,24139,1,0.00588235,10385,0,10385,10385,0,0,0,0,0,0,25,0.147059,21655.6,9334.39,7214,39906,80,0.470588,26302.9,11447.4,3852,51214,43,0.252941,28192.2,13965.4,4839,51430
4,18,1.0238e+06,598890,191,97,3.5464,129.124,83.6345,38.8586,1520.78,0.464624,-0.680761,2.13126,0.63776,125.25,100.113,69.584,6.54239,7.65452,25.8348,41.8476,44.0393,68.1234,83.733,100.113,105.597,112.719,113.623,119.398,125.282,126.442,128.699,33.7284,31.7844,41.946,83.6345,21.703,-4.62192,0.208898,0.259498,-0.212963,0.00962532,92.221,97.3967,79.0815,73.822,1.91,97,77,14,2,1,0,0,0,0,73.822,145.361,44.5026,8.37696,87.6289,16.4948,2116,53323,24974.3,12324.3,1.52972e+08,0.493477,0.246928,1.87478,0.446391,12552.2,22100,22081,5031.2,8098,9361,13159,14036,16494,19754,22100,27921,33983,36117,38053,42243,44497,48322.8,10809.4,10636.3,13669.5,24974.3,7113.18,515.067,10.9312,0.28482,0.0724103,0.00153676,27849.7,30154.4,43,0.225131,-0.00103987,0.183085,-0.303934,0.493838,7,0.0366492,0.662377,0.11271,0.53855,0.845718,1,0.0052356,3.5464,0,3.5464,3.5464,12,0.0628272,7.64408,0.62773,6.26187,8.80753,0,0,0,0,0,0,24,0.125654,36.9829,7.44049,23.5925,46.0248,33,0.172775,79.47,12.9217,54.3453,99.753,71,0.371728,115.311,9.42716,100.113,129.124,43,0.225131,28057.9,13185.3,9057,52178,7,0.0366492,31766.4,6985.17,20874,39541,1,0.0052356,9361,0,9361,9361,12,0.0628272,25064.3,8322.67,8098,35677,0,0,0,0,0,0,24,0.125654,21407.5,11237.5,4608,45179,33,0.172775,24716.9,11495.1,6935,44417,71,0.371728,26504.3,13255.9,2116,53323
5,18,1.02381e+06,598890,350,170,5.46527,150.777,100.559,35.7186,1279.94,0.355202,-0.653507,2.29216,0.654409,95.25,107.157,54.7173,28.3091,38.3359,41.7469,69.1827,75.3888,85.1325,95.3428,107.157,122.322,126.506,130.106,132.385,140.507,145.1,148.122,30.2396,29.6562,30.9108,100.559,20.0221,-3.66042,0.698031,0.199109,-0.182819,0.0348631,106.714,111.117,93.8437,88.8571,3.5,170,142,34,3,1,0,0,0,0,88.8571,182.941,49.4286,54,101.765,111.176,4628,57752,29148.4,12610.5,1.59538e+08,0.432632,-0.0648133,2.11096,0.461569,35439.2,29646,18757,5878.5,7781.5,10777,17203,19863,21748,25491,29646,33355,37070,38620,40567,45741,49289.5,53918.6,10558.4,10550.6,11478.5,29148.4,7270.01,-150.371,379.994,0.249414,-0.0206838,0.0522687,31759.3,33778.6,37,0.105714,0.00416541,0.134229,-0.301928,0.345605,2,0.00571429,0.720108,0.189261,0.530847,0.909369,0,0,0,0,0,0,3,0.00857143,6.58764,0.844876,5.46527,7.50369,0,0,0,0,0,0,46,0.131429,39.9169,5.52142,28.2882,49.9293,89,0.254286,82.2348,14.0366,52.3782,97.5543,173,0.494286,127.739,11.8986,103.999,150.777,37,0.105714,35478.8,10958.1,8891,55636,2,0.00571429,34122.5,16313.5,17809,50436,0,0,0,0,0,0,3,0.00857143,9245.67,2251.51,6063,10920,0,0,0,0,0,0,46,0.131429,27158.5,11910.8,8889,54027,89,0.254286,32245.6,12799.6,6952,57752,173,0.494286,28429.3,12264.3,4628,55476
6,18,1.02382e+06,598890,353,211,6.62777,156.507,107.957,39.5091,1565.76,0.365971,-0.664905,2.0249,0.676074,144.25,124.957,67.148,22.9478,38.762,49.6675,55.6705,73.4482,87.018,103.708,124.957,132.823,139.079,140.596,143.8,148.136,151.021,154.097,35.061,32.6804,38.0363,107.957,21.8777,-4.81403,-0.177106,0.202652,-0.220043,-0.00809527,114.959,119.878,99.1899,92.6346,3.53,211,119,20,3,0,0,0,0,0,92.6346,154.976,55.2408,16.7139,92.4171,27.9621,4541,59523,31399.6,13550.3,1.84174e+08,0.431544,-0.202127,2.02079,0.488497,30368.2,34337,21484.5,6442.7,8703.5,10830.2,16515.4,20745,22706.8,28949.4,34337,37035.6,40065.4,42229.5,43961.6,47787.6,52443.7,57246.7,11579.4,11417.6,11693.8,31399.6,7784.94,-482.547,289.867,0.247932,-0.0619847,0.0372344,34198.6,36279.4,26,0.0736544,0.0583782,0.174544,-0.254166,0.455156,0,0,0,0,0,0,0,0,0,0,0,0,1,0.00283286,6.62777,0,6.62777,6.62777,2,0.00566572,15.5871,2.49162,13.0954,18.0787,30,0.0849858,38.1373,6.02169,21.3594,48.3932,93,0.263456,72.2733,17.1358,50.517,98.602,201,0.569405,136.311,11.894,101.012,156.507,26,0.0736544,45015.8,14632.7,10151,58687,0,0,0,0,0,0,0,0,0,0,0,0,1,0.00283286,15675,0,15675,15675,2,0.00566572,12340.5,1192.5,11148,13533,30,0.0849858,22257,10092.2,6023,44468,93,0.263456,35081.8,15240.4,7454,59523,201,0.569405,31328.3,12346.1,4541,54276
7,18,1.02383e+06,598890,244,123,33.8575,147.537,108.879,34.796,1215.77,0.319585,-0.971512,2.47269,0.659937,111.75,121.796,43.6605,34.603,40.4943,51.2098,56.2893,91.5368,111.573,115.586,121.796,127.021,132.396,135.197,136.609,142.995,144.659,146.999,28.6175,25.7983,27.4147,108.879,18.4904,-5.31994,1.27244,0.169826,-0.287713,0.0688162,114.304,118.053,73.891,99.5902,2.44,123,95,24,2,0,0,0,0,0,99.5902,197.561,70.9016,66.8033,140.65,132.52,1714,60524,32633.8,15358.3,2.36852e+08,0.470624,-0.0195574,1.86255,0.525758,1714.25,32226,25091,5255.12,8671,10872.2,18018.6,20911.5,22753.8,26570.4,32226,37506.8,44309.4,46002.5,47770.8,53817.6,55756.1,59334.9,13346.6,13344.9,30919.6,32633.8,8889.87,-38.7445,97.8751,0.272413,-0.00435828,0.0110097,36067.2,38658.8,1,0.00409836,-0.140387,0,-0.140387,-0.140387,0,0,0,0,0,0,0,0,0,0,0,0,0,0,0,0,0,0,0,0,0,0,0,0,22,0.0901639,39.9889,5.3204,33.8575,49.7889,45,0.184426,65.3708,17.3296,50.7125,99.1632,176,0.721311,128.614,11.1644,107.069,147.537,1,0.00409836,13111,0,13111,13111,0,0,0,0,0,0,0,0,0,0,0,0,0,0,0,0,0,0,0,0,0,0,0,0,22,0.0901639,31860.1,15045.3,9227,55703,45,0.184426,38110.9,16344.3,7299,60524,176,0.721311,31330.2,14819.9,1714,58149
8,18,1.02384e+06,598890,299,159,40.345,160.605,116.968,35.5915,1271,0.304285,-0.905385,2.37514,0.637145,144.75,128.586,42.1761,41.8086,46.5363,56.4367,67.6829,102.489,113.134,122.386,128.586,137.295,143.522,144.666,145.408,150.502,152.577,158.892,29.2889,27.4823,30.4411,116.968,19.1376,-5.22241,0.926024,0.163614,-0.272887,0.0483876,122.263,126.076,75.372,100,2.99,159,109,29,2,0,0,0,0,0,100,188.05,68.2274,23.7458,128.302,44.6541,4289,58999,32116.9,13372.3,1.79417e+08,0.416362,-0.214991,2.10679,0.508644,4289.25,32693,20585,5895.24,8952.5,12236.2,19257.4,22147,24290.2,29282.6,32693,37567.8,41068,42732,44979.8,49296.8,52177.4,54494.8,11226.7,11224.6,27827.7,32116.9,7700.38,-435.853,370.207,0.239761,-0.0566014,0.0480765,34789.6,36801.9,0,0,0,0,0,0,0,0,0,0,0,0,0,0,0,0,0,0,0,0,0,0,0,0,0,0,0,0,0,0,18,0.0602007,44.6939,2.43863,40.345,48.8096,56,0.187291,64.7829,12.2816,50.0033,99.9976,225,0.752508,135.738,14.0488,102.086,160.605,0,0,0,0,0,0,0,0,0,0,0,0,0,0,0,0,0,0,0,0,0,0,0,0,0,0,0,0,0,0,18,0.0602007,26967.8,11484.7,8624,50776,56,0.187291,33108,13726.6,5898,58999,225,0.752508,32282.2,13333.7,4289,58754
9,18,1.02385e+06,598890,267,150,6.47042,151.944,103.695,31.1178,972.144,0.30009,-0.96197,3.45381,0.66833,119.25,112.773,45.5104,8.19765,49.1866,58.1884,73.952,81.1731,97.2366,104.198,112.773,119.252,120.717,126.683,130.642,135.081,142.033,146.865,24.7583,24.1195,24.5522,103.695,17.0212,-3.61667,1.86926,0.164147,-0.21248,0.109819,108.263,111.528,95.5665,95.1311,2.67,150,94,21,2,0,0,0,0,0,95.1311,169.333,59.5506,38.2022,106,68,4918,61917,34118.6,15466.1,2.40147e+08,0.453305,-0.254459,1.84335,0.5123,4918.25,36476,27421.2,6072.99,8374.55,10651.3,18299.4,20149.2,23226.8,31245,36476,41204.4,45708.3,47570.5,48760,53017.1,55399.1,60229.3,13435.6,13290.8,29200.3,34118.6,8907.28,-680.527,23.1707,0.261068,-0.0764012,0.00260132,37460.4,39845,9,0.0337079,0.108663,0.158576,-0.100502,0.443338,4,0.0149813,0.746913,0.176228,0.528162,1.01434,0,0,0,0,0,0,4,0.0149813,7.35383,0.935741,6.47042,8.83097,3,0.011236,17.4775,3.24076,12.8945,19.8025,7,0.0262172,44.3387,5.85963,30.9207,49.9154,76,0.284644,76.3993,15.8061,51.392,99.5277,164,0.614232,122.804,12.6128,100.81,151.944,9,0.0337079,29997.9,9612.57,16002,45290,4,0.0149813,34901,17048.6,5805,48169,0,0,0,0,0,0,4,0.0149813,18431.5,4849.81,10722,24145,3,0.011236,11506,5903.9,6740,19826,7,0.0262172,28582,12505.4,11793,45154,76,0.284644,35590.6,14710.4,8435,61917,164,0.614232,34469,15636.9,4918,60260
10,18,1.02386e+06,598890,270,149,5.806,141.899,93.2785,35.4524,1262.17,0.38007,-0.190917,1.52039,0.642741,75.75,102.537,69.6446,32.7219,42.3205,43.4165,56.7346,57.7645,60.8783,75.6281,102.537,118.404,126.361,127.409,129.287,134.608,138.403,140.812,32.875,32.6349,34.2787,93.2785,20.1301,-1.37447,-1.66296,0.215806,-0.0682795,-0.0826107,99.7885,104.915,86.1754,88.1481,2.7,149,100,21,0,0,0,0,0,0,88.1481,159.732,47.4074,51.4815,85.906,93.2886,2576,60423,30422.6,14562.6,2.12964e+08,0.478677,-0.0603643,1.89921,0.481384,2576.25,31724,24541.8,5274.07,7570.05,9544.1,14363.8,17583.5,21556.9,26334.4,31724,36184,40388,42125.2,44772.4,48709.9,53243.1,57789.7,12545.9,12523.6,27846.4,30422.6,8423.62,-170.25,129.232,0.276887,-0.020211,0.0153416,33728.4,36171.5,23,0.0851852,0.147164,0.158861,-0.144038,0.43465,9,0.0333333,0.937248,0.323789,0.552186,1.50321,0,0,0,0,0,0,1,0.0037037,5.806,0,5.806,5.806,0,0,0,0,0,0,28,0.103704,41.05,3.64461,30.6749,43.6641,89,0.32963,66.9808,12.5836,52.352,97.6022,120,0.444444,125.698,10.3946,100.094,141.899,23,0.0851852,36195.1,18219.5,8805,58807,9,0.0333333,45631.8,12350.8,24478,58274,0,0,0,0,0,0,1,0.0037037,24202,0,24202,24202,0,0,0,0,0,0,28,0.103704,20873.6,13184.6,5407,48418,89,0.32963,33500.4,16595.5,5967,60423,120,0.444444,30419.8,12130.8,2576,50424
11,18,1.02387e+06,598890,260,191,2.01506,142.426,95.4643,36.8581,1364.06,0.386093,-0.842633,2.76485,0.665542,60.75,104.185,52.8347,2.73557,16.2701,41.0644,60.6823,73.3893,75.6542,99.0832,104.185,117.871,125.128,126.224,128.287,132.934,134.954,140.905,31.0685,29.7435,44.2351,95.4643,20.319,-4.63774,0.897352,0.212844,-0.228246,0.0441632,102.333,106.762,92.0789,94.6154,2.6,191,52,14,3,0,0,0,0,0,94.6154,128.796,58.8462,75.3846,80.1047,102.618,6042,60845,35354,13434.1,1.81211e+08,0.379988,-0.494457,2.17912,0.534861,6042.25,37967,21188,7579.05,10110.5,13907.5,20933,24679.2,29015,34965,37967,41661,44676,45867.2,47311,50898,52868,55965.3,11252,11001.9,29311.7,35354,7635.43,-1046.29,385.549,0.215971,-0.137031,0.0504947,37820.3,39606.9,11,0.0423077,0.123125,0.214315,-0.313706,0.497944,3,0.0115385,0.882173,0.106696,0.7396,0.996248,5,0.0192308,2.69051,0.72487,2.01506,3.75974,7,0.0269231,6.93721,0.786672,5.6101,7.99667,1,0.00384615,10.3947,0,10.3947,10.3947,18,0.0692308,37.8812,3.08107,33.8963,42.3343,69,0.265385,72.1765,12.7785,54.2317,99.789,146,0.561538,121.574,11.9891,100.026,142.426,11,0.0423077,31945.9,16371.7,3970,56701,3,0.0115385,36525.7,14469.4,21865,56219,5,0.0192308,26030,8363.73,19847,42219,7,0.0269231,25923.4,8151.16,16420,38228,1,0.00384615,10136,0,10136,10136,18,0.0692308,34542.8,12874.8,9006,51643,69,0.265385,33965.5,14018.7,9124,60845,146,0.561538,37054.4,13027.3,6042,55786
12,18,1.02388e+06,598890,37,24,2.57694,121.069,85.3566,39.3726,1607.61,0.461271,-1.25125,3.11243,0.698611,106.25,102.635,34.1326,2.61492,3.0555,4.64884,74.1067,75.2391,78.8291,100.702,102.635,103.699,106.108,109.372,118.5,119.367,120.034,120.87,31.3265,26.6915,27.5208,85.3566,20.5098,-7.81471,2.7658,0.240283,-0.381023,0.134853,93.9998,98.0446,83.0344,75.6757,0.37,24,7,4,2,0,0,0,0,0,75.6757,116.667,48.6486,21.6216,75,33.3333,5648,53763,33582.7,13678.2,1.94021e+08,0.407297,-0.542856,2.47411,0.580582,5648.25,34377,17799.2,6055.16,7611.7,9330.2,25365.4,26551,27253,31839.2,34377,38804.4,41899.4,44350.2,46733,49096.6,52294.6,53697.9,11070.3,11070.3,27934.5,33582.7,7959.16,-1005.74,720.032,0.237002,-0.126363,0.0904659,36261.4,38106.5,4,0.108108,0.213239,0.183973,-0.101268,0.364605,5,0.135135,0.806745,0.182396,0.5911,1.10804,3,0.0810811,2.99251,0.491585,2.57694,3.68295,1,0.027027,5.0628,0,5.0628,5.0628,1,0.027027,19.4102,0,19.4102,19.4102,0,0,0,0,0,0,5,0.135135,76.309,2.19132,73.3566,78.8931,18,0.486486,109.722,7.9518,100.69,121.069,4,0.108108,26884.5,12361.3,9587,44452,5,0.135135,36892,9388.94,18714,45722,3,0.0810811,24119,10216.8,9704,32181,1,0.027027,7156,0,7156,7156,1,0.027027,8458,0,8458,8458,0,0,0,0,0,0,5,0.135135,33714.6,8056.94,22144,45800,18,0.486486,37987.3,12140.9,5648,53763
13,18,1.02389e+06,598890,201,111,4.53742,119.994,92.6974,23.4365,552.77,0.252829,-1.8112,6.61811,0.76358,106.25,105.054,27.0255,6.34737,59.682,67.7053,77.3971,80.0288,80.3917,101.302,105.054,106.155,106.774,107.054,107.407,110.445,112.27,119.425,18.4709,15.8472,15.9694,92.6974,11.4917,-4.2244,1.98352,0.12397,-0.367604,0.172604,95.6142,97.4685,87.6709,78.607,2.01,111,71,18,1,0,0,0,0,0,78.607,142.342,50.7463,27.8607,91.8919,50.4505,3081,55465,27457.4,13966.5,1.96306e+08,0.508662,0.0925839,1.86353,0.46534,3081.25,26453.5,24599.2,4112.39,6625.35,9115.7,12173,15272,18391.7,23139.6,26453.5,31046.6,37122.5,39871.2,42437.8,46667.1,50225.8,52401.2,11998.8,11971.2,24376.1,27457.4,8101.75,213.946,86.1905,0.295066,0.0264073,0.0106385,30805.4,33328.3,23,0.114428,0.0588704,0.241674,-0.367221,0.484731,20,0.0995025,0.728925,0.28262,0.513837,1.43051,1,0.00497512,4.53742,0,4.53742,4.53742,3,0.0149254,7.247,1.42112,5.80358,9.17982,1,0.00497512,13.9396,0,13.9396,13.9396,3,0.0149254,32.674,4.2737,26.6367,35.9361,49,0.243781,75.2505,6.66494,63.8725,93.663,101,0.502488,107.135,4.32542,100.084,119.994,23,0.114428,34331.9,17833.3,5704,64240,20,0.0995025,40821.8,17002.8,9506,60765,1,0.00497512,5414,0,5414,5414,3,0.0149254,14198.7,2938.41,11337,18239,1,0.00497512,6630,0,6630,6630,3,0.0149254,9381,1793.02,7601,11835,49,0.243781,26414.1,13807.9,3081,55465,101,0.502488,29318.8,13574.8,4977,52611
14,18,1.0239e+06,598890,338,166,6.42495,130.186,83.9448,28.2794,802.685,0.336881,-0.537018,2.51967,0.626368,68.75,87.2658,44.4367,9.70154,39.0501,41.8624,55.9223,62.8436,67.943,83.5416,87.2658,97.4686,102.625,107.28,111.013,115.397,119.013,129.581,23.84,23.6045,27.5952,83.9448,16.0004,-2.05804,0.796164,0.190606,-0.128624,0.049759,88.5802,92.0826,76.0431,80.1775,3.38,166,132,33,5,2,0,0,0,0,80.1775,163.253,47.0414,52.9586,95.7831,107.831,3270,53089,26350.7,12304.6,1.51965e+08,0.466956,0.117468,1.90558,0.463292,3270.25,24984,20726.5,5878.4,8190,10269,13226,15967,18450,22037,24984,30037,34710,36693.5,38561,43483,45682.5,49965.6,10571.6,10515.6,23080.5,26350.7,7115.07,225.592,108.451,0.270014,0.0317063,0.0152425,29082.1,31238.7,54,0.159763,0.104902,0.210732,-0.33051,0.496018,13,0.0384615,0.689496,0.162538,0.509998,1.01457,0,0,0,0,0,0,3,0.00887574,7.24095,0.71243,6.42495,8.16075,4,0.0118343,13.6355,3.69037,10.3619,19.4088,37,0.109467,42.788,5.88637,20.0035,49.7918,130,0.384615,78.5831,14.7318,54.4674,99.7966,97,0.286982,112.101,8.14752,100.073,130.186,54,0.159763,34426.9,13775.8,8283,56867,13,0.0384615,44819.6,13912.7,9467,59742,0,0,0,0,0,0,3,0.00887574,9872.33,2852.35,6122,13034,4,0.0118343,9925.25,2522.52,7523,13545,37,0.109467,22244.2,9135.35,8321,44127,130,0.384615,27430.3,12293.2,4929,53089,97,0.286982,27657.4,12605,3270,51727
15,18,1.02391e+06,598890,202,119,2.22059,104.435,55.4992,33.0487,1099.69,0.59548,0.00503407,1.75925,0.521241,42.25,49.9953,56.7368,4.00456,5.08125,6.59034,18.0717,37.6858,38.4378,42.2842,49.9953,60.9316,84.5798,94.4226,95.7558,100.606,101.77,103.793,28.3023,27.8584,28.628,55.4992,18.9115,-0.0478334,-0.319746,0.340753,-0.00252933,-0.0169075,64.5939,70.6723,52.5177,72.7723,2.02,119,64,14,5,0,0,0,0,0,72.7723,123.529,32.1782,43.5644,54.6218,73.9496,4780,53554,27148.3,11971.5,1.44298e+08,0.440966,0.0129944,2.19301,0.458612,4780.25,27621,18591.5,5235.4,8254.7,9777.6,16059.6,17336,20887,24388,27621,29679,33742.8,35927.5,39219.2,42885,45008,52108.2,9814.16,9800.9,22368.1,27148.3,6906,-19.5915,466.53,0.25438,-0.00283688,0.0675543,29670.7,31649.8,50,0.247525,0.0830504,0.172359,-0.229583,0.447527,5,0.0247525,0.651626,0.16541,0.503778,0.868029,6,0.029703,4.20275,1.0188,2.22059,4.9781,16,0.0792079,6.57836,1.55699,5.01363,9.64695,9,0.0445545,15.6211,1.67375,13.1627,18.5715,43,0.212871,41.5241,5.01146,20.9238,49.9953,56,0.277228,77.9884,17.6627,50.2049,97.344,17,0.0841584,102.025,1.14686,100.34,104.435,50,0.247525,40673.3,16002.1,5074,60239,5,0.0247525,34862,8336.09,21405,45738,6,0.029703,25093,7094.22,15984,35789,16,0.0792079,19431.9,10168.9,4780,37491,9,0.0445545,15549.8,6337.25,6891,23308,43,0.212871,28175.3,12657,5581,53554,56,0.277228,28192.3,10932.8,6499,51188,17,0.0841584,35239.9,10173.2,12348,52892
16,18,1.02392e+06,598890,93,65,2.00101,31.0596,8.62508,7.789,63.3063,0.903064,1.76114,5.5535,0.227956,2.25,5.92322,7.87594,2.00299,2.02075,2.13086,2.95561,3.21293,3.56944,3.97176,5.92322,8.39139,10.6895,11.0889,12.2789,14.9407,28.1079,30.8884,5.72042,5.38928,6.43049,8.62508,3.98087,1.60293,0.776086,0.461546,0.402659,0.194954,11.6216,14.4921,6.08873,25.8065,0.93,65,20,8,0,0,0,0,0,0,25.8065,36.9231,10.7527,21.5054,15.3846,30.7692,4071,57313,24008.8,15652.5,2.55652e+08,0.651947,0.807715,2.42796,0.374476,4071.25,18316.5,21933.5,5087.83,8524.85,8814.5,9287.6,11451.5,14127.1,15782.8,18316.5,21120.4,31837.9,33385,35883,49052.2,54626.1,56896.7,13351,12384.9,19937.6,24008.8,8942.6,2291.92,548.228,0.372471,0.256292,0.0613052,28660.5,32580.3,40,0.430108,0.0980777,0.23847,-0.25576,0.497703,29,0.311828,1.13951,0.439847,0.522245,1.85585,11,0.11828,3.03126,0.890105,2.00101,4.92005,5,0.0537634,7.37106,1.45329,5.48584,9.33271,6,0.0645161,12.5713,1.70765,10.6666,15.5989,2,0.0215054,30.6875,0.372147,30.3153,31.0596,0,0,0,0,0,0,0,0,0,0,0,0,40,0.430108,45788.2,12421,11388,59080,29,0.311828,45620.7,13771.1,6880,61217,11,0.11828,34797,16013,8711,57313,5,0.0537634,15648.4,9071.22,9056,33367,6,0.0645161,15168.2,6318.52,4071,21518,2,0.0215054,12097,3605,8492,15702,0,0,0,0,0,0,0,0,0,0,0,0
17,18,1.02393e+06,598890,134,98,2.02998,99.5524,58.0808,37.8927,1458.65,0.652414,-0.165222,1.38421,0.574749,2.25,44.3235,67.6514,2.04751,2.1355,2.34946,26.9882,30.2006,31.7811,35.631,44.3235,92.5696,94.2537,97.8519,98.5096,98.9217,99.3285,99.4978,36.0023,35.582,55.8537,58.0808,21.1364,-2.02251,-2.78545,0.363913,-0.0956887,-0.131785,69.3487,75.8932,54.7227,47.7612,1.34,98,34,2,0,0,0,0,0,0,47.7612,65.3061,23.1343,44.0299,31.6327,60.2041,4182,52729,28332.8,15317.4,2.38348e+08,0.540626,0.0923888,1.63128,0.497472,4182.25,27054.5,29358.8,4643.16,5719.5,7753,13559,14716.8,16660.8,21537,27054.5,31181.4,41305.6,44075.5,46119.8,49053.5,50078.1,52488.3,13527.7,13477.4,24150.5,28332.8,8932.95,228.176,-363.902,0.315287,0.0255432,-0.0407371,32208.2,35039,51,0.380597,0.0877182,0.217169,-0.334398,0.476942,19,0.141791,1.01375,0.492653,0.542247,1.96384,11,0.0820896,2.28862,0.206978,2.02998,2.72491,0,0,0,0,0,0,0,0,0,0,0,0,22,0.164179,33.61,5.09499,25.6388,44.6325,31,0.231343,95.2445,5.93963,73.9418,99.5524,0,0,0,0,0,0,51,0.380597,48592,10903.3,8592,63863,19,0.141791,44395.2,13331.1,9267,63485,11,0.0820896,47969.5,3863.35,38311,52729,0,0,0,0,0,0,0,0,0,0,0,0,22,0.164179,16272.9,6563.2,4182,28114,31,0.231343,29923.5,14350.8,5210,51846,0,0,0,0,0,0
18,18,1.02394e+06,598890,245,135,31.5006,125.768,99.8746,16.188,263.603,0.162083,-1.55361,7.11461,0.725321,92.75,101.524,17.4944,36.5222,71.0422,82.9246,91.7112,92.6484,93.4421,98.6121,101.524,103.663,109.342,110.143,113.95,116.477,122.477,124.849,11.4832,11.3383,13.8007,99.8746,8.41352,-1.48538,1.71519,0.0842408,-0.176547,0.203861,101.178,102.223,67.1733,69.3878,2.45,135,91,18,1,0,0,0,0,0,69.3878,125.926,39.1837,50.6122,71.1111,91.8519,3275,53256,26425.7,12742.8,1.63339e+08,0.482211,0.100453,1.90544,0.463191,3275.25,26189.5,22766,4909.8,7779.85,9644.4,13128.8,15533.8,17933.4,21051,26189.5,30166.8,35241.4,38299.8,39764.8,43534.1,44727.4,52553.9,10949.8,10944.1,23150.5,26425.7,7381.51,184.903,86.1249,0.27933,0.0250494,0.0116677,29337.6,31593.3,55,0.22449,0.0525162,0.227515,-0.334688,0.458177,20,0.0816327,0.825603,0.233214,0.522884,1.47339,0,0,0,0,0,0,0,0,0,0,0,0,0,0,0,0,0,0,4,0.0163265,35.883,2.83152,31.5006,39.3463,70,0.285714,89.5874,9.1353,57.7524,99.7881,96,0.391837,110.042,7.19045,100.519,125.768,55,0.22449,46921.8,10653,15498,65131,20,0.0816327,43411.4,13191.6,9174,61937,0,0,0,0,0,0,0,0,0,0,0,0,0,0,0,0,0,0,4,0.0163265,12192.8,2102.21,10377,15520,70,0.285714,25848,12973.3,4758,53256,96,0.391837,27440,12446.9,3275,49219
19,18,1.02395e+06,598890,352,152,2.95964,140.608,109.265,26.0259,679.758,0.23819,-1.64866,6.17638,0.772299,100.75,115.921,28.3818,10.2182,53.963,73.418,91.0803,100.147,101.105,112.057,115.921,121.098,125.685,128.529,130.254,134.024,135.789,139.196,19.5079,18.3901,22.6162,109.265,13.4017,-4.06694,2.21417,0.122653,-0.303464,0.165215,112.322,114.407,104.136,80.1136,3.52,152,152,45,3,0,0,0,0,0,80.1136,185.526,51.4205,58.5227,119.079,135.526,3389,51204,24014.5,10180.2,1.04006e+08,0.42392,0.0876376,2.4183,0.431361,20812.2,24076.5,14538.8,4979.81,6645.1,9598.4,14610.4,16586.2,18397.4,21148,24076.5,27217.6,28965.1,31125,32996.8,37593.5,41154.6,46544.4,8356.5,8356.5,8682.25,24014.5,5833.31,64.2596,526.402,0.242907,0.011016,0.0902408,26083.2,27766.8,44,0.125,0.1887,0.208785,-0.313214,0.468789,26,0.0738636,0.725009,0.206808,0.501872,1.32504,2,0.00568182,2.99217,0.0325276,2.95964,3.02469,1,0.00284091,8.14213,0,8.14213,8.14213,2,0.00568182,10.7231,0.0179524,10.7051,10.741,3,0.00852273,35.9233,8.45275,23.9721,42.121,62,0.176136,79.3954,13.7184,51.1437,99.8309,212,0.602273,121.448,10.6344,100.124,140.608,44,0.125,36685,13087.9,8606,60505,26,0.0738636,34571.9,17470.4,4808,59144,2,0.00568182,29261.5,8529.5,20732,37791,1,0.00284091,26072,0,26072,26072,2,0.00568182,24257,2872,21385,27129,3,0.00852273,17512.7,4799.76,14044,24300,62,0.176136,23101.9,10341.6,5525,47359,212,0.602273,24311.9,10211.7,3389,51204
0,19,1.02376e+06,598880,246,140,5.69045,117.616,82.9047,30.134,912.13,0.363478,-1.05221,2.96129,0.689872,101.75,94.7837,37.0491,7.08359,20.9842,25.9431,56.4829,67.992,73.5001,88.2911,94.7837,101.44,103.048,105.041,107.23,111.733,114.058,116.411,24.6888,22.9303,23.7225,82.9047,16.1891,-4.77794,1.40503,0.195274,-0.295133,0.0867885,88.2113,91.5324,75.9186,91.0569,2.46,140,85,19,2,0,0,0,0,0,91.0569,160,57.3171,34.1463,100.714,60,6553,57063,31994,13160.8,1.73983e+08,0.411351,-0.197463,1.93233,0.503683,22616.2,33848.5,22418,7516.81,9945.85,12290.5,18501.8,20685.5,23186.3,29196.2,33848.5,37069.8,41809.3,43103.5,43861,47774.3,51466.4,55381.7,11309.2,11217.1,13703.5,31994,7597.46,-441.122,157.533,0.237465,-0.0580618,0.0207349,34595.1,36574.2,20,0.0813008,0.0139272,0.181916,-0.420461,0.328058,2,0.00813008,0.939661,0.346053,0.593609,1.28571,0,0,0,0,0,0,5,0.0203252,6.92463,0.866209,5.69045,8.16998,5,0.0203252,17.4978,1.34203,16.1991,19.879,22,0.0894309,26.7866,5.77831,20.5514,41.0314,96,0.390244,78.632,14.9599,51.0292,99.9364,96,0.390244,107.402,4.86534,100.912,117.616,20,0.0813008,42913.8,14975.5,8723,57541,2,0.00813008,17975,1394,16581,19369,0,0,0,0,0,0,5,0.0203252,20032.8,7430.38,9746,29618,5,0.0203252,38427.8,9650.26,22633,49467,22,0.0894309,28489.8,11110,7104,44915,96,0.390244,28487.8,13239.1,7483,57063,96,0.390244,36591.2,12124.8,6553,56004
1,19,1.02377e+06,598880,194,126,2.83901,117.381,92.4706,27.4974,760.24,0.297364,-2.00487,5.97315,0.782523,106.25,102.715,11.3634,3.57686,23.0743,44.9919,89.0398,96.2766,98.0584,100.179,102.715,105.284,106.374,107.64,108.565,111.043,112.401,116.009,19.4881,15.6816,16.1299,92.4706,12.3978,-6.26976,3.69162,0.134073,-0.505714,0.297763,96.4723,98.6063,88.5748,94.8454,1.94,126,57,11,0,0,0,0,0,0,94.8454,146.032,74.2268,30.9278,114.286,47.619,4446,57418,34205,13476,1.82595e+08,0.393977,-0.471023,2.19564,0.561788,30948.2,38075,21190.5,6334.11,9113.4,13039.8,21045.6,23136,26078.3,33106.2,38075,40090.2,43240.9,44326.5,45943,49804.4,52473.4,56224.8,11394.4,11064.6,12098.6,34205,7675.9,-999.697,431.427,0.224408,-0.130238,0.0562054,36763.9,38597.6,9,0.0463918,0.145368,0.193232,-0.137502,0.437483,1,0.00515464,0.503677,0,0.503677,0.503677,5,0.0257732,3.64179,0.714143,2.83901,4.63555,2,0.0103093,6.53827,1.53449,5.00378,8.07276,1,0.00515464,16.6204,0,16.6204,16.6204,11,0.056701,32.8798,7.34518,21.4516,42.5088,53,0.273196,87.3514,15.6429,50.7856,99.9569,112,0.57732,106.923,3.93578,100.096,117.381,9,0.0463918,31627.7,11450.9,11380,51335,1,0.00515464,50052,0,50052,50052,5,0.0257732,33507.4,9981.55,20086,47400,2,0.0103093,19667.5,10970.5,8697,30638,1,0.00515464,40094,0,40094,40094,11,0.056701,24302.5,8563.79,13016,43863,53,0.273196,32021.1,14856.7,6773,55774,112,0.57732,36449.2,12612.2,4446,57418
2,19,1.02378e+06,598880,136,89,50.4035,106.872,93.9838,7.74841,60.4825,0.082444,-2.03766,10.3158,0.771761,92.75,94.7526,7.24396,69.6045,77.9312,88.0811,90.5044,91.6147,92.2771,92.7424,94.7526,97.0025,97.9886,98.8586,99.9598,101.667,102.835,104.399,5.40767,5.39666,5.48414,93.9838,3.88893,-0.819262,0.86983,0.0413787,-0.210665,0.223668,94.3027,94.583,42.9784,100,1.36,89,38,9,0,0,0,0,0,0,100,152.809,50.7353,59.5588,77.5281,91.0112,3432,57627,33824.7,13598.3,1.86282e+08,0.402022,-0.403295,2.1933,0.560802,3432.25,36162.5,20176.2,5808.75,9137,12559.5,21316,24698.2,26142.5,30925,36162.5,39161,43224.5,44874.5,46399,50351.5,52346.2,56542.2,11478.9,11267.1,30392.4,33824.7,7804.71,-830.394,413.63,0.23074,-0.106396,0.0529975,36455.8,38360.6,0,0,0,0,0,0,0,0,0,0,0,0,0,0,0,0,0,0,0,0,0,0,0,0,0,0,0,0,0,0,0,0,0,0,0,0,109,0.801471,91.9545,7.31764,50.4035,99.9598,27,0.198529,102.176,1.58131,100.015,106.872,0,0,0,0,0,0,0,0,0,0,0,0,0,0,0,0,0,0,0,0,0,0,0,0,0,0,0,0,0,0,0,0,0,0,0,0,109,0.801471,33442.4,13835.8,3432,57627,27,0.198529,35367.8,12475.5,6345,52317
3,19,1.02379e+06,598880,228,115,2.03039,129.064,95.979,28.0309,789.24,0.292053,-1.29747,4.13965,0.739557,107.75,107.536,36.5133,4.69544,43.8221,50.482,75.6951,80.5101,86.6357,98.2494,107.536,111.801,115.574,117.023,118.285,121.393,123.052,127.552,22.4048,20.8833,20.8875,95.979,14.7922,-4.66566,1.69505,0.154119,-0.315414,0.114591,99.9885,102.656,92.4047,98.6842,2.28,115,84,23,6,0,0,0,0,0,98.6842,195.652,61.8421,47.807,122.609,94.7826,3860,56076,26590.4,12840.3,1.65609e+08,0.482892,0.171582,1.9799,0.435315,3860.25,26565,22206,5710.28,8180.4,9919.6,12872,15127,17254.6,21667.8,26565,30427,34358.2,37333,39058,44379.4,47378.4,53148.2,11014.9,11014.7,22730.2,26590.4,7416.24,321.505,132.452,0.278907,0.0433516,0.0178597,29528.3,31852.2,0,0,0,0,0,0,3,0.0131579,1.60874,0.125487,1.45213,1.75933,3,0.0131579,2.58886,0.46187,2.03039,3.16147,1,0.00438596,9.55302,0,9.55302,9.55302,1,0.00438596,10.6282,0,10.6282,10.6282,18,0.0789474,41.7305,7.83159,20.2011,49.9679,72,0.315789,81.111,13.1666,51.2532,99.9787,130,0.570175,115.201,6.42138,100.233,129.064,0,0,0,0,0,0,3,0.0131579,20792,6493.33,13924,29505,3,0.0131579,22327,8045.04,15737,33654,1,0.00438596,18178,0,18178,18178,1,0.00438596,12066,0,12066,12066,18,0.0789474,18236,9147.75,5699,40709,72,0.315789,24505.3,13520.7,3860,56076,130,0.570175,29176.8,12234.4,5746,52946
4,19,1.0238e+06,598880,363,223,4.83014,123.973,76.5526,31.4989,995.141,0.411467,-0.497169,2.22467,0.601988,46.75,82.4059,55.8514,8.40533,14.0255,33.5879,46.6367,48.0861,60.1614,68.2746,82.4059,94.3579,101.845,103.938,106.221,114.001,116.999,120.911,27.0964,26.9918,36.694,76.5526,17.874,-2.33548,0.406289,0.233487,-0.130663,0.0227307,82.7797,87.1074,70.5379,92.562,3.63,223,98,36,6,0,0,0,0,0,92.562,150.673,47.6584,73.5537,77.5785,119.731,5437,59039,32592.3,13669,1.87398e+08,0.419392,-0.165477,1.96496,0.50661,22400.2,33821.5,22541.5,6847.05,9996.5,12685.5,18737,21195,23993,28918,33821.5,38927,41981.5,43736.5,45575,49048.5,53210.8,57189.7,11736.4,11696.4,14355,32592.3,7883.92,-384.441,204.595,0.241895,-0.0487627,0.0259509,35342.6,37436.7,22,0.0606061,0.0381636,0.175673,-0.351975,0.348823,5,0.0137741,0.831464,0.267534,0.600535,1.33711,1,0.00275482,4.83014,0,4.83014,4.83014,13,0.0358127,8.94214,0.47502,8.31473,9.55427,13,0.0358127,16.5018,2.20376,12.7131,19.3515,58,0.15978,42.906,6.45213,21.4069,48.2333,142,0.391185,77.0096,14.3993,51.1867,99.9423,109,0.300275,109.745,6.22453,100.038,123.973,22,0.0606061,25559.7,12711.8,5449,46248,5,0.0137741,34560.6,10476.7,17774,48403,1,0.00275482,21117,0,21117,21117,13,0.0358127,26831.3,12478.2,5437,46598,13,0.0358127,22885,8974.59,10384,41284,58,0.15978,36453.7,14023.5,7495,56888,142,0.391185,34473.4,14162.2,6699,59039,109,0.300275,30037.2,12098,6839,52029
5,19,1.02381e+06,598880,137,79,4.40373,128.781,59.7788,38.1998,1471.09,0.639019,0.478628,1.77294,0.445219,116.25,43.7697,66.5618,8.37333,10.5501,16.1321,26.187,28.6163,35.4967,38.5804,43.7697,59.9293,94.3791,95.1781,95.9357,117.406,121.558,128.182,33.9826,31.6003,57.9552,59.7788,21.5057,3.25359,-0.21655,0.359755,0.151289,-0.0100694,70.9418,79.4753,53.6932,90.5109,1.37,79,36,18,4,0,0,0,0,0,90.5109,156.962,36.4963,11.6788,63.2911,20.2532,4534,57334,26557.5,13597,1.86381e+08,0.511983,0.170383,1.75601,0.417112,4534.25,25940.5,25699,5081.25,6628.6,9704.5,13112.4,13944.2,15037.9,19942.4,25940.5,31264.8,37311.4,39643.2,40958.4,44214.3,47202.1,51682.2,12035.6,12035.6,22023.2,26557.5,7862.08,393.819,-185.117,0.29604,0.0500909,-0.0235456,29835.9,32360.8,10,0.0729927,0.10222,0.244545,-0.25833,0.495982,3,0.0218978,0.655375,0.102392,0.51081,0.734853,1,0.00729927,4.40373,0,4.40373,4.40373,5,0.0364964,8.67506,0.347655,8.36428,9.26025,9,0.0656934,14.8987,2.39646,10.1723,18.9838,57,0.416058,35.3999,7.99039,20.3352,49.6524,28,0.20438,83.3978,14.8534,57.5252,96.0491,24,0.175182,119.907,4.8126,114.177,128.781,10,0.0729927,17168.6,7868.2,6374,31482,3,0.0218978,14682.7,6599.74,9751,24011,1,0.00729927,5688,0,5688,5688,5,0.0364964,16761.2,11117.8,9501,38789,9,0.0656934,22605.8,9986.17,5370,42624,57,0.416058,22349.1,12794.1,5707,57334,28,0.20438,32392.4,13016.2,4534,48368,24,0.175182,34137.4,11063.4,11717,51987
6,19,1.02382e+06,598880,147,100,10.1434,135.977,55.8515,42.1229,1787.89,0.754196,0.828066,2.11098,0.363241,28.25,40.7334,54.908,10.3536,12.0546,13.6739,20.3412,23.7817,27.52,31.4679,40.7334,52.3002,57.1397,78.6897,122.659,126.101,128.677,132.733,34.9721,32.5691,34.2608,55.8515,22.6692,5.6512,0.17618,0.405884,0.24929,0.00777178,69.9552,81.1,44.3854,89.7959,1.47,100,37,8,1,1,0,0,0,0,89.7959,132,29.2517,59.1837,43,87,3022,49931,25846.3,12306.1,1.52595e+08,0.476124,0.0602385,1.97138,0.486567,3022.25,25583,19428,5298.8,7059.45,8787.8,12494,16281.2,18552.9,22296.8,25583,28261.6,33759.3,35709.2,38443.4,43674.6,45460.3,48479,10266.1,10262.3,22824.1,25846.3,7136.02,114.124,245.302,0.276094,0.0159927,0.0343751,28626.4,30765.8,14,0.0952381,-0.0202631,0.101401,-0.217468,0.188466,1,0.00680272,0.622588,0,0.622588,0.622588,0,0,0,0,0,0,0,0,0,0,0,0,25,0.170068,13.9149,2.51535,10.1434,18.5285,51,0.346939,31.8008,7.88792,20.3044,48.568,24,0.163265,57.8171,8.14322,50.4486,79.7865,32,0.217687,125.471,4.43621,110.545,135.977,14,0.0952381,40349.2,13953.7,10376,59803,1,0.00680272,21271,0,21271,21271,0,0,0,0,0,0,0,0,0,0,0,0,25,0.170068,26311.2,10102.9,8714,48590,51,0.346939,26286.7,12930.3,5950,48232,24,0.163265,27574,12557.7,5492,49931,32,0.217687,23485.7,12325.8,3022,44452
7,19,1.02383e+06,598880,128,83,2.947,131.311,82.4302,38.5504,1499.52,0.467673,-0.525859,1.72042,0.619203,94.25,94.6575,69.7328,8.48496,19.6843,27.6815,36.1925,42.7984,51.3215,93.7313,94.6575,109.081,112.04,112.531,113.392,125.275,126.37,129.778,35.1113,32.006,32.0243,82.4302,21.4466,-3.91435,-0.626401,0.260179,-0.182516,-0.0292074,90.9993,96.4584,78.9058,87.5,1.28,83,32,12,1,0,0,0,0,0,87.5,134.94,55.4688,48.4375,85.5422,74.6988,2113,59268,32496.4,14813.7,2.21422e+08,0.455855,-0.16068,1.92714,0.531597,2113.25,33551,23191.2,6420.31,8779.3,10109.6,18593,20746,22716.4,28779,33551,38689.4,42223.5,43937.2,46319.8,52411.7,54243.2,57271.3,12652.3,12594.8,30383.2,32496.4,8596.96,-384.504,181.253,0.264551,-0.0447256,0.0210834,35713.6,38072.8,16,0.125,0.0251868,0.130362,-0.180857,0.270997,0,0,0,0,0,0,1,0.0078125,2.947,0,2.947,2.947,2,0.015625,8.56404,0.10138,8.46266,8.66542,3,0.0234375,14.4005,2.91792,10.3691,17.1794,25,0.195312,33.232,6.9503,21.7338,48.2247,30,0.234375,80.1714,19.9808,51.0676,95.5251,51,0.398438,116.333,7.46157,101.976,131.311,16,0.125,30216.2,12297.3,9965,48113,0,0,0,0,0,0,1,0.0078125,9362,0,9362,9362,2,0.015625,22361,828,21533,23189,3,0.0234375,14986.7,4979.42,8600,20749,25,0.195312,28885,14098.6,7418,52473,30,0.234375,37056.4,15083.5,8571,59268,51,0.398438,33465.4,14037.2,2113,57393
8,19,1.02384e+06,598880,190,107,2.69384,136.557,92.1184,32.0203,1030.96,0.3476,-1.00434,2.72134,0.668028,119.25,101.658,50.6724,10.6774,31.429,39.1351,52.7659,68.5821,93.7061,100.754,101.658,107.945,114.072,119.255,119.491,120.809,124.347,126.014,26.2622,23.4788,28.4155,92.1184,17.048,-5.00745,1.39383,0.185066,-0.293727,0.0817592,97.5248,101.058,88.0297,95.7895,1.9,107,64,16,2,1,0,0,0,0,95.7895,170.093,70,24.2105,124.299,42.9907,4812,56039,29588.3,14295.2,2.05481e+08,0.483137,-0.0679903,1.75759,0.483657,4812.25,31319.5,26040.8,5539.59,6976.45,9876.4,14351.6,15902.5,18857.7,24546.8,31319.5,35670.6,40016,41943.2,43797,48447.7,50504.2,55562,12560.2,12504.8,24776,29588.3,8280.7,-176.959,-85.6875,0.279864,-0.0213701,-0.0103479,32860.6,35261.8,5,0.0263158,0.0126749,0.0378141,-0.0456176,0.0517641,3,0.0157895,1.19878,0.381448,0.679621,1.58528,1,0.00526316,2.69384,0,2.69384,2.69384,1,0.00526316,5.30547,0,5.30547,5.30547,1,0.00526316,11.9375,0,11.9375,11.9375,28,0.147368,36.7276,6.64214,21.4912,46.9617,37,0.194737,77.6642,18.2632,50.3567,96.2619,114,0.6,112.664,9.03574,100.49,136.557,5,0.0263158,19129.2,10676.7,6798,34939,3,0.0157895,31918.7,12291.5,14572,41563,1,0.00526316,16162,0,16162,16162,1,0.00526316,15221,0,15221,15221,1,0.00526316,14234,0,14234,14234,28,0.147368,24560.2,14236.1,6455,46527,37,0.194737,26276.7,13287.7,5699,55711,114,0.6,32276.5,14025.2,4812,56039
9,19,1.02385e+06,598880,229,130,7.73869,115.856,69.7424,32.9893,1093.91,0.473017,-0.0738014,1.53063,0.573485,38.25,75.5668,64.0663,10.3574,23.2528,26.4945,37.1746,38.3457,40.6288,50.4991,75.5668,83.4552,98.5441,102.412,103.969,113.027,114.342,115.841,30.1236,29.8728,36.2264,69.7424,18.9129,-0.460068,-1.27201,0.271182,-0.0243257,-0.0672563,77.1512,82.6351,60.6096,85.1528,2.29,130,72,26,1,0,0,0,0,0,85.1528,150,45.8515,65.0655,80.7692,114.615,5172,57800,31347.6,13623.8,1.86566e+08,0.434606,-0.116891,2.03578,0.49737,5172.25,32213,21182,5737.76,9169.8,10967,17984,20118.5,22724.2,28518.6,32213,36318.6,39646,41300.5,44733,50488.2,52566.9,54694.7,11442,11423.6,26175.3,31347.6,7874.79,-250.156,348.963,0.251209,-0.0317667,0.0443139,34180.1,36333.3,29,0.126638,0.0655363,0.197421,-0.26757,0.478477,5,0.0218341,0.683916,0.0921907,0.54941,0.821747,0,0,0,0,0,0,2,0.00873362,8.29755,0.558865,7.73869,8.85642,5,0.0218341,14.55,4.09763,10.4532,19.617,68,0.296943,35.6419,7.23426,20.3513,47.0189,69,0.30131,79.4566,15.6106,50.2867,99.7413,51,0.222707,109.888,4.84906,102.25,115.856,29,0.126638,37566.6,10318.1,9775,52025,5,0.0218341,42498,4096.29,36583,49071,0,0,0,0,0,0,2,0.00873362,19201.5,9415.5,9786,28617,5,0.0218341,16883.4,3303.03,10790,20005,68,0.296943,30064.9,12763.4,5452,53793,69,0.30131,32861,13609.7,6379,57800,51,0.222707,32904.6,14259,5172,54642
10,19,1.02386e+06,598880,184,126,4.82894,121.78,43.2714,24.3102,595.177,0.561808,1.07036,4.82088,0.328705,42.25,41.4618,18.1571,5.29168,7.17143,9.67226,32.459,33.8318,35.9649,39.9152,41.4618,42.4184,51.5651,51.9889,53.2525,74.5958,106.625,116.746,16.3958,16.0554,16.121,43.2714,12.601,1.69282,3.42224,0.291209,0.13434,0.271584,49.6326,55.7332,38.813,77.1739,1.84,126,55,2,1,0,0,0,0,0,77.1739,112.698,27.1739,32.6087,39.6825,47.619,4683,58007,30000.8,15626.5,2.45918e+08,0.520868,0.157432,1.695,0.474792,4683.25,27914,29974.2,5549.23,7865.25,10312.9,13528.8,15819.2,18597.3,22748.2,27914,33352.6,41246.8,45793.5,48284.2,51321.6,53596.9,57179.3,13758.3,13640.2,25317.6,30000.8,9047.76,429.686,-230.259,0.301584,0.0474909,-0.0254492,33826.5,36736.9,33,0.179348,-0.0203864,0.169336,-0.365422,0.418852,9,0.048913,0.785357,0.203899,0.556733,1.1223,1,0.00543478,4.82894,0,4.82894,4.82894,14,0.076087,7.29422,1.42549,5.01631,9.59455,9,0.048913,15.1524,3.61763,10.3717,19.3495,73,0.396739,38.4842,5.7379,20.0765,49.6856,36,0.195652,58.2658,10.451,50.94,87.199,9,0.048913,110.478,5.83366,106.505,121.78,33,0.179348,43673.8,8346.44,21377,55514,9,0.048913,39748.7,11143.3,11572,52011,1,0.00543478,23907,0,23907,23907,14,0.076087,16176.5,4659.82,10983,26037,9,0.048913,16833.2,5722.92,9201,30017,73,0.396739,32174.7,15365.8,6280,57290,36,0.195652,35105,17275.8,4683,58007,9,0.048913,27300.8,7255.84,12207,37197
11,19,1.02387e+06,598880,132,87,4.24568,123.686,53.454,37.017,1384.38,0.692501,0.418517,1.89544,0.41199,59.25,52.1214,79.407,4.32635,6.94526,9.1346,14.2147,15.3659,28.7966,35.3891,52.1214,59.0778,60.1494,94.7729,97.6824,109.233,113.58,123.325,31.1137,31.0687,31.4309,53.454,21.0741,2.50434,-0.00416854,0.394248,0.118835,-0.000197804,65.0199,73.2918,47.9225,74.2424,1.32,87,30,13,2,0,0,0,0,0,74.2424,112.644,35.6061,27.2727,54.023,41.3793,7677,58506,31932.2,13443.3,1.82586e+08,0.420996,-0.314079,2.13548,0.477193,7677.25,35201.5,19488,7828.32,8863.35,9806.3,20120,23312,24845.8,30767,35201.5,36620,40219.3,42800,44082.2,47427.4,51735.5,55857.9,11248.1,10913.3,24255,31932.2,7713.82,-665.773,455.447,0.241569,-0.0863092,0.059043,34646.6,36620.4,29,0.219697,0.0383192,0.224991,-0.378602,0.428734,5,0.0378788,0.851754,0.184797,0.590452,1.08508,3,0.0227273,4.49898,0.301337,4.24568,4.92242,8,0.0606061,7.58644,1.02712,6.27444,9.29277,15,0.113636,13.2676,1.88232,10.1778,15.813,22,0.166667,35.076,5.68741,24.4809,42.9693,33,0.25,69.0458,17.1672,52.0058,98.8935,17,0.128788,112.653,5.48252,107.96,123.686,29,0.219697,34634.5,10598.8,7315,53898,5,0.0378788,30352.4,9182.41,18927,45437,3,0.0227273,28440.3,4762.76,24680,35160,8,0.0606061,23937.6,6122.2,14610,36808,15,0.113636,22640.9,12656.1,8865,47051,22,0.166667,28743.1,16124.4,7677,51725,33,0.25,37214.7,11901.4,8854,58506,17,0.128788,38381.7,7077.55,24889,51795
12,19,1.02388e+06,598880,46,17,4.82232,38.9088,20.0441,10.7841,123.138,0.538019,0.312435,2.29295,0.446563,18.75,18.8753,11.7787,4.8385,4.90322,5.5256,8.87492,14.1514,16.3235,18.6184,18.8753,19.8471,23.9739,25.9301,27.0081,38.525,38.7396,38.875,8.42111,8.21453,8.2302,20.0441,6.35168,0.517166,0.667304,0.316886,0.0814218,0.105059,22.761,24.8999,14.8678,39.1304,0.46,17,24,5,0,0,0,0,0,0,39.1304,105.882,15.2174,23.913,41.1765,64.7059,6376,38521,17915.8,9775.15,1.01174e+08,0.545617,0.603228,2.12005,0.358991,6376.25,15527,15958,6527.64,7134.2,7791.6,8942.6,9729,9940.8,11275.6,15527,18606,22981.4,25687,27349.8,30580,35079.4,37832.7,8520.84,8380.22,11539.6,17915.8,5769.63,1212.01,-25.4436,0.322042,0.210067,-0.00440993,20409,22538.8,24,0.521739,0.0614598,0.201482,-0.294505,0.379849,4,0.0869565,0.718217,0.0908265,0.582268,0.810678,2,0.0434783,4.86991,0.0475903,4.82232,4.9175,2,0.0434783,5.79409,0.00788021,5.78621,5.80197,7,0.152174,17.6239,1.95453,13.4843,19.3113,7,0.152174,30.8712,6.95259,21.9901,38.9088,0,0,0,0,0,0,0,0,0,0,0,0,24,0.521739,28017.8,12423,5594,54231,4,0.0869565,33850.2,6574.36,24029,42485,2,0.0434783,36496.5,2024.5,34472,38521,2,0.0434783,8031,1655,6376,9686,7,0.152174,20121,7212.47,7268,28912,7,0.152174,13226,6190.38,8016,26580,0,0,0,0,0,0,0,0,0,0,0,0
13,19,1.02389e+06,598880,190,96,5.88667,108.726,70.8526,23.7385,567.627,0.33504,-0.474881,2.90038,0.631726,79.25,70.5031,32.1465,6.65599,31.549,40.2704,53.1518,58.045,58.6687,68.3188,70.5031,79.1622,81.8389,90.1915,91.3114,103.584,107.223,107.897,18.7082,18.7082,19.3885,70.8526,13.396,-1.16522,1.60503,0.189069,-0.0869825,0.119814,74.7236,77.7009,64.139,72.6316,1.9,96,71,21,2,0,0,0,0,0,72.6316,143.75,36.3158,28.4211,71.875,56.25,3036,53125,27619.3,13940.4,1.95754e+08,0.504735,-0.0180764,1.81084,0.490792,3036.25,28632.5,24714,4878.21,7029.7,8468.6,11509.6,14305.5,17373.6,23762,28632.5,32828.4,37420.2,39019.5,40580.2,45657.5,48809.1,53064.5,12068.9,12041.4,24583.1,27619.3,8081.69,-44.8882,-16.8277,0.29261,-0.0055543,-0.0020822,30938,33358.8,45,0.236842,0.0629134,0.204043,-0.386207,0.478228,7,0.0368421,0.733428,0.207858,0.542215,1.07329,0,0,0,0,0,0,3,0.0157895,6.53283,0.776505,5.88667,7.62487,1,0.00526316,19.8333,0,19.8333,19.8333,21,0.110526,36.9919,6.33764,20.8419,41.3315,94,0.494737,73.929,11.9866,52.8087,98.0254,19,0.1,105.899,2.25285,101.693,108.726,45,0.236842,34008.6,12128.9,6178,54426,7,0.0368421,39392.6,12932.9,17909,53838,0,0,0,0,0,0,3,0.0157895,17061,7293.69,6909,23718,1,0.00526316,11472,0,11472,11472,21,0.110526,22016,14756.5,3036,52138,94,0.494737,28869.2,13797.5,6159,53125,19,0.1,30145.8,11850.7,7686,48718
14,19,1.0239e+06,598880,297,138,2.76205,130.054,100.457,28.786,831.908,0.28655,-1.95783,6.50608,0.767486,110.25,110.097,24.0576,5.49127,14.5819,63.9118,86.2478,94.3896,100.311,106.497,110.097,112.106,116.872,118.447,119.893,123.712,126.293,129.584,20.4404,18.1505,18.1515,100.457,13.8786,-5.4947,3.36073,0.138154,-0.395913,0.242153,104.5,106.76,95.667,85.5219,2.97,138,112,37,9,1,0,0,0,0,85.5219,184.058,59.596,42.4242,128.261,91.3043,3086,52424,26722.5,12156.4,1.48363e+08,0.454913,-0.0841001,1.94771,0.479073,3086.25,27925,19719.5,4602.33,7411.2,9206.1,14648.2,16959.5,18632.1,23274,27925,31654.8,34750.7,36679,38236.2,42369.4,45086.4,49809,10475.9,10434.5,23636.3,26722.5,7027.65,-185.709,161.256,0.262986,-0.0264255,0.022946,29357.6,31338.7,28,0.0942761,0.201789,0.189732,-0.218673,0.466137,15,0.0505051,1.09522,0.453152,0.500911,1.97891,2,0.00673401,3.08647,0.324416,2.76205,3.41088,10,0.03367,7.73589,1.37222,5.1456,9.26283,2,0.00673401,13.9461,2.1194,11.8267,16.0655,5,0.016835,43.9381,2.93066,41.1753,47.9041,56,0.188552,82.2774,12.0167,58.3109,99.8248,179,0.602694,114.958,7.58338,100.306,130.054,28,0.0942761,33653.4,12804.9,6085,49683,15,0.0505051,34355.9,9948.49,7559,44206,2,0.00673401,25052,8880,16172,33932,10,0.03367,20164.7,9916.44,8194,42403,2,0.00673401,29180,11733,17447,40913,5,0.016835,21433,6467.41,13512,33060,56,0.188552,24203.4,12230.9,3086,50692,179,0.602694,28015.9,12119.1,3228,52424
15,19,1.02391e+06,598880,287,175,2.97823,120.469,67.2051,33.0721,1098.11,0.492107,-0.596069,2.35504,0.546656,78.75,72.719,45.4216,3.72606,5.05907,7.0742,43.842,48.1038,57.2801,61.6004,72.719,80.7062,92.1645,93.5254,95.5236,105.861,108.279,119.465,27.0686,26.8694,27.0588,67.2051,18.5848,-2.69823,1.10968,0.276538,-0.145185,0.0597094,74.9019,79.5017,63.3603,88.1533,2.87,175,86,23,3,0,0,0,0,0,88.1533,144.571,48.4321,38.676,79.4286,63.4286,5116,56724,28645.9,13602.6,1.85764e+08,0.474852,-0.0212943,1.8184,0.455935,11735.2,29496,22679,5952.64,7867.8,9713.2,14196.8,17667,19085.6,23002.2,29496,33698.8,38371.6,40346,42902.8,46177.2,48816,53617,11814.9,11799.5,17875.4,28645.9,7871.31,-61.8339,-6.47383,0.27478,-0.00785561,-0.000822459,31711.4,34014.4,33,0.114983,-0.0446502,0.138116,-0.327109,0.20417,1,0.00348432,0.705734,0,0.705734,0.705734,13,0.0452962,4.23384,0.591005,2.97823,4.95286,22,0.0766551,6.90768,1.2297,5.12988,9.74992,6,0.0209059,13.844,2.53787,12.2146,19.4585,28,0.097561,44.4659,5.57585,20.1756,49.3295,139,0.484321,76.4337,13.67,51.6957,97.4091,45,0.156794,107.633,5.40427,100.359,120.469,33,0.114983,35962.5,12588.1,10649,61259,1,0.00348432,25692,0,25692,25692,13,0.0452962,25694.3,11750.2,8710,45191,22,0.0766551,31763.5,11080,8115,46800,6,0.0209059,11456.3,3587.51,6217,17667,28,0.097561,28084.2,15003.1,7742,54690,139,0.484321,29283.7,13473.6,5116,56724,45,0.156794,28645.8,13774.1,6196,51781
16,19,1.02392e+06,598880,92,54,2.12297,60.5179,9.60605,15.1016,232.621,1.5721,2.8259,9.56294,0.128146,3.25,3.84623,3.59905,2.13109,2.17233,2.64271,3.07332,3.27211,3.39291,3.6234,3.84623,4.11436,5.21835,6.87117,12.1698,15.2191,59.1066,60.3773,9.13509,6.49903,6.65078,9.60605,5.57136,3.8445,2.59832,0.579985,0.690046,0.466371,17.8979,25.8089,6.72148,55.4348,0.92,54,29,8,1,0,0,0,0,0,55.4348,94.4444,11.9565,42.3913,20.3704,72.2222,8051,54191,27961.9,12614.2,1.623e+08,0.45112,0.0610101,2.05459,0.431532,8051.25,27301,17903,8300.5,9077.5,9545,14311,18688.5,20676,25012,27301,32183,35094,36591.5,40530,43140,47878,52453,10514,10501,19910.6,27961.9,7378.39,107.269,312.301,0.263873,0.0145383,0.0423265,30675.5,32813.9,17,0.184783,0.0121043,0.240571,-0.447315,0.465383,24,0.26087,1.27971,0.454193,0.573532,1.99825,35,0.380435,3.41151,0.700897,2.12297,4.77198,5,0.0543478,6.37888,0.932438,5.21835,7.51071,7,0.076087,14.2348,1.05397,12.1698,15.5825,0,0,0,0,0,0,4,0.0434783,59.742,0.740383,58.5877,60.5179,0,0,0,0,0,0,17,0.184783,36077.4,13177.6,10963,53382,24,0.26087,38455,11939.9,10255,58540,35,0.380435,31933.6,10286.6,8881,54191,5,0.0543478,17392.2,12517,8051,42013,7,0.076087,11359.6,3868.14,8550,20468,0,0,0,0,0,0,4,0.0434783,35475.8,8021.66,22326,43140,0,0,0,0,0,0
17,19,1.02393e+06,598880,111,89,2.00109,81.243,19.6624,30.5208,952.222,1.55224,1.43622,3.15346,0.222878,3.75,3.59863,2.85619,2.1009,2.3953,2.52149,2.96443,3.06879,3.24499,3.38176,3.59863,3.78965,4.1912,5.92498,33.4203,80.5842,80.9067,81.156,24.7541,16.6776,16.6886,19.6624,13.3511,7.74052,2.43085,0.679019,0.579765,0.18207,36.3061,46.9334,14.4988,41.4414,1.11,89,21,1,0,0,0,0,0,0,41.4414,51.6854,9.90991,18.9189,12.3596,23.5955,5772,59068,39197,15276.8,2.38567e+08,0.389743,-0.690536,2.53355,0.627159,5772.25,40964.5,20995.8,6776.4,8511.5,13966.5,27974,29923.2,33095,39767,40964.5,44899,49540,50919,52344,57726,58412,58935.7,12230.9,11968.4,33424.8,39197,8695.51,-1546.12,749.387,0.221841,-0.177806,0.0861809,42068.9,44003.5,38,0.342342,0.115664,0.203808,-0.259113,0.444965,27,0.243243,0.881157,0.379313,0.562342,1.99175,33,0.297297,3.25223,0.565965,2.00109,4.3299,2,0.018018,5.75771,0.334539,5.42317,6.09225,0,0,0,0,0,0,2,0.018018,30.5784,2.84188,27.7366,33.4203,9,0.0810811,80.4971,0.633855,79.3232,81.243,0,0,0,0,0,0,38,0.342342,50064.8,11333.5,19491,65535,27,0.243243,46060.8,9090.4,24272,59186,33,0.297297,43399.1,12871.6,11077,59068,2,0.018018,8192.5,188.5,8004,8381,0,0,0,0,0,0,2,0.018018,7337.5,1565.5,5772,8903,9,0.0810811,37759.3,8877.38,21607,52877,0,0,0,0,0,0
18,19,1.02394e+06,598880,248,144,2.99832,116.06,71.3411,32.9125,1090.18,0.461341,-1.1047,2.96406,0.604474,91.25,84.2306,26.87,3.25406,3.8704,5.53542,42.6361,64.097,66.5464,81.9729,84.2306,87.1027,90.3784,90.967,91.3961,92.1488,114.678,115.897,26.2184,22.232,23.6977,71.3411,16.7735,-5.39881,2.71455,0.235117,-0.321866,0.161836,78.5671,82.2066,67.0112,63.3064,2.48,144,81,20,2,1,0,0,0,0,63.3064,109.028,43.5484,14.5161,75,25,5340,53371,29347,13399.9,1.80707e+08,0.4566,-0.101267,1.78137,0.499824,5340.25,29970,23152,6305.52,8860.2,10194.8,14881.6,18259,19954.6,25363.4,29970,34267.6,38947,41411,42616.4,46032.6,49029.2,52277.1,11642.1,11628.7,24006.8,29347,7772.87,-236.873,-44.7003,0.264861,-0.0304743,-0.00575081,32261.5,34437.2,73,0.294355,-0.0529694,0.225994,-0.394505,0.498992,18,0.0725806,0.989484,0.357746,0.568307,1.8139,15,0.0604839,3.88325,0.531105,2.99832,4.66982,8,0.0322581,6.65995,0.993058,5.53313,8.53608,3,0.0120968,16.4021,3.28441,12.0159,19.9189,7,0.0282258,35.7901,7.98691,21.1354,46.5019,112,0.451613,84.0157,9.021,55.246,92.3844,12,0.0483871,114.96,0.863787,113.52,116.06,73,0.294355,40167.4,14958,8589,65060,18,0.0725806,42111.7,11472.8,15039,57532,15,0.0604839,22612.6,6264.89,9512,33863,8,0.0322581,18400.1,7920.63,7292,32049,3,0.0120968,10458,1892.76,7825,12192,7,0.0282258,11194,3450.86,6467,18259,112,0.451613,32544.2,13297.1,5340,53371,12,0.0483871,30534,9240.94,14255,41390
19,19,1.02395e+06,598880,318,179,3.0174,128.472,93.3777,19.7912,393.216,0.211948,-0.702014,3.91622,0.720263,83.25,95.2005,27.8644,49.4923,56.4715,69.1411,79.2513,80.6084,83.2157,88.5353,95.2005,101.408,106.858,108.473,110.318,117.914,121.669,124.729,16.172,16.1539,18.1325,93.3777,11.0793,-1.11931,1.0096,0.118651,-0.101027,0.0911247,95.4521,97.2054,89.0144,81.1321,3.18,179,118,20,1,0,0,0,0,0,81.1321,144.134,41.8239,56.2893,74.3017,100,4139,56929,29512,12743.3,1.63024e+08,0.431801,0.00200998,2.02183,0.480641,25067.2,29700.5,19719.5,7022.2,9058.75,11974.2,16964.6,19760,21549.5,25457.4,29700.5,33897.4,37763.3,39479.5,41350,47400.1,49802.9,53851,10845,10844.8,11327.1,29512,7366.2,-12.3734,282.795,0.2496,-0.00167976,0.0383909,32145.8,34223.9,45,0.141509,0.139233,0.234401,-0.229329,0.498611,15,0.0471698,0.859718,0.370336,0.519444,1.88506,1,0.00314465,3.0174,0,3.0174,3.0174,0,0,0,0,0,0,0,0,0,0,0,0,3,0.00943396,43.2997,8.68874,31.0196,49.8155,146,0.459119,81.4693,12.4524,50.4662,99.9617,108,0.339623,111.704,7.15309,100.632,128.472,45,0.141509,36635.6,11896.6,8558,56097,15,0.0471698,33822.5,13682.4,8133,52933,1,0.00314465,20438,0,20438,20438,0,0,0,0,0,0,0,0,0,0,0,0,3,0.00943396,16190.3,6280.85,11474,25067,146,0.459119,30255.1,13611.6,4139,56929,108,0.339623,28961.6,11385.7,6988,51313
