Col,Row,X,Y,TotalReturns,FirstReturns,elev_min,elev_max,elev_mean,elev_stddev,elev_variance,elev_cv,elev_skewness,elev_kurtosis,elev_crr,elev_mode,elev_median,elev_iqr,elev_p01,elev_p05,elev_p10,elev_p20,elev_p25,elev_p30,elev_p40,elev_p50,elev_p60,elev_p70,elev_p75,elev_p80,elev_p90,elev_p95,elev_p99,elev_aad,elev_mad_median,elev_mad_mode,elev_l1,elev_l2,elev_l3,elev_l4,elev_l_cv,elev_l_skewness,elev_l_kurtosis,elev_quadratic_mean,elev_cubic_mean,elev_profile_area,CanopyCover,PointDensity,r1count,r2count,r3count,r4count,r5count,r6count,r7count,r8count,r9count,allcover,afcover,allabovemean,allabovemode,afabovemean,afabovemode,int_min,int_max,int_mean,int_stddev,int_variance,int_cv,int_skewness,int_kurtosis,int_crr,int_mode,int_median,int_iqr,int_p01,int_p05,int_p10,int_p20,int_p25,int_p30,int_p40,int_p50,int_p60,int_p70,int_p75,int_p80,int_p90,int_p95,int_p99,int_aad,int_mad_median,int_mad_mode,int_l1,int_l2,int_l3,int_l4,int_l_cv,int_l_skewness,int_l_kurtosis,int_quadratic_mean,int_cubic_mean,stratum_00_count,stratum_00_proportion,stratum_00_mean,stratum_00_stddev,stratum_00_min,stratum_00_max,stratum_01_count,stratum_01_proportion,stratum_01_mean,stratum_01_stddev,stratum_01_min,stratum_01_max,stratum_02_count,stratum_02_proportion,stratum_02_mean,stratum_02_stddev,stratum_02_min,stratum_02_max,stratum_03_count,stratum_03_proportion,stratum_03_mean,stratum_03_stddev,stratum_03_min,stratum_03_max,stratum_04_count,stratum_04_proportion,stratum_04_mean,stratum_04_stddev,stratum_04_min,stratum_04_max,stratum_05_count,stratum_05_proportion,stratum_05_mean,stratum_05_stddev,stratum_05_min,stratum_05_max,intstratum_00_count,intstratum_00_proportion,intstratum_00_mean,intstratum_00_stddev,intstratum_00_min,intstratum_00_max,intstratum_01_count,intstratum_01_proportion,intstratum_01_mean,intstratum_01_stddev,intstratum_01_min,intstratum_01_max,intstratum_02_count,intstratum_02_proportion,intstratum_02_mean,intstratum_02_stddev,intstratum_02_min,intstratum_02_max,intstratum_03_count,intstratum_03_proportion,intstratum_03_mean,intstratum_03_stddev,intstratum_03_min,intstratum_03_max,intstratum_04_count,intstratum_04_proportion,intstratum_04_mean,intstratum_04_stddev,intstratum_04_min,intstratum_04_max,intstratum_05_count,intstratum_05_proportion,intstratum_05_mean,intstratum_05_stddev,intstratum_05_min,intstratum_05_max
0,0,5,-5,102,102,0,0,0,0,0,0,0,0,0,0,0,0,0,0,0,0,0,0,0,0,0,0,0,0,0,0,0,0,0,0,0,0,0,0,0,0,0,0,0,0,0,1.02,102,0,0,0,0,0,0,0,0,0,0,0,0,0,0,0,0,0,0,0,0,0,0,0,0,0,0,0,0,0,0,0,0,0,0,0,0,0,0,0,0,0,0,0,0,0,0,0,0,0,0,0,0,0,68,0.666667,0.138878,0.312505,-0.719971,0.495601,34,0.333333,0.58764,0.0545434,0.501214,0.696213,0,0,0,0,0,0,0,0,0,0,0,0,0,0,0,0,0,0,0,0,0,0,0,0,68,0.666667,52871.4,2037.63,49007,56785,34,0.333333,52798.2,1491.3,49120,55997,0,0,0,0,0,0,0,0,0,0,0,0,0,0,0,0,0,0,0,0,0,0,0,0
1,0,15,-5,91,91,0,0,0,0,0,0,0,0,0,0,0,0,0,0,0,0,0,0,0,0,0,0,0,0,0,0,0,0,0,0,0,0,0,0,0,0,0,0,0,0,0,0.91,91,0,0,0,0,0,0,0,0,0,0,0,0,0,0,0,0,0,0,0,0,0,0,0,0,0,0,0,0,0,0,0,0,0,0,0,0,0,0,0,0,0,0,0,0,0,0,0,0,0,0,0,0,0,50,0.549451,0.257476,0.321243,-0.549985,0.499389,41,0.450549,0.550408,0.0382535,0.500348,0.66222,0,0,0,0,0,0,0,0,0,0,0,0,0,0,0,0,0,0,0,0,0,0,0,0,50,0.549451,52788.9,1486.13,49480,56128,41,0.450549,52794.7,1923.09,49240,57346,0,0,0,0,0,0,0,0,0,0,0,0,0,0,0,0,0,0,0,0,0,0,0,0
2,0,25,-5,106,106,0,0,0,0,0,0,0,0,0,0,0,0,0,0,0,0,0,0,0,0,0,0,0,0,0,0,0,0,0,0,0,0,0,0,0,0,0,0,0,0,0,1.06,106,0,0,0,0,0,0,0,0,0,0,0,0,0,0,0,0,0,0,0,0,0,0,0,0,0,0,0,0,0,0,0,0,0,0,0,0,0,0,0,0,0,0,0,0,0,0,0,0,0,0,0,0,0,77,0.726415,0.31885,0.222542,-0.299995,0.496105,29,0.273585,0.541039,0.0257542,0.501439,0.595838,0,0,0,0,0,0,0,0,0,0,0,0,0,0,0,0,0,0,0,0,0,0,0,0,77,0.726415,53019.5,1442.74,49061,56722,29,0.273585,52877.3,1833.01,50048,56310,0,0,0,0,0,0,0,0,0,0,0,0,0,0,0,0,0,0,0,0,0,0,0,0
3,0,35,-5,89,89,0,0,0,0,0,0,0,0,0,0,0,0,0,0,0,0,0,0,0,0,0,0,0,0,0,0,0,0,0,0,0,0,0,0,0,0,0,0,0,0,0,0.89,89,0,0,0,0,0,0,0,0,0,0,0,0,0,0,0,0,0,0,0,0,0,0,0,0,0,0,0,0,0,0,0,0,0,0,0,0,0,0,0,0,0,0,0,0,0,0,0,0,0,0,0,0,0,83,0.932584,0.354984,0.144601,-0.129993,0.498752,6,0.0674157,0.547504,0.0149319,0.518502,0.564347,0,0,0,0,0,0,0,0,0,0,0,0,0,0,0,0,0,0,0,0,0,0,0,0,83,0.932584,52715.8,2036.91,47243,58034,6,0.0674157,50711,1577.32,48851,53007,0,0,0,0,0,0,0,0,0,0,0,0,0,0,0,0,0,0,0,0,0,0,0,0
4,0,45,-5,96,96,0,0,0,0,0,0,0,0,0,0,0,0,0,0,0,0,0,0,0,0,0,0,0,0,0,0,0,0,0,0,0,0,0,0,0,0,0,0,0,0,0,0.96,96,0,0,0,0,0,0,0,0,0,0,0,0,0,0,0,0,0,0,0,0,0,0,0,0,0,0,0,0,0,0,0,0,0,0,0,0,0,0,0,0,0,0,0,0,0,0,0,0,0,0,0,0,0,90,0.9375,0.321299,0.102805,-0.100022,0.489971,6,0.0625,0.551725,0.0297792,0.508946,0.590862,0,0,0,0,0,0,0,0,0,0,0,0,0,0,0,0,0,0,0,0,0,0,0,0,90,0.9375,51604.6,1538.71,48374,55155,6,0.0625,50446.5,1387.04,48851,52589,0,0,0,0,0,0,0,0,0,0,0,0,0,0,0,0,0,0,0,0,0,0,0,0
5,0,55,-5,100,100,0,0,0,0,0,0,0,0,0,0,0,0,0,0,0,0,0,0,0,0,0,0,0,0,0,0,0,0,0,0,0,0,0,0,0,0,0,0,0,0,0,1,100,0,0,0,0,0,0,0,0,0,0,0,0,0,0,0,0,0,0,0,0,0,0,0,0,0,0,0,0,0,0,0,0,0,0,0,0,0,0,0,0,0,0,0,0,0,0,0,0,0,0,0,0,0,91,0.91,0.392495,0.0693907,0.13002,0.490161,9,0.09,0.577117,0.0738177,0.50718,0.750002,0,0,0,0,0,0,0,0,0,0,0,0,0,0,0,0,0,0,0,0,0,0,0,0,91,0.91,51029.9,1499.41,47058,54600,9,0.09,52172.3,1934.89,49575,54419,0,0,0,0,0,0,0,0,0,0,0,0,0,0,0,0,0,0,0,0,0,0,0,0
6,0,65,-5,91,91,0,0,0,0,0,0,0,0,0,0,0,0,0,0,0,0,0,0,0,0,0,0,0,0,0,0,0,0,0,0,0,0,0,0,0,0,0,0,0,0,0,0.91,91,0,0,0,0,0,0,0,0,0,0,0,0,0,0,0,0,0,0,0,0,0,0,0,0,0,0,0,0,0,0,0,0,0,0,0,0,0,0,0,0,0,0,0,0,0,0,0,0,0,0,0,0,0,64,0.703297,0.432947,0.0432152,0.319995,0.498218,27,0.296703,0.600513,0.0714367,0.504742,0.76002,0,0,0,0,0,0,0,0,0,0,0,0,0,0,0,0,0,0,0,0,0,0,0,0,64,0.703297,51158.6,1253.23,47327,53432,27,0.296703,51179.7,1361.8,48618,54631,0,0,0,0,0,0,0,0,0,0,0,0,0,0,0,0,0,0,0,0,0,0,0,0
7,0,75,-5,85,85,0,0,0,0,0,0,0,0,0,0,0,0,0,0,0,0,0,0,0,0,0,0,0,0,0,0,0,0,0,0,0,0,0,0,0,0,0,0,0,0,0,0.85,85,0,0,0,0,0,0,0,0,0,0,0,0,0,0,0,0,0,0,0,0,0,0,0,0,0,0,0,0,0,0,0,0,0,0,0,0,0,0,0,0,0,0,0,0,0,0,0,0,0,0,0,0,0,73,0.858824,0.374577,0.0809962,0.199976,0.499988,12,0.141176,0.546802,0.0451356,0.505685,0.679995,0,0,0,0,0,0,0,0,0,0,0,0,0,0,0,0,0,0,0,0,0,0,0,0,73,0.858824,53103.1,1638.63,49957,56873,12,0.141176,51976.3,1956.35,49987,55973,0,0,0,0,0,0,0,0,0,0,0,0,0,0,0,0,0,0,0,0,0,0,0,0
8,0,85,-5,95,95,0,0,0,0,0,0,0,0,0,0,0,0,0,0,0,0,0,0,0,0,0,0,0,0,0,0,0,0,0,0,0,0,0,0,0,0,0,0,0,0,0,0.95,95,0,0,0,0,0,0,0,0,0,0,0,0,0,0,0,0,0,0,0,0,0,0,0,0,0,0,0,0,0,0,0,0,0,0,0,0,0,0,0,0,0,0,0,0,0,0,0,0,0,0,0,0,0,69,0.726316,0.429297,0.0450716,0.290024,0.499682,26,0.273684,0.601936,0.0781963,0.50451,0.759976,0,0,0,0,0,0,0,0,0,0,0,0,0,0,0,0,0,0,0,0,0,0,0,0,69,0.726316,51787.1,1760.35,48134,56348,26,0.273684,51378.1,2160.31,48313,55999,0,0,0,0,0,0,0,0,0,0,0,0,0,0,0,0,0,0,0,0,0,0,0,0
9,0,95,-5,99,99,0,0,0,0,0,0,0,0,0,0,0,0,0,0,0,0,0,0,0,0,0,0,0,0,0,0,0,0,0,0,0,0,0,0,0,0,0,0,0,0,0,0.99,99,0,0,0,0,0,0,0,0,0,0,0,0,0,0,0,0,0,0,0,0,0,0,0,0,0,0,0,0,0,0,0,0,0,0,0,0,0,0,0,0,0,0,0,0,0,0,0,0,0,0,0,0,0,59,0.59596,0.414481,0.0610878,0.199993,0.493255,40,0.40404,0.693753,0.215941,0.501832,1.24999,0,0,0,0,0,0,0,0,0,0,0,0,0,0,0,0,0,0,0,0,0,0,0,0,59,0.59596,52005.9,1356.91,49150,55567,40,0.40404,53577.4,2589.21,49330,59375,0,0,0,0,0,0,0,0,0,0,0,0,0,0,0,0,0,0,0,0,0,0,0,0
10,0,105,-5,93,93,0,0,0,0,0,0,0,0,0,0,0,0,0,0,0,0,0,0,0,0,0,0,0,0,0,0,0,0,0,0,0,0,0,0,0,0,0,0,0,0,0,0.93,93,0,0,0,0,0,0,0,0,0,0,0,0,0,0,0,0,0,0,0,0,0,0,0,0,0,0,0,0,0,0,0,0,0,0,0,0,0,0,0,0,0,0,0,0,0,0,0,0,0,0,0,0,0,89,0.956989,0.26964,0.120682,-0.129985,0.430015,4,0.0430108,0.546269,0.0372341,0.502763,0.600015,0,0,0,0,0,0,0,0,0,0,0,0,0,0,0,0,0,0,0,0,0,0,0,0,89,0.956989,52382.9,1552.87,48522,56154,4,0.0430108,52073,2302.02,49658,54592,0,0,0,0,0,0,0,0,0,0,0,0,0,0,0,0,0,0,0,0,0,0,0,0
11,0,115,-5,92,92,0,0,0,0,0,0,0,0,0,0,0,0,0,0,0,0,0,0,0,0,0,0,0,0,0,0,0,0,0,0,0,0,0,0,0,0,0,0,0,0,0,0.92,92,0,0,0,0,0,0,0,0,0,0,0,0,0,0,0,0,0,0,0,0,0,0,0,0,0,0,0,0,0,0,0,0,0,0,0,0,0,0,0,0,0,0,0,0,0,0,0,0,0,0,0,0,0,85,0.923913,0.282994,0.106441,-0.10002,0.493516,7,0.076087,0.579553,0.0597825,0.517074,0.70491,0,0,0,0,0,0,0,0,0,0,0,0,0,0,0,0,0,0,0,0,0,0,0,0,85,0.923913,51806.8,1554.84,47806,55780,7,0.076087,52738.4,1302.72,50735,54280,0,0,0,0,0,0,0,0,0,0,0,0,0,0,0,0,0,0,0,0,0,0,0,0
12,0,125,-5,100,100,0,0,0,0,0,0,0,0,0,0,0,0,0,0,0,0,0,0,0,0,0,0,0,0,0,0,0,0,0,0,0,0,0,0,0,0,0,0,0,0,0,1,100,0,0,0,0,0,0,0,0,0,0,0,0,0,0,0,0,0,0,0,0,0,0,0,0,0,0,0,0,0,0,0,0,0,0,0,0,0,0,0,0,0,0,0,0,0,0,0,0,0,0,0,0,0,99,0.99,0.282097,0.099572,1.70898e-05,0.473784,1,0.01,0.513534,0,0.513534,0.513534,0,0,0,0,0,0,0,0,0,0,0,0,0,0,0,0,0,0,0,0,0,0,0,0,99,0.99,51657.7,1432.73,46848,54561,1,0.01,51063,0,51063,51063,0,0,0,0,0,0,0,0,0,0,0,0,0,0,0,0,0,0,0,0,0,0,0,0
13,0,135,-5,97,97,0,0,0,0,0,0,0,0,0,0,0,0,0,0,0,0,0,0,0,0,0,0,0,0,0,0,0,0,0,0,0,0,0,0,0,0,0,0,0,0,0,0.97,97,0,0,0,0,0,0,0,0,0,0,0,0,0,0,0,0,0,0,0,0,0,0,0,0,0,0,0,0,0,0,0,0,0,0,0,0,0,0,0,0,0,0,0,0,0,0,0,0,0,0,0,0,0,97,1,0.204135,0.0733572,2.92969e-05,0.360017,0,0,0,0,0,0,0,0,0,0,0,0,0,0,0,0,0,0,0,0,0,0,0,0,0,0,0,0,0,0,97,1,52006.3,1485.05,48374,55499,0,0,0,0,0,0,0,0,0,0,0,0,0,0,0,0,0,0,0,0,0,0,0,0,0,0,0,0,0,0
14,0,145,-5,102,102,0,0,0,0,0,0,0,0,0,0,0,0,0,0,0,0,0,0,0,0,0,0,0,0,0,0,0,0,0,0,0,0,0,0,0,0,0,0,0,0,0,1.02,102,0,0,0,0,0,0,0,0,0,0,0,0,0,0,0,0,0,0,0,0,0,0,0,0,0,0,0,0,0,0,0,0,0,0,0,0,0,0,0,0,0,0,0,0,0,0,0,0,0,0,0,0,0,85,0.833333,0.285275,0.0803197,0.0872716,0.490012,17,0.166667,0.794411,0.195874,0.50001,1.20979,0,0,0,0,0,0,0,0,0,0,0,0,0,0,0,0,0,0,0,0,0,0,0,0,85,0.833333,51729.9,1315.5,48253,55723,17,0.166667,54768.4,2710.43,49629,59189,0,0,0,0,0,0,0,0,0,0,0,0,0,0,0,0,0,0,0,0,0,0,0,0
15,0,155,-5,97,96,3.16412,3.16412,3.16412,0,0,0,0,0,0,3.25,3.16412,0,3.16412,3.16412,3.16412,3.16412,3.16412,3.16412,3.16412,3.16412,3.16412,3.16412,3.16412,3.16412,3.16412,3.16412,3.16412,0,0,0.08588,3.16412,0,0,0,0,0,0,3.16412,3.16412,0,1.03093,0.97,96,1,0,0,0,0,0,0,0,1.03093,1.04167,0,0,0,0,31138,31138,31138,0,0,0,0,0,0,31138.2,31138,0,31138,31138,31138,31138,31138,31138,31138,31138,31138,31138,31138,31138,31138,31138,31138,0,0,0.25,31138,0,0,0,0,0,0,31138,31138,93,0.958763,0.206161,0.072191,0.060022,0.46001,3,0.0309278,0.54001,0.0141422,0.53001,0.56001,1,0.0103093,3.16412,0,3.16412,3.16412,0,0,0,0,0,0,0,0,0,0,0,0,0,0,0,0,0,0,93,0.958763,51369.1,1546.61,48403,56466,3,0.0309278,50975.3,641.875,50137,51696,1,0.0103093,31138,0,31138,31138,0,0,0,0,0,0,0,0,0,0,0,0,0,0,0,0,0,0
16,0,165,-5,96,96,0,0,0,0,0,0,0,0,0,0,0,0,0,0,0,0,0,0,0,0,0,0,0,0,0,0,0,0,0,0,0,0,0,0,0,0,0,0,0,0,0,0.96,96,0,0,0,0,0,0,0,0,0,0,0,0,0,0,0,0,0,0,0,0,0,0,0,0,0,0,0,0,0,0,0,0,0,0,0,0,0,0,0,0,0,0,0,0,0,0,0,0,0,0,0,0,0,96,1,0.205975,0.0904669,0.0399878,0.489993,0,0,0,0,0,0,0,0,0,0,0,0,0,0,0,0,0,0,0,0,0,0,0,0,0,0,0,0,0,0,96,1,51795.7,1368.05,48732,54920,0,0,0,0,0,0,0,0,0,0,0,0,0,0,0,0,0,0,0,0,0,0,0,0,0,0,0,0,0,0
17,0,175,-5,88,88,0,0,0,0,0,0,0,0,0,0,0,0,0,0,0,0,0,0,0,0,0,0,0,0,0,0,0,0,0,0,0,0,0,0,0,0,0,0,0,0,0,0.88,88,0,0,0,0,0,0,0,0,0,0,0,0,0,0,0,0,0,0,0,0,0,0,0,0,0,0,0,0,0,0,0,0,0,0,0,0,0,0,0,0,0,0,0,0,0,0,0,0,0,0,0,0,0,74,0.840909,0.298491,0.0842538,0.0972109,0.490027,14,0.159091,0.662865,0.0880253,0.519983,0.849983,0,0,0,0,0,0,0,0,0,0,0,0,0,0,0,0,0,0,0,0,0,0,0,0,74,0.840909,52212.2,1869.07,47984,55668,14,0.159091,52317.9,2541.99,48463,57123,0,0,0,0,0,0,0,0,0,0,0,0,0,0,0,0,0,0,0,0,0,0,0,0
18,0,185,-5,100,100,0,0,0,0,0,0,0,0,0,0,0,0,0,0,0,0,0,0,0,0,0,0,0,0,0,0,0,0,0,0,0,0,0,0,0,0,0,0,0,0,0,1,100,0,0,0,0,0,0,0,0,0,0,0,0,0,0,0,0,0,0,0,0,0,0,0,0,0,0,0,0,0,0,0,0,0,0,0,0,0,0,0,0,0,0,0,0,0,0,0,0,0,0,0,0,0,51,0.51,0.432028,0.0569269,0.270986,0.497826,49,0.49,0.773208,0.294857,0.501307,1.44003,0,0,0,0,0,0,0,0,0,0,0,0,0,0,0,0,0,0,0,0,0,0,0,0,51,0.51,51784.5,1484.2,48343,56029,49,0.49,51425.1,1399.61,47626,54093,0,0,0,0,0,0,0,0,0,0,0,0,0,0,0,0,0,0,0,0,0,0,0,0
19,0,195,-5,102,102,808.46,809.55,808.955,0.265736,0.0735582,0.000328493,0.175898,2.6358,0.454308,808.75,808.99,0.330017,808.47,808.518,808.63,808.754,808.76,808.796,808.88,808.99,809.032,809.05,809.09,809.126,809.32,809.368,809.509,0.213376,0.211599,0.2676,808.955,0.155766,0.00455378,0.0226297,0.000192552,0.0292348,0.14528,808.955,808.955,0.482021,24.5098,1.02,102,0,0,0,0,0,0,0,0,24.5098,24.5098,13.7255,19.6078,13.7255,19.6078,47446,53406,49891.8,1637.03,2.79154e+06,0.0328117,0.283866,2.4681,0.410369,50502.2,50018,2302,47460.4,47518,47697.6,48170.2,48427,48659.8,49808,50018,50495.4,50545.2,50729,50970.8,51756.6,52947.4,53360.9,1327.84,1318.6,1353.97,49891.8,957.157,40.7587,91.1629,0.0191846,0.0425831,0.0952435,49918.6,49945.6,8,0.0784314,0.478981,0.0210326,0.440462,0.498859,69,0.676471,0.763922,0.33089,0.506033,1.83999,0,0,0,0,0,0,0,0,0,0,0,0,0,0,0,0,0,0,25,0.245098,808.955,0.265736,808.46,809.55,8,0.0784314,51212.8,887.632,49627,52344,69,0.676471,50541.1,1306.87,47536,53531,0,0,0,0,0,0,0,0,0,0,0,0,0,0,0,0,0,0,25,0.245098,49891.8,1637.03,47446,53406
0,1,5,-15,97,97,0,0,0,0,0,0,0,0,0,0,0,0,0,0,0,0,0,0,0,0,0,0,0,0,0,0,0,0,0,0,0,0,0,0,0,0,0,0,0,0,0,0.97,97,0,0,0,0,0,0,0,0,0,0,0,0,0,0,0,0,0,0,0,0,0,0,0,0,0,0,0,0,0,0,0,0,0,0,0,0,0,0,0,0,0,0,0,0,0,0,0,0,0,0,0,0,0,51,0.525773,0.382762,0.138069,0,0.49481,46,0.474227,0.563847,0.0478871,0.500698,0.720012,0,0,0,0,0,0,0,0,0,0,0,0,0,0,0,0,0,0,0,0,0,0,0,0,51,0.525773,52248.9,1501.26,48582,55630,46,0.474227,51508.9,1484.21,48308,54382,0,0,0,0,0,0,0,0,0,0,0,0,0,0,0,0,0,0,0,0,0,0,0,0
1,1,15,-15,89,89,0,0,0,0,0,0,0,0,0,0,0,0,0,0,0,0,0,0,0,0,0,0,0,0,0,0,0,0,0,0,0,0,0,0,0,0,0,0,0,0,0,0.89,89,0,0,0,0,0,0,0,0,0,0,0,0,0,0,0,0,0,0,0,0,0,0,0,0,0,0,0,0,0,0,0,0,0,0,0,0,0,0,0,0,0,0,0,0,0,0,0,0,0,0,0,0,0,52,0.58427,0.43804,0.0423503,0.333088,0.49994,37,0.41573,0.573445,0.0724189,0.500462,0.768483,0,0,0,0,0,0,0,0,0,0,0,0,0,0,0,0,0,0,0,0,0,0,0,0,52,0.58427,51766.3,1764.28,48189,55873,37,0.41573,50764.9,1288.01,48702,54998,0,0,0,0,0,0,0,0,0,0,0,0,0,0,0,0,0,0,0,0,0,0,0,0
2,1,25,-15,102,102,0,0,0,0,0,0,0,0,0,0,0,0,0,0,0,0,0,0,0,0,0,0,0,0,0,0,0,0,0,0,0,0,0,0,0,0,0,0,0,0,0,1.02,102,0,0,0,0,0,0,0,0,0,0,0,0,0,0,0,0,0,0,0,0,0,0,0,0,0,0,0,0,0,0,0,0,0,0,0,0,0,0,0,0,0,0,0,0,0,0,0,0,0,0,0,0,0,80,0.784314,0.325334,0.094645,0.0889509,0.498981,22,0.215686,0.683049,0.133405,0.502997,0.940758,0,0,0,0,0,0,0,0,0,0,0,0,0,0,0,0,0,0,0,0,0,0,0,0,80,0.784314,52506.7,1546.18,48906,56217,22,0.215686,53240.3,1605.06,49749,56654,0,0,0,0,0,0,0,0,0,0,0,0,0,0,0,0,0,0,0,0,0,0,0,0
3,1,35,-15,89,89,0,0,0,0,0,0,0,0,0,0,0,0,0,0,0,0,0,0,0,0,0,0,0,0,0,0,0,0,0,0,0,0,0,0,0,0,0,0,0,0,0,0.89,89,0,0,0,0,0,0,0,0,0,0,0,0,0,0,0,0,0,0,0,0,0,0,0,0,0,0,0,0,0,0,0,0,0,0,0,0,0,0,0,0,0,0,0,0,0,0,0,0,0,0,0,0,0,89,1,0.359759,0.0536573,0.199538,0.465223,0,0,0,0,0,0,0,0,0,0,0,0,0,0,0,0,0,0,0,0,0,0,0,0,0,0,0,0,0,0,89,1,52634.3,1514.96,49031,56404,0,0,0,0,0,0,0,0,0,0,0,0,0,0,0,0,0,0,0,0,0,0,0,0,0,0,0,0,0,0
4,1,45,-15,88,88,0,0,0,0,0,0,0,0,0,0,0,0,0,0,0,0,0,0,0,0,0,0,0,0,0,0,0,0,0,0,0,0,0,0,0,0,0,0,0,0,0,0.88,88,0,0,0,0,0,0,0,0,0,0,0,0,0,0,0,0,0,0,0,0,0,0,0,0,0,0,0,0,0,0,0,0,0,0,0,0,0,0,0,0,0,0,0,0,0,0,0,0,0,0,0,0,0,85,0.965909,0.324365,0.0799266,0.123034,0.482212,3,0.0340909,0.542138,0.0120289,0.525154,0.551476,0,0,0,0,0,0,0,0,0,0,0,0,0,0,0,0,0,0,0,0,0,0,0,0,85,0.965909,51449.6,1481.9,48044,54874,3,0.0340909,51675.3,1926.04,50012,54375,0,0,0,0,0,0,0,0,0,0,0,0,0,0,0,0,0,0,0,0,0,0,0,0
5,1,55,-15,92,91,3.74047,3.74047,3.74047,0,0,0,0,0,0,3.75,3.74047,0,3.74047,3.74047,3.74047,3.74047,3.74047,3.74047,3.74047,3.74047,3.74047,3.74047,3.74047,3.74047,3.74047,3.74047,3.74047,0,0,0.00953293,3.74047,0,0,0,0,0,0,3.74047,3.74047,0,1.08696,0.92,91,1,0,0,0,0,0,0,0,1.08696,1.0989,0,0,0,0,36022,36022,36022,0,0,0,0,0,0,36022.2,36022,0,36022,36022,36022,36022,36022,36022,36022,36022,36022,36022,36022,36022,36022,36022,36022,0,0,0.25,36022,0,0,0,0,0,0,36022,36022,88,0.956522,0.399542,0.0541679,0.265385,0.498342,3,0.0326087,0.505828,0.00477832,0.500775,0.51224,1,0.0108696,3.74047,0,3.74047,3.74047,0,0,0,0,0,0,0,0,0,0,0,0,0,0,0,0,0,0,88,0.956522,50739.8,1752.61,41971,54468,3,0.0326087,51128.3,206.102,50915,51407,1,0.0108696,36022,0,36022,36022,0,0,0,0,0,0,0,0,0,0,0,0,0,0,0,0,0,0
6,1,65,-15,94,94,0,0,0,0,0,0,0,0,0,0,0,0,0,0,0,0,0,0,0,0,0,0,0,0,0,0,0,0,0,0,0,0,0,0,0,0,0,0,0,0,0,0.94,94,0,0,0,0,0,0,0,0,0,0,0,0,0,0,0,0,0,0,0,0,0,0,0,0,0,0,0,0,0,0,0,0,0,0,0,0,0,0,0,0,0,0,0,0,0,0,0,0,0,0,0,0,0,56,0.595745,0.415185,0.0466998,0.320675,0.491347,38,0.404255,0.589865,0.102854,0.506766,0.987474,0,0,0,0,0,0,0,0,0,0,0,0,0,0,0,0,0,0,0,0,0,0,0,0,56,0.595745,51453,1623.97,47895,54375,38,0.404255,50751.4,1645.81,48039,54322,0,0,0,0,0,0,0,0,0,0,0,0,0,0,0,0,0,0,0,0,0,0,0,0
7,1,75,-15,94,94,0,0,0,0,0,0,0,0,0,0,0,0,0,0,0,0,0,0,0,0,0,0,0,0,0,0,0,0,0,0,0,0,0,0,0,0,0,0,0,0,0,0.94,94,0,0,0,0,0,0,0,0,0,0,0,0,0,0,0,0,0,0,0,0,0,0,0,0,0,0,0,0,0,0,0,0,0,0,0,0,0,0,0,0,0,0,0,0,0,0,0,0,0,0,0,0,0,54,0.574468,0.428278,0.0535745,0.24439,0.499418,40,0.425532,0.579547,0.0676123,0.500728,0.791215,0,0,0,0,0,0,0,0,0,0,0,0,0,0,0,0,0,0,0,0,0,0,0,0,54,0.574468,52003.4,1467.04,48253,54998,40,0.425532,51152.3,1592.19,48547,55061,0,0,0,0,0,0,0,0,0,0,0,0,0,0,0,0,0,0,0,0,0,0,0,0
8,1,85,-15,98,98,0,0,0,0,0,0,0,0,0,0,0,0,0,0,0,0,0,0,0,0,0,0,0,0,0,0,0,0,0,0,0,0,0,0,0,0,0,0,0,0,0,0.98,98,0,0,0,0,0,0,0,0,0,0,0,0,0,0,0,0,0,0,0,0,0,0,0,0,0,0,0,0,0,0,0,0,0,0,0,0,0,0,0,0,0,0,0,0,0,0,0,0,0,0,0,0,0,89,0.908163,0.321901,0.0967515,0.0718508,0.498099,9,0.0918367,0.605978,0.0871817,0.502559,0.748003,0,0,0,0,0,0,0,0,0,0,0,0,0,0,0,0,0,0,0,0,0,0,0,0,89,0.908163,52749.7,1931.3,48607,57560,9,0.0918367,54319.8,2179.92,50675,57685,0,0,0,0,0,0,0,0,0,0,0,0,0,0,0,0,0,0,0,0,0,0,0,0
9,1,95,-15,91,91,0,0,0,0,0,0,0,0,0,0,0,0,0,0,0,0,0,0,0,0,0,0,0,0,0,0,0,0,0,0,0,0,0,0,0,0,0,0,0,0,0,0.91,91,0,0,0,0,0,0,0,0,0,0,0,0,0,0,0,0,0,0,0,0,0,0,0,0,0,0,0,0,0,0,0,0,0,0,0,0,0,0,0,0,0,0,0,0,0,0,0,0,0,0,0,0,0,88,0.967033,0.381083,0.0565236,0.259843,0.492893,3,0.032967,0.519164,0.0186969,0.502485,0.545272,0,0,0,0,0,0,0,0,0,0,0,0,0,0,0,0,0,0,0,0,0,0,0,0,88,0.967033,51578.5,1367.28,47806,55123,3,0.032967,52019.3,1357.15,50974,53936,0,0,0,0,0,0,0,0,0,0,0,0,0,0,0,0,0,0,0,0,0,0,0,0
10,1,105,-15,92,92,0,0,0,0,0,0,0,0,0,0,0,0,0,0,0,0,0,0,0,0,0,0,0,0,0,0,0,0,0,0,0,0,0,0,0,0,0,0,0,0,0,0.92,92,0,0,0,0,0,0,0,0,0,0,0,0,0,0,0,0,0,0,0,0,0,0,0,0,0,0,0,0,0,0,0,0,0,0,0,0,0,0,0,0,0,0,0,0,0,0,0,0,0,0,0,0,0,66,0.717391,0.361747,0.0784221,0.239514,0.497575,26,0.282609,0.896511,0.280163,0.500245,1.42644,0,0,0,0,0,0,0,0,0,0,0,0,0,0,0,0,0,0,0,0,0,0,0,0,66,0.717391,52156.1,1514.65,49389,55936,26,0.282609,54261.7,2586.81,48726,59247,0,0,0,0,0,0,0,0,0,0,0,0,0,0,0,0,0,0,0,0,0,0,0,0
11,1,115,-15,93,93,0,0,0,0,0,0,0,0,0,0,0,0,0,0,0,0,0,0,0,0,0,0,0,0,0,0,0,0,0,0,0,0,0,0,0,0,0,0,0,0,0,0.93,93,0,0,0,0,0,0,0,0,0,0,0,0,0,0,0,0,0,0,0,0,0,0,0,0,0,0,0,0,0,0,0,0,0,0,0,0,0,0,0,0,0,0,0,0,0,0,0,0,0,0,0,0,0,87,0.935484,0.261627,0.0895076,0.106804,0.476469,6,0.0645161,0.581942,0.0668984,0.509762,0.715126,0,0,0,0,0,0,0,0,0,0,0,0,0,0,0,0,0,0,0,0,0,0,0,0,87,0.935484,51757.6,1617.73,48397,57435,6,0.0645161,55362.5,1646.66,53868,58836,0,0,0,0,0,0,0,0,0,0,0,0,0,0,0,0,0,0,0,0,0,0,0,0
12,1,125,-15,103,103,0,0,0,0,0,0,0,0,0,0,0,0,0,0,0,0,0,0,0,0,0,0,0,0,0,0,0,0,0,0,0,0,0,0,0,0,0,0,0,0,0,1.03,103,0,0,0,0,0,0,0,0,0,0,0,0,0,0,0,0,0,0,0,0,0,0,0,0,0,0,0,0,0,0,0,0,0,0,0,0,0,0,0,0,0,0,0,0,0,0,0,0,0,0,0,0,0,103,1,0.299569,0.0847261,0.0925248,0.475143,0,0,0,0,0,0,0,0,0,0,0,0,0,0,0,0,0,0,0,0,0,0,0,0,0,0,0,0,0,0,103,1,52212.4,1509.13,48098,55805,0,0,0,0,0,0,0,0,0,0,0,0,0,0,0,0,0,0,0,0,0,0,0,0,0,0,0,0,0,0
13,1,135,-15,89,89,0,0,0,0,0,0,0,0,0,0,0,0,0,0,0,0,0,0,0,0,0,0,0,0,0,0,0,0,0,0,0,0,0,0,0,0,0,0,0,0,0,0.89,89,0,0,0,0,0,0,0,0,0,0,0,0,0,0,0,0,0,0,0,0,0,0,0,0,0,0,0,0,0,0,0,0,0,0,0,0,0,0,0,0,0,0,0,0,0,0,0,0,0,0,0,0,0,89,1,0.230491,0.0693933,0.0507915,0.373797,0,0,0,0,0,0,0,0,0,0,0,0,0,0,0,0,0,0,0,0,0,0,0,0,0,0,0,0,0,0,89,1,51924.8,1484.9,48433,55030,0,0,0,0,0,0,0,0,0,0,0,0,0,0,0,0,0,0,0,0,0,0,0,0,0,0,0,0,0,0
14,1,145,-15,97,97,0,0,0,0,0,0,0,0,0,0,0,0,0,0,0,0,0,0,0,0,0,0,0,0,0,0,0,0,0,0,0,0,0,0,0,0,0,0,0,0,0,0.97,97,0,0,0,0,0,0,0,0,0,0,0,0,0,0,0,0,0,0,0,0,0,0,0,0,0,0,0,0,0,0,0,0,0,0,0,0,0,0,0,0,0,0,0,0,0,0,0,0,0,0,0,0,0,97,1,0.219586,0.0529065,0.0855478,0.407442,0,0,0,0,0,0,0,0,0,0,0,0,0,0,0,0,0,0,0,0,0,0,0,0,0,0,0,0,0,0,97,1,51513.1,1556.93,47680,54280,0,0,0,0,0,0,0,0,0,0,0,0,0,0,0,0,0,0,0,0,0,0,0,0,0,0,0,0,0,0
15,1,155,-15,95,95,0,0,0,0,0,0,0,0,0,0,0,0,0,0,0,0,0,0,0,0,0,0,0,0,0,0,0,0,0,0,0,0,0,0,0,0,0,0,0,0,0,0.95,95,0,0,0,0,0,0,0,0,0,0,0,0,0,0,0,0,0,0,0,0,0,0,0,0,0,0,0,0,0,0,0,0,0,0,0,0,0,0,0,0,0,0,0,0,0,0,0,0,0,0,0,0,0,95,1,0.247381,0.0694951,0.113922,0.419506,0,0,0,0,0,0,0,0,0,0,0,0,0,0,0,0,0,0,0,0,0,0,0,0,0,0,0,0,0,0,95,1,51466.8,1657.38,46814,54705,0,0,0,0,0,0,0,0,0,0,0,0,0,0,0,0,0,0,0,0,0,0,0,0,0,0,0,0,0,0
16,1,165,-15,95,95,0,0,0,0,0,0,0,0,0,0,0,0,0,0,0,0,0,0,0,0,0,0,0,0,0,0,0,0,0,0,0,0,0,0,0,0,0,0,0,0,0,0.95,95,0,0,0,0,0,0,0,0,0,0,0,0,0,0,0,0,0,0,0,0,0,0,0,0,0,0,0,0,0,0,0,0,0,0,0,0,0,0,0,0,0,0,0,0,0,0,0,0,0,0,0,0,0,95,1,0.247557,0.0749212,0.0981097,0.449662,0,0,0,0,0,0,0,0,0,0,0,0,0,0,0,0,0,0,0,0,0,0,0,0,0,0,0,0,0,0,95,1,51633.5,1483.29,47954,55405,0,0,0,0,0,0,0,0,0,0,0,0,0,0,0,0,0,0,0,0,0,0,0,0,0,0,0,0,0,0
17,1,175,-15,91,91,0,0,0,0,0,0,0,0,0,0,0,0,0,0,0,0,0,0,0,0,0,0,0,0,0,0,0,0,0,0,0,0,0,0,0,0,0,0,0,0,0,0.91,91,0,0,0,0,0,0,0,0,0,0,0,0,0,0,0,0,0,0,0,0,0,0,0,0,0,0,0,0,0,0,0,0,0,0,0,0,0,0,0,0,0,0,0,0,0,0,0,0,0,0,0,0,0,91,1,0.265884,0.0696825,0.0891034,0.42828,0,0,0,0,0,0,0,0,0,0,0,0,0,0,0,0,0,0,0,0,0,0,0,0,0,0,0,0,0,0,91,1,52725.8,2069.25,47829,56711,0,0,0,0,0,0,0,0,0,0,0,0,0,0,0,0,0,0,0,0,0,0,0,0,0,0,0,0,0,0
18,1,185,-15,95,95,0,0,0,0,0,0,0,0,0,0,0,0,0,0,0,0,0,0,0,0,0,0,0,0,0,0,0,0,0,0,0,0,0,0,0,0,0,0,0,0,0,0.95,95,0,0,0,0,0,0,0,0,0,0,0,0,0,0,0,0,0,0,0,0,0,0,0,0,0,0,0,0,0,0,0,0,0,0,0,0,0,0,0,0,0,0,0,0,0,0,0,0,0,0,0,0,0,81,0.852632,0.398089,0.0701563,0.227411,0.496015,14,0.147368,0.626596,0.147713,0.508986,0.900972,0,0,0,0,0,0,0,0,0,0,0,0,0,0,0,0,0,0,0,0,0,0,0,0,81,0.852632,51443.2,1433.44,47083,54617,14,0.147368,52626.9,2205.91,48846,57774,0,0,0,0,0,0,0,0,0,0,0,0,0,0,0,0,0,0,0,0,0,0,0,0
19,1,195,-15,102,102,807.51,808.79,808.144,0.348293,0.12616,0.000430978,0.118804,2.27234,0.495497,808.25,808.1,0.547546,807.528,807.595,807.725,807.81,807.835,807.955,808.07,808.1,808.2,808.315,808.383,808.43,808.645,808.753,808.782,0.28456,0.281156,0.300387,808.144,0.206107,0.0064932,0.0201509,0.000255038,0.031504,0.0977689,808.144,808.144,0.615898,25.4902,1.02,102,0,0,0,0,0,0,0,0,25.4902,25.4902,11.7647,9.80392,11.7647,9.80392,48189,53586,50771.2,1479.96,2.2779e+06,0.0291496,0.20562,2.06288,0.478442,48189.2,50669.5,2211.25,48241,48591.5,49265,49503,49608,49687,49862,50669.5,51417,51680,51819.2,52031,52731,53343.5,53541,1307.15,1307.15,2581.92,50771.2,872.32,57.0238,34.3225,0.0171814,0.0653703,0.0393462,50792.7,50814.3,13,0.127451,0.431726,0.0438379,0.346961,0.490932,63,0.617647,0.695628,0.151416,0.514742,1.21959,0,0,0,0,0,0,0,0,0,0,0,0,0,0,0,0,0,0,26,0.254902,808.144,0.348293,807.51,808.79,13,0.127451,52160.7,2044.59,48517,55898,63,0.617647,51236.7,1941.31,46424,56398,0,0,0,0,0,0,0,0,0,0,0,0,0,0,0,0,0,0,26,0.254902,50771.2,1479.96,48189,53586
0,2,5,-25,101,101,0,0,0,0,0,0,0,0,0,0,0,0,0,0,0,0,0,0,0,0,0,0,0,0,0,0,0,0,0,0,0,0,0,0,0,0,0,0,0,0,0,1.01,101,0,0,0,0,0,0,0,0,0,0,0,0,0,0,0,0,0,0,0,0,0,0,0,0,0,0,0,0,0,0,0,0,0,0,0,0,0,0,0,0,0,0,0,0,0,0,0,0,0,0,0,0,0,45,0.445545,0.368715,0.125928,-1.95312e-05,0.495344,56,0.554455,0.598556,0.0556404,0.500005,0.790005,0,0,0,0,0,0,0,0,0,0,0,0,0,0,0,0,0,0,0,0,0,0,0,0,45,0.445545,51867.6,1820.43,47621,56054,56,0.554455,51748.9,1603.78,48158,54937,0,0,0,0,0,0,0,0,0,0,0,0,0,0,0,0,0,0,0,0,0,0,0,0
1,2,15,-25,91,91,0,0,0,0,0,0,0,0,0,0,0,0,0,0,0,0,0,0,0,0,0,0,0,0,0,0,0,0,0,0,0,0,0,0,0,0,0,0,0,0,0,0.91,91,0,0,0,0,0,0,0,0,0,0,0,0,0,0,0,0,0,0,0,0,0,0,0,0,0,0,0,0,0,0,0,0,0,0,0,0,0,0,0,0,0,0,0,0,0,0,0,0,0,0,0,0,0,72,0.791209,0.407396,0.0520263,0.280792,0.497027,19,0.208791,0.606814,0.0872407,0.503895,0.778068,0,0,0,0,0,0,0,0,0,0,0,0,0,0,0,0,0,0,0,0,0,0,0,0,72,0.791209,51243.2,1460.05,48547,55023,19,0.208791,50577.5,1359.09,47829,53212,0,0,0,0,0,0,0,0,0,0,0,0,0,0,0,0,0,0,0,0,0,0,0,0
2,2,25,-25,100,100,0,0,0,0,0,0,0,0,0,0,0,0,0,0,0,0,0,0,0,0,0,0,0,0,0,0,0,0,0,0,0,0,0,0,0,0,0,0,0,0,0,1,100,0,0,0,0,0,0,0,0,0,0,0,0,0,0,0,0,0,0,0,0,0,0,0,0,0,0,0,0,0,0,0,0,0,0,0,0,0,0,0,0,0,0,0,0,0,0,0,0,0,0,0,0,0,75,0.75,0.415941,0.0479531,0.29874,0.499331,25,0.25,0.531083,0.021573,0.503013,0.5674,0,0,0,0,0,0,0,0,0,0,0,0,0,0,0,0,0,0,0,0,0,0,0,0,75,0.75,51675.4,1514.02,48397,55836,25,0.25,51308.5,1344.32,48601,53689,0,0,0,0,0,0,0,0,0,0,0,0,0,0,0,0,0,0,0,0,0,0,0,0
3,2,35,-25,89,89,0,0,0,0,0,0,0,0,0,0,0,0,0,0,0,0,0,0,0,0,0,0,0,0,0,0,0,0,0,0,0,0,0,0,0,0,0,0,0,0,0,0.89,89,0,0,0,0,0,0,0,0,0,0,0,0,0,0,0,0,0,0,0,0,0,0,0,0,0,0,0,0,0,0,0,0,0,0,0,0,0,0,0,0,0,0,0,0,0,0,0,0,0,0,0,0,0,56,0.629213,0.418894,0.0473423,0.321642,0.49882,33,0.370787,0.555806,0.0544313,0.501654,0.681463,0,0,0,0,0,0,0,0,0,0,0,0,0,0,0,0,0,0,0,0,0,0,0,0,56,0.629213,52623.5,1741.68,49474,57024,33,0.370787,51434.3,1916.76,47794,56798,0,0,0,0,0,0,0,0,0,0,0,0,0,0,0,0,0,0,0,0,0,0,0,0
4,2,45,-25,98,96,3.67898,4.21212,3.94555,0.266572,0.142122,0.0675628,0,1,0.5,3.75,3.94555,0.266573,3.68431,3.70564,3.73229,3.78561,3.81226,3.83892,3.89224,3.94555,3.99887,4.05218,4.07884,4.10549,4.15881,4.18547,4.20679,0.266572,0.266572,0.266572,3.94555,0.266572,0,0,0.0675628,0,0,3.95455,3.96348,0.261241,2.04082,0.98,96,2,0,0,0,0,0,0,0,2.04082,2.08333,1.02041,1.02041,1.04167,1.04167,22689,33212,27950.5,5261.5,5.53668e+07,0.188244,0,1,0.5,22689.2,27950.5,5261.5,22794.2,23215.2,23741.3,24793.6,25319.8,25845.9,26898.2,27950.5,29002.8,30055.1,30581.2,31107.4,32159.7,32685.8,33106.8,5261.5,5261.5,5261.5,27950.5,5261.5,0,0,0.188244,0,0,28441.4,28907.8,48,0.489796,0.376031,0.0710627,0.184764,0.489817,48,0.489796,0.580791,0.0564156,0.501367,0.713243,2,0.0204082,3.94555,0.266572,3.67898,4.21212,0,0,0,0,0,0,0,0,0,0,0,0,0,0,0,0,0,0,48,0.489796,51444.8,1862.14,47261,55118,48,0.489796,51448.5,1908.54,47112,55461,2,0.0204082,27950.5,5261.5,22689,33212,0,0,0,0,0,0,0,0,0,0,0,0,0,0,0,0,0,0
5,2,55,-25,97,97,0,0,0,0,0,0,0,0,0,0,0,0,0,0,0,0,0,0,0,0,0,0,0,0,0,0,0,0,0,0,0,0,0,0,0,0,0,0,0,0,0,0.97,97,0,0,0,0,0,0,0,0,0,0,0,0,0,0,0,0,0,0,0,0,0,0,0,0,0,0,0,0,0,0,0,0,0,0,0,0,0,0,0,0,0,0,0,0,0,0,0,0,0,0,0,0,0,63,0.649485,0.428351,0.0457086,0.317771,0.495132,34,0.350515,0.583486,0.0669994,0.500224,0.719121,0,0,0,0,0,0,0,0,0,0,0,0,0,0,0,0,0,0,0,0,0,0,0,0,63,0.649485,51353.6,1566.07,47097,55274,34,0.350515,51008.4,994.84,48517,52649,0,0,0,0,0,0,0,0,0,0,0,0,0,0,0,0,0,0,0,0,0,0,0,0
6,2,65,-25,87,87,0,0,0,0,0,0,0,0,0,0,0,0,0,0,0,0,0,0,0,0,0,0,0,0,0,0,0,0,0,0,0,0,0,0,0,0,0,0,0,0,0,0.87,87,0,0,0,0,0,0,0,0,0,0,0,0,0,0,0,0,0,0,0,0,0,0,0,0,0,0,0,0,0,0,0,0,0,0,0,0,0,0,0,0,0,0,0,0,0,0,0,0,0,0,0,0,0,70,0.804598,0.420048,0.0390544,0.322732,0.495471,17,0.195402,0.533787,0.0264476,0.501096,0.59198,0,0,0,0,0,0,0,0,0,0,0,0,0,0,0,0,0,0,0,0,0,0,0,0,70,0.804598,51707.5,1291.73,47859,54749,17,0.195402,51365.1,1788.77,48457,55180,0,0,0,0,0,0,0,0,0,0,0,0,0,0,0,0,0,0,0,0,0,0,0,0
7,2,75,-25,87,87,0,0,0,0,0,0,0,0,0,0,0,0,0,0,0,0,0,0,0,0,0,0,0,0,0,0,0,0,0,0,0,0,0,0,0,0,0,0,0,0,0,0.87,87,0,0,0,0,0,0,0,0,0,0,0,0,0,0,0,0,0,0,0,0,0,0,0,0,0,0,0,0,0,0,0,0,0,0,0,0,0,0,0,0,0,0,0,0,0,0,0,0,0,0,0,0,0,30,0.344828,0.448077,0.0524957,0.238015,0.494234,57,0.655172,0.648298,0.207329,0.503953,1.40439,0,0,0,0,0,0,0,0,0,0,0,0,0,0,0,0,0,0,0,0,0,0,0,0,30,0.344828,51742.9,1463.04,48995,54249,57,0.655172,51600.9,1867.14,47704,56804,0,0,0,0,0,0,0,0,0,0,0,0,0,0,0,0,0,0,0,0,0,0,0,0
8,2,85,-25,100,100,0,0,0,0,0,0,0,0,0,0,0,0,0,0,0,0,0,0,0,0,0,0,0,0,0,0,0,0,0,0,0,0,0,0,0,0,0,0,0,0,0,1,100,0,0,0,0,0,0,0,0,0,0,0,0,0,0,0,0,0,0,0,0,0,0,0,0,0,0,0,0,0,0,0,0,0,0,0,0,0,0,0,0,0,0,0,0,0,0,0,0,0,0,0,0,0,78,0.78,0.343304,0.12088,0.00190827,0.499574,22,0.22,0.666408,0.229975,0.500765,1.36833,0,0,0,0,0,0,0,0,0,0,0,0,0,0,0,0,0,0,0,0,0,0,0,0,78,0.78,52886.4,1771.1,49258,57148,22,0.22,53136.3,1548.71,50071,56618,0,0,0,0,0,0,0,0,0,0,0,0,0,0,0,0,0,0,0,0,0,0,0,0
9,2,95,-25,90,90,0,0,0,0,0,0,0,0,0,0,0,0,0,0,0,0,0,0,0,0,0,0,0,0,0,0,0,0,0,0,0,0,0,0,0,0,0,0,0,0,0,0.9,90,0,0,0,0,0,0,0,0,0,0,0,0,0,0,0,0,0,0,0,0,0,0,0,0,0,0,0,0,0,0,0,0,0,0,0,0,0,0,0,0,0,0,0,0,0,0,0,0,0,0,0,0,0,85,0.944444,0.372276,0.058393,0.221029,0.498319,5,0.0555556,0.526523,0.0213921,0.504575,0.562537,0,0,0,0,0,0,0,0,0,0,0,0,0,0,0,0,0,0,0,0,0,0,0,0,85,0.944444,52345.8,1524.37,48308,56211,5,0.0555556,50747.2,1621.76,48098,53121,0,0,0,0,0,0,0,0,0,0,0,0,0,0,0,0,0,0,0,0,0,0,0,0
10,2,105,-25,96,96,0,0,0,0,0,0,0,0,0,0,0,0,0,0,0,0,0,0,0,0,0,0,0,0,0,0,0,0,0,0,0,0,0,0,0,0,0,0,0,0,0,0.96,96,0,0,0,0,0,0,0,0,0,0,0,0,0,0,0,0,0,0,0,0,0,0,0,0,0,0,0,0,0,0,0,0,0,0,0,0,0,0,0,0,0,0,0,0,0,0,0,0,0,0,0,0,0,89,0.927083,0.282428,0.0997545,0.0301926,0.479084,7,0.0729167,0.579098,0.0276278,0.53892,0.621803,0,0,0,0,0,0,0,0,0,0,0,0,0,0,0,0,0,0,0,0,0,0,0,0,89,0.927083,51632.7,1654.27,47441,55649,7,0.0729167,54073.3,758.464,52971,55586,0,0,0,0,0,0,0,0,0,0,0,0,0,0,0,0,0,0,0,0,0,0,0,0
11,2,115,-25,90,89,2.14856,2.14856,2.14856,0,0,0,0,0,0,2.25,2.14856,0,2.14856,2.14856,2.14856,2.14856,2.14856,2.14856,2.14856,2.14856,2.14856,2.14856,2.14856,2.14856,2.14856,2.14856,2.14856,0,0,0.101443,2.14856,0,0,0,0,0,0,2.14856,2.14856,0,1.11111,0.9,89,1,0,0,0,0,0,0,0,1.11111,1.1236,0,0,0,0,27558,27558,27558,0,0,0,0,0,0,27558.2,27558,0,27558,27558,27558,27558,27558,27558,27558,27558,27558,27558,27558,27558,27558,27558,27558,0,0,0.25,27558,0,0,0,0,0,0,27558,27558,88,0.977778,0.188425,0.0504203,0.0978109,0.432394,1,0.0111111,0.600289,0,0.600289,0.600289,1,0.0111111,2.14856,0,2.14856,2.14856,0,0,0,0,0,0,0,0,0,0,0,0,0,0,0,0,0,0,88,0.977778,52068.6,1573.74,47931,55680,1,0.0111111,54586,0,54586,54586,1,0.0111111,27558,0,27558,27558,0,0,0,0,0,0,0,0,0,0,0,0,0,0,0,0,0,0
12,2,125,-25,103,103,0,0,0,0,0,0,0,0,0,0,0,0,0,0,0,0,0,0,0,0,0,0,0,0,0,0,0,0,0,0,0,0,0,0,0,0,0,0,0,0,0,1.03,103,0,0,0,0,0,0,0,0,0,0,0,0,0,0,0,0,0,0,0,0,0,0,0,0,0,0,0,0,0,0,0,0,0,0,0,0,0,0,0,0,0,0,0,0,0,0,0,0,0,0,0,0,0,103,1,0.237956,0.088295,0.0434646,0.40604,0,0,0,0,0,0,0,0,0,0,0,0,0,0,0,0,0,0,0,0,0,0,0,0,0,0,0,0,0,0,103,1,52046.4,1544.25,48123,55336,0,0,0,0,0,0,0,0,0,0,0,0,0,0,0,0,0,0,0,0,0,0,0,0,0,0,0,0,0,0
13,2,135,-25,89,89,0,0,0,0,0,0,0,0,0,0,0,0,0,0,0,0,0,0,0,0,0,0,0,0,0,0,0,0,0,0,0,0,0,0,0,0,0,0,0,0,0,0.89,89,0,0,0,0,0,0,0,0,0,0,0,0,0,0,0,0,0,0,0,0,0,0,0,0,0,0,0,0,0,0,0,0,0,0,0,0,0,0,0,0,0,0,0,0,0,0,0,0,0,0,0,0,0,89,1,0.23011,0.0650283,0.0499615,0.419635,0,0,0,0,0,0,0,0,0,0,0,0,0,0,0,0,0,0,0,0,0,0,0,0,0,0,0,0,0,0,89,1,52072.3,1703.88,47196,55836,0,0,0,0,0,0,0,0,0,0,0,0,0,0,0,0,0,0,0,0,0,0,0,0,0,0,0,0,0,0
14,2,145,-25,100,100,0,0,0,0,0,0,0,0,0,0,0,0,0,0,0,0,0,0,0,0,0,0,0,0,0,0,0,0,0,0,0,0,0,0,0,0,0,0,0,0,0,1,100,0,0,0,0,0,0,0,0,0,0,0,0,0,0,0,0,0,0,0,0,0,0,0,0,0,0,0,0,0,0,0,0,0,0,0,0,0,0,0,0,0,0,0,0,0,0,0,0,0,0,0,0,0,100,1,0.235795,0.0628519,0.103867,0.404841,0,0,0,0,0,0,0,0,0,0,0,0,0,0,0,0,0,0,0,0,0,0,0,0,0,0,0,0,0,0,100,1,50984.7,1557.88,47615,55023,0,0,0,0,0,0,0,0,0,0,0,0,0,0,0,0,0,0,0,0,0,0,0,0,0,0,0,0,0,0
15,2,155,-25,99,99,0,0,0,0,0,0,0,0,0,0,0,0,0,0,0,0,0,0,0,0,0,0,0,0,0,0,0,0,0,0,0,0,0,0,0,0,0,0,0,0,0,0.99,99,0,0,0,0,0,0,0,0,0,0,0,0,0,0,0,0,0,0,0,0,0,0,0,0,0,0,0,0,0,0,0,0,0,0,0,0,0,0,0,0,0,0,0,0,0,0,0,0,0,0,0,0,0,99,1,0.217041,0.038791,0.112165,0.296065,0,0,0,0,0,0,0,0,0,0,0,0,0,0,0,0,0,0,0,0,0,0,0,0,0,0,0,0,0,0,99,1,51740.7,1544.31,47022,55243,0,0,0,0,0,0,0,0,0,0,0,0,0,0,0,0,0,0,0,0,0,0,0,0,0,0,0,0,0,0
16,2,165,-25,94,94,0,0,0,0,0,0,0,0,0,0,0,0,0,0,0,0,0,0,0,0,0,0,0,0,0,0,0,0,0,0,0,0,0,0,0,0,0,0,0,0,0,0.94,94,0,0,0,0,0,0,0,0,0,0,0,0,0,0,0,0,0,0,0,0,0,0,0,0,0,0,0,0,0,0,0,0,0,0,0,0,0,0,0,0,0,0,0,0,0,0,0,0,0,0,0,0,0,94,1,0.222161,0.0643551,0.060768,0.369498,0,0,0,0,0,0,0,0,0,0,0,0,0,0,0,0,0,0,0,0,0,0,0,0,0,0,0,0,0,0,94,1,51527.4,1561.76,48039,55336,0,0,0,0,0,0,0,0,0,0,0,0,0,0,0,0,0,0,0,0,0,0,0,0,0,0,0,0,0,0
17,2,175,-25,92,92,0,0,0,0,0,0,0,0,0,0,0,0,0,0,0,0,0,0,0,0,0,0,0,0,0,0,0,0,0,0,0,0,0,0,0,0,0,0,0,0,0,0.92,92,0,0,0,0,0,0,0,0,0,0,0,0,0,0,0,0,0,0,0,0,0,0,0,0,0,0,0,0,0,0,0,0,0,0,0,0,0,0,0,0,0,0,0,0,0,0,0,0,0,0,0,0,0,92,1,0.265725,0.0605701,0.157806,0.491592,0,0,0,0,0,0,0,0,0,0,0,0,0,0,0,0,0,0,0,0,0,0,0,0,0,0,0,0,0,0,92,1,52242,1714.74,47405,56242,0,0,0,0,0,0,0,0,0,0,0,0,0,0,0,0,0,0,0,0,0,0,0,0,0,0,0,0,0,0
18,2,185,-25,92,92,0,0,0,0,0,0,0,0,0,0,0,0,0,0,0,0,0,0,0,0,0,0,0,0,0,0,0,0,0,0,0,0,0,0,0,0,0,0,0,0,0,0.92,92,0,0,0,0,0,0,0,0,0,0,0,0,0,0,0,0,0,0,0,0,0,0,0,0,0,0,0,0,0,0,0,0,0,0,0,0,0,0,0,0,0,0,0,0,0,0,0,0,0,0,0,0,0,63,0.684783,0.383172,0.0987831,0.144512,0.489856,29,0.315217,0.562377,0.0438291,0.500283,0.688099,0,0,0,0,0,0,0,0,0,0,0,0,0,0,0,0,0,0,0,0,0,0,0,0,63,0.684783,50890.5,1427.75,47764,54047,29,0.315217,50598.6,1157.03,48601,53024,0,0,0,0,0,0,0,0,0,0,0,0,0,0,0,0,0,0,0,0,0,0,0,0
19,2,195,-25,102,102,806.99,808,807.477,0.289001,0.0868624,0.000357906,0.00989994,2.10479,0.482103,807.25,807.465,0.32251,806.997,807.02,807.035,807.25,807.31,807.33,807.38,807.465,807.58,807.61,807.633,807.74,807.87,807.922,807.985,0.24077,0.24077,0.303072,807.477,0.171662,0.00085637,0.0118328,0.00021259,0.0049887,0.0689307,807.477,807.477,0.474118,25.4902,1.02,102,0,0,0,0,0,0,0,0,25.4902,25.4902,12.7451,19.6078,12.7451,19.6078,47854,55680,51022.9,1833.89,3.49769e+06,0.0359425,0.528443,2.65785,0.404922,47854.2,50442.5,3008.75,48093,48862.5,49109.5,49378,49491.8,49874.5,50186,50442.5,51243,52279,52500.5,52680,53332,53420,55117.5,1558.84,1515.15,3168.69,51022.9,1067.64,134.585,65.5524,0.0209248,0.126058,0.0613992,51055.9,51089.2,33,0.323529,0.43349,0.0562335,0.271,0.499536,43,0.421569,0.617174,0.0942248,0.501085,0.840532,0,0,0,0,0,0,0,0,0,0,0,0,0,0,0,0,0,0,26,0.254902,807.477,0.289001,806.99,808,33,0.323529,50825,1541.35,47136,53555,43,0.421569,50638.1,1401.46,48183,53836,0,0,0,0,0,0,0,0,0,0,0,0,0,0,0,0,0,0,26,0.254902,51022.9,1833.89,47854,55680
0,3,5,-35,93,93,0,0,0,0,0,0,0,0,0,0,0,0,0,0,0,0,0,0,0,0,0,0,0,0,0,0,0,0,0,0,0,0,0,0,0,0,0,0,0,0,0,0.93,93,0,0,0,0,0,0,0,0,0,0,0,0,0,0,0,0,0,0,0,0,0,0,0,0,0,0,0,0,0,0,0,0,0,0,0,0,0,0,0,0,0,0,0,0,0,0,0,0,0,0,0,0,0,18,0.193548,0.438442,0.0494712,0.330005,0.496343,75,0.806452,0.63081,0.125329,0.500005,1.15002,0,0,0,0,0,0,0,0,0,0,0,0,0,0,0,0,0,0,0,0,0,0,0,0,18,0.193548,51758.2,1279.63,49497,54149,75,0.806452,51330.9,1411.12,48092,55399,0,0,0,0,0,0,0,0,0,0,0,0,0,0,0,0,0,0,0,0,0,0,0,0
1,3,15,-35,99,99,0,0,0,0,0,0,0,0,0,0,0,0,0,0,0,0,0,0,0,0,0,0,0,0,0,0,0,0,0,0,0,0,0,0,0,0,0,0,0,0,0,0.99,99,0,0,0,0,0,0,0,0,0,0,0,0,0,0,0,0,0,0,0,0,0,0,0,0,0,0,0,0,0,0,0,0,0,0,0,0,0,0,0,0,0,0,0,0,0,0,0,0,0,0,0,0,0,20,0.20202,0.47298,0.020817,0.409656,0.498364,79,0.79798,0.612012,0.100542,0.500094,0.957783,0,0,0,0,0,0,0,0,0,0,0,0,0,0,0,0,0,0,0,0,0,0,0,0,20,0.20202,51743.7,1992.5,48092,57860,79,0.79798,51362.4,1575.78,47495,56048,0,0,0,0,0,0,0,0,0,0,0,0,0,0,0,0,0,0,0,0,0,0,0,0
2,3,25,-35,90,90,0,0,0,0,0,0,0,0,0,0,0,0,0,0,0,0,0,0,0,0,0,0,0,0,0,0,0,0,0,0,0,0,0,0,0,0,0,0,0,0,0,0.9,90,0,0,0,0,0,0,0,0,0,0,0,0,0,0,0,0,0,0,0,0,0,0,0,0,0,0,0,0,0,0,0,0,0,0,0,0,0,0,0,0,0,0,0,0,0,0,0,0,0,0,0,0,0,25,0.277778,0.459425,0.0258978,0.419179,0.495812,65,0.722222,0.592983,0.0612472,0.501661,0.789571,0,0,0,0,0,0,0,0,0,0,0,0,0,0,0,0,0,0,0,0,0,0,0,0,25,0.277778,51589.8,1349.38,48751,54101,65,0.722222,50917,1609.62,46449,54489,0,0,0,0,0,0,0,0,0,0,0,0,0,0,0,0,0,0,0,0,0,0,0,0
3,3,35,-35,90,90,0,0,0,0,0,0,0,0,0,0,0,0,0,0,0,0,0,0,0,0,0,0,0,0,0,0,0,0,0,0,0,0,0,0,0,0,0,0,0,0,0,0.9,90,0,0,0,0,0,0,0,0,0,0,0,0,0,0,0,0,0,0,0,0,0,0,0,0,0,0,0,0,0,0,0,0,0,0,0,0,0,0,0,0,0,0,0,0,0,0,0,0,0,0,0,0,0,48,0.533333,0.431203,0.0468099,0.321428,0.49963,42,0.466667,0.564557,0.0691265,0.500108,0.760685,0,0,0,0,0,0,0,0,0,0,0,0,0,0,0,0,0,0,0,0,0,0,0,0,48,0.533333,50944.5,1884.36,47884,56367,42,0.466667,50501.2,1644.7,46688,53493,0,0,0,0,0,0,0,0,0,0,0,0,0,0,0,0,0,0,0,0,0,0,0,0
4,3,45,-35,91,91,0,0,0,0,0,0,0,0,0,0,0,0,0,0,0,0,0,0,0,0,0,0,0,0,0,0,0,0,0,0,0,0,0,0,0,0,0,0,0,0,0,0.91,91,0,0,0,0,0,0,0,0,0,0,0,0,0,0,0,0,0,0,0,0,0,0,0,0,0,0,0,0,0,0,0,0,0,0,0,0,0,0,0,0,0,0,0,0,0,0,0,0,0,0,0,0,0,59,0.648352,0.414611,0.0514461,0.310035,0.496227,32,0.351648,0.575817,0.0665175,0.503735,0.750833,0,0,0,0,0,0,0,0,0,0,0,0,0,0,0,0,0,0,0,0,0,0,0,0,59,0.648352,52432.6,1893.44,49737,56850,32,0.351648,50564.8,1723.04,47837,54273,0,0,0,0,0,0,0,0,0,0,0,0,0,0,0,0,0,0,0,0,0,0,0,0
5,3,55,-35,94,94,0,0,0,0,0,0,0,0,0,0,0,0,0,0,0,0,0,0,0,0,0,0,0,0,0,0,0,0,0,0,0,0,0,0,0,0,0,0,0,0,0,0.94,94,0,0,0,0,0,0,0,0,0,0,0,0,0,0,0,0,0,0,0,0,0,0,0,0,0,0,0,0,0,0,0,0,0,0,0,0,0,0,0,0,0,0,0,0,0,0,0,0,0,0,0,0,0,57,0.606383,0.444652,0.0412647,0.340169,0.499116,37,0.393617,0.536036,0.0299634,0.501484,0.610499,0,0,0,0,0,0,0,0,0,0,0,0,0,0,0,0,0,0,0,0,0,0,0,0,57,0.606383,51857.5,1843.26,48482,56929,37,0.393617,51391,1415.2,47733,53829,0,0,0,0,0,0,0,0,0,0,0,0,0,0,0,0,0,0,0,0,0,0,0,0
6,3,65,-35,94,94,0,0,0,0,0,0,0,0,0,0,0,0,0,0,0,0,0,0,0,0,0,0,0,0,0,0,0,0,0,0,0,0,0,0,0,0,0,0,0,0,0,0.94,94,0,0,0,0,0,0,0,0,0,0,0,0,0,0,0,0,0,0,0,0,0,0,0,0,0,0,0,0,0,0,0,0,0,0,0,0,0,0,0,0,0,0,0,0,0,0,0,0,0,0,0,0,0,75,0.797872,0.413518,0.0574356,0.269009,0.4987,19,0.202128,0.546397,0.0325496,0.50474,0.613723,0,0,0,0,0,0,0,0,0,0,0,0,0,0,0,0,0,0,0,0,0,0,0,0,75,0.797872,52041.8,1489.1,48302,54461,19,0.202128,51097.8,1277.59,48482,53323,0,0,0,0,0,0,0,0,0,0,0,0,0,0,0,0,0,0,0,0,0,0,0,0
7,3,75,-35,93,93,0,0,0,0,0,0,0,0,0,0,0,0,0,0,0,0,0,0,0,0,0,0,0,0,0,0,0,0,0,0,0,0,0,0,0,0,0,0,0,0,0,0.93,93,0,0,0,0,0,0,0,0,0,0,0,0,0,0,0,0,0,0,0,0,0,0,0,0,0,0,0,0,0,0,0,0,0,0,0,0,0,0,0,0,0,0,0,0,0,0,0,0,0,0,0,0,0,41,0.44086,0.446663,0.0443382,0.325399,0.49987,52,0.55914,0.577928,0.0512283,0.501105,0.678935,0,0,0,0,0,0,0,0,0,0,0,0,0,0,0,0,0,0,0,0,0,0,0,0,41,0.44086,51184.2,1396.9,48392,54273,52,0.55914,51983.2,1698.75,47794,55898,0,0,0,0,0,0,0,0,0,0,0,0,0,0,0,0,0,0,0,0,0,0,0,0
8,3,85,-35,97,97,0,0,0,0,0,0,0,0,0,0,0,0,0,0,0,0,0,0,0,0,0,0,0,0,0,0,0,0,0,0,0,0,0,0,0,0,0,0,0,0,0,0.97,97,0,0,0,0,0,0,0,0,0,0,0,0,0,0,0,0,0,0,0,0,0,0,0,0,0,0,0,0,0,0,0,0,0,0,0,0,0,0,0,0,0,0,0,0,0,0,0,0,0,0,0,0,0,75,0.773196,0.416932,0.0451609,0.323632,0.491612,22,0.226804,0.54058,0.0295185,0.505969,0.612162,0,0,0,0,0,0,0,0,0,0,0,0,0,0,0,0,0,0,0,0,0,0,0,0,75,0.773196,52398.4,1679.29,48840,56804,22,0.226804,52254,1676.48,48781,54961,0,0,0,0,0,0,0,0,0,0,0,0,0,0,0,0,0,0,0,0,0,0,0,0
9,3,95,-35,87,87,0,0,0,0,0,0,0,0,0,0,0,0,0,0,0,0,0,0,0,0,0,0,0,0,0,0,0,0,0,0,0,0,0,0,0,0,0,0,0,0,0,0.87,87,0,0,0,0,0,0,0,0,0,0,0,0,0,0,0,0,0,0,0,0,0,0,0,0,0,0,0,0,0,0,0,0,0,0,0,0,0,0,0,0,0,0,0,0,0,0,0,0,0,0,0,0,0,81,0.931034,0.36406,0.0729204,0.188594,0.499515,6,0.0689655,0.530071,0.0272148,0.500597,0.575993,0,0,0,0,0,0,0,0,0,0,0,0,0,0,0,0,0,0,0,0,0,0,0,0,81,0.931034,52968.8,1634.28,48751,56398,6,0.0689655,52128.5,905.121,50723,53140,0,0,0,0,0,0,0,0,0,0,0,0,0,0,0,0,0,0,0,0,0,0,0,0
10,3,105,-35,98,98,0,0,0,0,0,0,0,0,0,0,0,0,0,0,0,0,0,0,0,0,0,0,0,0,0,0,0,0,0,0,0,0,0,0,0,0,0,0,0,0,0,0.98,98,0,0,0,0,0,0,0,0,0,0,0,0,0,0,0,0,0,0,0,0,0,0,0,0,0,0,0,0,0,0,0,0,0,0,0,0,0,0,0,0,0,0,0,0,0,0,0,0,0,0,0,0,0,98,1,0.324601,0.0687817,0.16843,0.498024,0,0,0,0,0,0,0,0,0,0,0,0,0,0,0,0,0,0,0,0,0,0,0,0,0,0,0,0,0,0,98,1,51893.6,1635.3,48900,55047,0,0,0,0,0,0,0,0,0,0,0,0,0,0,0,0,0,0,0,0,0,0,0,0,0,0,0,0,0,0
11,3,115,-35,95,95,0,0,0,0,0,0,0,0,0,0,0,0,0,0,0,0,0,0,0,0,0,0,0,0,0,0,0,0,0,0,0,0,0,0,0,0,0,0,0,0,0,0.95,95,0,0,0,0,0,0,0,0,0,0,0,0,0,0,0,0,0,0,0,0,0,0,0,0,0,0,0,0,0,0,0,0,0,0,0,0,0,0,0,0,0,0,0,0,0,0,0,0,0,0,0,0,0,93,0.978947,0.267756,0.0728177,0.096955,0.497817,2,0.0210526,0.56118,0.0116658,0.549515,0.572846,0,0,0,0,0,0,0,0,0,0,0,0,0,0,0,0,0,0,0,0,0,0,0,0,93,0.978947,51703.2,1509.95,47645,55328,2,0.0210526,51421,1657,49764,53078,0,0,0,0,0,0,0,0,0,0,0,0,0,0,0,0,0,0,0,0,0,0,0,0
12,3,125,-35,104,104,0,0,0,0,0,0,0,0,0,0,0,0,0,0,0,0,0,0,0,0,0,0,0,0,0,0,0,0,0,0,0,0,0,0,0,0,0,0,0,0,0,1.04,104,0,0,0,0,0,0,0,0,0,0,0,0,0,0,0,0,0,0,0,0,0,0,0,0,0,0,0,0,0,0,0,0,0,0,0,0,0,0,0,0,0,0,0,0,0,0,0,0,0,0,0,0,0,104,1,0.213191,0.0677929,0.0839792,0.430736,0,0,0,0,0,0,0,0,0,0,0,0,0,0,0,0,0,0,0,0,0,0,0,0,0,0,0,0,0,0,104,1,51323.2,1599.36,47227,54578,0,0,0,0,0,0,0,0,0,0,0,0,0,0,0,0,0,0,0,0,0,0,0,0,0,0,0,0,0,0
13,3,135,-35,90,90,0,0,0,0,0,0,0,0,0,0,0,0,0,0,0,0,0,0,0,0,0,0,0,0,0,0,0,0,0,0,0,0,0,0,0,0,0,0,0,0,0,0.9,90,0,0,0,0,0,0,0,0,0,0,0,0,0,0,0,0,0,0,0,0,0,0,0,0,0,0,0,0,0,0,0,0,0,0,0,0,0,0,0,0,0,0,0,0,0,0,0,0,0,0,0,0,0,90,1,0.187613,0.0491886,0.0796773,0.327544,0,0,0,0,0,0,0,0,0,0,0,0,0,0,0,0,0,0,0,0,0,0,0,0,0,0,0,0,0,0,90,1,52379.2,1483.37,48272,55922,0,0,0,0,0,0,0,0,0,0,0,0,0,0,0,0,0,0,0,0,0,0,0,0,0,0,0,0,0,0
14,3,145,-35,96,95,4.30548,4.30548,4.30548,0,0,0,0,0,0,4.25,4.30548,0,4.30548,4.30548,4.30548,4.30548,4.30548,4.30548,4.30548,4.30548,4.30548,4.30548,4.30548,4.30548,4.30548,4.30548,4.30548,0,0,0.0554814,4.30548,0,0,0,0,0,0,4.30548,4.30548,0,1.04167,0.96,95,1,0,0,0,0,0,0,0,1.04167,1.05263,0,1.04167,0,1.05263,20113,20113,20113,0,0,0,0,0,0,20113.2,20113,0,20113,20113,20113,20113,20113,20113,20113,20113,20113,20113,20113,20113,20113,20113,20113,0,0,0.25,20113,0,0,0,0,0,0,20113,20113,91,0.947917,0.240735,0.095479,0.0420243,0.490747,4,0.0416667,0.623817,0.0439987,0.570903,0.671332,1,0.0104167,4.30548,0,4.30548,4.30548,0,0,0,0,0,0,0,0,0,0,0,0,0,0,0,0,0,0,91,0.947917,51213.3,1617.01,47519,54672,4,0.0416667,50844.8,1430.95,49349,52859,1,0.0104167,20113,0,20113,20113,0,0,0,0,0,0,0,0,0,0,0,0,0,0,0,0,0,0
15,3,155,-35,96,96,0,0,0,0,0,0,0,0,0,0,0,0,0,0,0,0,0,0,0,0,0,0,0,0,0,0,0,0,0,0,0,0,0,0,0,0,0,0,0,0,0,0.96,96,0,0,0,0,0,0,0,0,0,0,0,0,0,0,0,0,0,0,0,0,0,0,0,0,0,0,0,0,0,0,0,0,0,0,0,0,0,0,0,0,0,0,0,0,0,0,0,0,0,0,0,0,0,96,1,0.234871,0.0926741,0.0506609,0.451853,0,0,0,0,0,0,0,0,0,0,0,0,0,0,0,0,0,0,0,0,0,0,0,0,0,0,0,0,0,0,96,1,51627.7,1450.5,48153,54336,0,0,0,0,0,0,0,0,0,0,0,0,0,0,0,0,0,0,0,0,0,0,0,0,0,0,0,0,0,0
16,3,165,-35,94,94,0,0,0,0,0,0,0,0,0,0,0,0,0,0,0,0,0,0,0,0,0,0,0,0,0,0,0,0,0,0,0,0,0,0,0,0,0,0,0,0,0,0.94,94,0,0,0,0,0,0,0,0,0,0,0,0,0,0,0,0,0,0,0,0,0,0,0,0,0,0,0,0,0,0,0,0,0,0,0,0,0,0,0,0,0,0,0,0,0,0,0,0,0,0,0,0,0,94,1,0.238,0.0545591,0.112759,0.370383,0,0,0,0,0,0,0,0,0,0,0,0,0,0,0,0,0,0,0,0,0,0,0,0,0,0,0,0,0,0,94,1,51586.8,1473.1,48691,55704,0,0,0,0,0,0,0,0,0,0,0,0,0,0,0,0,0,0,0,0,0,0,0,0,0,0,0,0,0,0
17,3,175,-35,98,98,0,0,0,0,0,0,0,0,0,0,0,0,0,0,0,0,0,0,0,0,0,0,0,0,0,0,0,0,0,0,0,0,0,0,0,0,0,0,0,0,0,0.98,98,0,0,0,0,0,0,0,0,0,0,0,0,0,0,0,0,0,0,0,0,0,0,0,0,0,0,0,0,0,0,0,0,0,0,0,0,0,0,0,0,0,0,0,0,0,0,0,0,0,0,0,0,0,98,1,0.240283,0.0695278,0.104154,0.368003,0,0,0,0,0,0,0,0,0,0,0,0,0,0,0,0,0,0,0,0,0,0,0,0,0,0,0,0,0,0,98,1,52571.1,1532.9,49169,56104,0,0,0,0,0,0,0,0,0,0,0,0,0,0,0,0,0,0,0,0,0,0,0,0,0,0,0,0,0,0
18,3,185,-35,89,89,0,0,0,0,0,0,0,0,0,0,0,0,0,0,0,0,0,0,0,0,0,0,0,0,0,0,0,0,0,0,0,0,0,0,0,0,0,0,0,0,0,0.89,89,0,0,0,0,0,0,0,0,0,0,0,0,0,0,0,0,0,0,0,0,0,0,0,0,0,0,0,0,0,0,0,0,0,0,0,0,0,0,0,0,0,0,0,0,0,0,0,0,0,0,0,0,0,85,0.955056,0.340252,0.0736042,0.192291,0.494168,4,0.0449438,0.584242,0.0741228,0.518144,0.702097,0,0,0,0,0,0,0,0,0,0,0,0,0,0,0,0,0,0,0,0,0,0,0,0,85,0.955056,51839.4,1542.25,48482,56298,4,0.0449438,51638.5,1364.61,50604,53984,0,0,0,0,0,0,0,0,0,0,0,0,0,0,0,0,0,0,0,0,0,0,0,0
19,3,195,-35,100,99,2.01077,807.35,775.877,154.773,24913,0.199482,-4.79998,24.0399,0.96092,806.75,806.84,0.159973,203.073,806.285,806.41,806.72,806.76,806.775,806.79,806.84,806.89,806.92,806.92,806.92,807.035,807.2,807.325,59.5282,31.113,31.1346,775.877,31.0733,-30.9502,30.9724,0.0400493,-0.996039,0.996754,791.164,796.352,776.639,26,1,99,1,0,0,0,0,0,0,0,26,26.2626,25,20,25.2525,20.202,44450,53766,50844.9,1857.31,3.5876e+06,0.036529,-1.37491,6.23886,0.686445,49887.2,50941.5,1919.75,45292,48176.8,49387.5,49887,50150,50242.5,50485,50941.5,51285,51687,52069.8,52328,52999.5,53140.8,53617.5,1315.31,1315.31,1612.02,50844.9,999.298,-144.588,250.259,0.0196538,-0.14469,0.250435,50878.8,50911.5,37,0.37,0.442818,0.0368716,0.364209,0.496898,37,0.37,0.597454,0.100451,0.502234,0.898334,1,0.01,2.01077,0,2.01077,2.01077,0,0,0,0,0,0,0,0,0,0,0,0,25,0.25,806.832,0.23393,806.26,807.35,37,0.37,50214.5,1335.24,47729,52515,37,0.37,50470.8,3602.23,31728,54829,1,0.01,44450,0,44450,44450,0,0,0,0,0,0,0,0,0,0,0,0,25,0.25,51100.7,1373.45,47818,53766
0,4,5,-45,90,90,0,0,0,0,0,0,0,0,0,0,0,0,0,0,0,0,0,0,0,0,0,0,0,0,0,0,0,0,0,0,0,0,0,0,0,0,0,0,0,0,0,0.9,90,0,0,0,0,0,0,0,0,0,0,0,0,0,0,0,0,0,0,0,0,0,0,0,0,0,0,0,0,0,0,0,0,0,0,0,0,0,0,0,0,0,0,0,0,0,0,0,0,0,0,0,0,0,12,0.133333,0.443367,0.0509232,0.330022,0.490024,78,0.866667,0.6978,0.216615,0.507997,1.60999,0,0,0,0,0,0,0,0,0,0,0,0,0,0,0,0,0,0,0,0,0,0,0,0,12,0.133333,51542.4,2053.55,48631,55930,78,0.866667,51011.7,1889.52,47699,56610,0,0,0,0,0,0,0,0,0,0,0,0,0,0,0,0,0,0,0,0,0,0,0,0
1,4,15,-45,96,96,0,0,0,0,0,0,0,0,0,0,0,0,0,0,0,0,0,0,0,0,0,0,0,0,0,0,0,0,0,0,0,0,0,0,0,0,0,0,0,0,0,0.96,96,0,0,0,0,0,0,0,0,0,0,0,0,0,0,0,0,0,0,0,0,0,0,0,0,0,0,0,0,0,0,0,0,0,0,0,0,0,0,0,0,0,0,0,0,0,0,0,0,0,0,0,0,0,14,0.145833,0.471245,0.0170303,0.438955,0.494029,82,0.854167,0.644145,0.0899629,0.507711,0.863232,0,0,0,0,0,0,0,0,0,0,0,0,0,0,0,0,0,0,0,0,0,0,0,0,14,0.145833,51100.1,952.765,49020,53198,82,0.854167,50474.6,1470.96,47250,54297,0,0,0,0,0,0,0,0,0,0,0,0,0,0,0,0,0,0,0,0,0,0,0,0
2,4,25,-45,96,96,0,0,0,0,0,0,0,0,0,0,0,0,0,0,0,0,0,0,0,0,0,0,0,0,0,0,0,0,0,0,0,0,0,0,0,0,0,0,0,0,0,0.96,96,0,0,0,0,0,0,0,0,0,0,0,0,0,0,0,0,0,0,0,0,0,0,0,0,0,0,0,0,0,0,0,0,0,0,0,0,0,0,0,0,0,0,0,0,0,0,0,0,0,0,0,0,0,13,0.135417,0.448287,0.028472,0.382479,0.497835,83,0.864583,0.66338,0.110168,0.501811,0.936845,0,0,0,0,0,0,0,0,0,0,0,0,0,0,0,0,0,0,0,0,0,0,0,0,13,0.135417,50738.5,2102.89,45493,53766,83,0.864583,51135.6,1479.76,47878,54742,0,0,0,0,0,0,0,0,0,0,0,0,0,0,0,0,0,0,0,0,0,0,0,0
3,4,35,-45,97,97,0,0,0,0,0,0,0,0,0,0,0,0,0,0,0,0,0,0,0,0,0,0,0,0,0,0,0,0,0,0,0,0,0,0,0,0,0,0,0,0,0,0.97,97,0,0,0,0,0,0,0,0,0,0,0,0,0,0,0,0,0,0,0,0,0,0,0,0,0,0,0,0,0,0,0,0,0,0,0,0,0,0,0,0,0,0,0,0,0,0,0,0,0,0,0,0,0,20,0.206186,0.447298,0.0346091,0.385496,0.499771,77,0.793814,0.642448,0.088625,0.501423,0.84261,0,0,0,0,0,0,0,0,0,0,0,0,0,0,0,0,0,0,0,0,0,0,0,0,20,0.206186,50817.9,1064.41,48870,52712,77,0.793814,50600.8,1275.61,48476,54125,0,0,0,0,0,0,0,0,0,0,0,0,0,0,0,0,0,0,0,0,0,0,0,0
4,4,45,-45,94,94,0,0,0,0,0,0,0,0,0,0,0,0,0,0,0,0,0,0,0,0,0,0,0,0,0,0,0,0,0,0,0,0,0,0,0,0,0,0,0,0,0,0.94,94,0,0,0,0,0,0,0,0,0,0,0,0,0,0,0,0,0,0,0,0,0,0,0,0,0,0,0,0,0,0,0,0,0,0,0,0,0,0,0,0,0,0,0,0,0,0,0,0,0,0,0,0,0,17,0.180851,0.47165,0.0287615,0.385206,0.497029,77,0.819149,0.599034,0.0584028,0.500424,0.720714,0,0,0,0,0,0,0,0,0,0,0,0,0,0,0,0,0,0,0,0,0,0,0,0,17,0.180851,50463.8,1135.38,48302,52453,77,0.819149,50422,1271.91,47400,53367,0,0,0,0,0,0,0,0,0,0,0,0,0,0,0,0,0,0,0,0,0,0,0,0
5,4,55,-45,91,90,3.58031,3.58031,3.58031,0,0,0,0,0,0,3.75,3.58031,0,3.58031,3.58031,3.58031,3.58031,3.58031,3.58031,3.58031,3.58031,3.58031,3.58031,3.58031,3.58031,3.58031,3.58031,3.58031,0,0,0.16969,3.58031,0,0,0,0,0,0,3.58031,3.58031,0,1.0989,0.91,90,1,0,0,0,0,0,0,0,1.0989,1.11111,0,0,0,0,27633,27633,27633,0,0,0,0,0,0,27633.2,27633,0,27633,27633,27633,27633,27633,27633,27633,27633,27633,27633,27633,27633,27633,27633,27633,0,0,0.25,27633,0,0,0,0,0,0,27633,27633,72,0.791209,0.451319,0.0345795,0.35704,0.499613,18,0.197802,0.563639,0.0529477,0.504235,0.690764,1,0.010989,3.58031,0,3.58031,3.58031,0,0,0,0,0,0,0,0,0,0,0,0,0,0,0,0,0,0,72,0.791209,51693.7,1457.31,48357,54704,18,0.197802,51827.3,1588.74,47011,54110,1,0.010989,27633,0,27633,27633,0,0,0,0,0,0,0,0,0,0,0,0,0,0,0,0,0,0
6,4,65,-45,91,91,0,0,0,0,0,0,0,0,0,0,0,0,0,0,0,0,0,0,0,0,0,0,0,0,0,0,0,0,0,0,0,0,0,0,0,0,0,0,0,0,0,0.91,91,0,0,0,0,0,0,0,0,0,0,0,0,0,0,0,0,0,0,0,0,0,0,0,0,0,0,0,0,0,0,0,0,0,0,0,0,0,0,0,0,0,0,0,0,0,0,0,0,0,0,0,0,0,44,0.483516,0.434092,0.0484459,0.31165,0.498789,47,0.516484,0.582242,0.06727,0.500792,0.757247,0,0,0,0,0,0,0,0,0,0,0,0,0,0,0,0,0,0,0,0,0,0,0,0,44,0.483516,52262.3,1714.73,48446,56454,47,0.516484,51846.9,1670.19,48357,56860,0,0,0,0,0,0,0,0,0,0,0,0,0,0,0,0,0,0,0,0,0,0,0,0
7,4,75,-45,98,98,0,0,0,0,0,0,0,0,0,0,0,0,0,0,0,0,0,0,0,0,0,0,0,0,0,0,0,0,0,0,0,0,0,0,0,0,0,0,0,0,0,0.98,98,0,0,0,0,0,0,0,0,0,0,0,0,0,0,0,0,0,0,0,0,0,0,0,0,0,0,0,0,0,0,0,0,0,0,0,0,0,0,0,0,0,0,0,0,0,0,0,0,0,0,0,0,0,25,0.255102,0.468507,0.026289,0.399635,0.496263,73,0.744898,0.599438,0.067586,0.501873,0.76029,0,0,0,0,0,0,0,0,0,0,0,0,0,0,0,0,0,0,0,0,0,0,0,0,25,0.255102,51815.9,1459.45,49313,54860,73,0.744898,51987.6,1669.25,49014,56235,0,0,0,0,0,0,0,0,0,0,0,0,0,0,0,0,0,0,0,0,0,0,0,0
8,4,85,-45,100,100,3.82732,3.82732,3.82732,0,0,0,0,0,0,3.75,3.82732,0,3.82732,3.82732,3.82732,3.82732,3.82732,3.82732,3.82732,3.82732,3.82732,3.82732,3.82732,3.82732,3.82732,3.82732,3.82732,0,0,0.0773196,3.82732,0,0,0,0,0,0,3.82732,3.82732,0,1,1,100,0,0,0,0,0,0,0,0,1,1,0,1,0,1,31009,31009,31009,0,0,0,0,0,0,31009.2,31009,0,31009,31009,31009,31009,31009,31009,31009,31009,31009,31009,31009,31009,31009,31009,31009,0,0,0.25,31009,0,0,0,0,0,0,31009,31009,73,0.73,0.422844,0.0621225,0.27876,0.498456,26,0.26,0.578142,0.0741241,0.504694,0.746982,1,0.01,3.82732,0,3.82732,3.82732,0,0,0,0,0,0,0,0,0,0,0,0,0,0,0,0,0,0,73,0.73,52851.1,1909.23,47639,57204,26,0.26,52480.2,1731.97,48745,55954,1,0.01,31009,0,31009,31009,0,0,0,0,0,0,0,0,0,0,0,0,0,0,0,0,0,0
9,4,95,-45,94,94,0,0,0,0,0,0,0,0,0,0,0,0,0,0,0,0,0,0,0,0,0,0,0,0,0,0,0,0,0,0,0,0,0,0,0,0,0,0,0,0,0,0.94,94,0,0,0,0,0,0,0,0,0,0,0,0,0,0,0,0,0,0,0,0,0,0,0,0,0,0,0,0,0,0,0,0,0,0,0,0,0,0,0,0,0,0,0,0,0,0,0,0,0,0,0,0,0,94,1,0.296448,0.0714177,0.122672,0.455727,0,0,0,0,0,0,0,0,0,0,0,0,0,0,0,0,0,0,0,0,0,0,0,0,0,0,0,0,0,0,94,1,52554.6,1767.21,48596,56454,0,0,0,0,0,0,0,0,0,0,0,0,0,0,0,0,0,0,0,0,0,0,0,0,0,0,0,0,0,0
10,4,105,-45,90,90,0,0,0,0,0,0,0,0,0,0,0,0,0,0,0,0,0,0,0,0,0,0,0,0,0,0,0,0,0,0,0,0,0,0,0,0,0,0,0,0,0,0.9,90,0,0,0,0,0,0,0,0,0,0,0,0,0,0,0,0,0,0,0,0,0,0,0,0,0,0,0,0,0,0,0,0,0,0,0,0,0,0,0,0,0,0,0,0,0,0,0,0,0,0,0,0,0,90,1,0.269293,0.0656229,0.137363,0.46914,0,0,0,0,0,0,0,0,0,0,0,0,0,0,0,0,0,0,0,0,0,0,0,0,0,0,0,0,0,0,90,1,51829.5,1558.02,48028,55298,0,0,0,0,0,0,0,0,0,0,0,0,0,0,0,0,0,0,0,0,0,0,0,0,0,0,0,0,0,0
11,4,115,-45,99,99,0,0,0,0,0,0,0,0,0,0,0,0,0,0,0,0,0,0,0,0,0,0,0,0,0,0,0,0,0,0,0,0,0,0,0,0,0,0,0,0,0,0.99,99,0,0,0,0,0,0,0,0,0,0,0,0,0,0,0,0,0,0,0,0,0,0,0,0,0,0,0,0,0,0,0,0,0,0,0,0,0,0,0,0,0,0,0,0,0,0,0,0,0,0,0,0,0,99,1,0.288062,0.0728865,0.123637,0.493513,0,0,0,0,0,0,0,0,0,0,0,0,0,0,0,0,0,0,0,0,0,0,0,0,0,0,0,0,0,0,99,1,51325.3,1533.23,47191,54734,0,0,0,0,0,0,0,0,0,0,0,0,0,0,0,0,0,0,0,0,0,0,0,0,0,0,0,0,0,0
12,4,125,-45,97,97,0,0,0,0,0,0,0,0,0,0,0,0,0,0,0,0,0,0,0,0,0,0,0,0,0,0,0,0,0,0,0,0,0,0,0,0,0,0,0,0,0,0.97,97,0,0,0,0,0,0,0,0,0,0,0,0,0,0,0,0,0,0,0,0,0,0,0,0,0,0,0,0,0,0,0,0,0,0,0,0,0,0,0,0,0,0,0,0,0,0,0,0,0,0,0,0,0,97,1,0.206246,0.0657061,0.0666257,0.345178,0,0,0,0,0,0,0,0,0,0,0,0,0,0,0,0,0,0,0,0,0,0,0,0,0,0,0,0,0,0,97,1,51562.6,1574.12,48177,55135,0,0,0,0,0,0,0,0,0,0,0,0,0,0,0,0,0,0,0,0,0,0,0,0,0,0,0,0,0,0
13,4,135,-45,95,95,0,0,0,0,0,0,0,0,0,0,0,0,0,0,0,0,0,0,0,0,0,0,0,0,0,0,0,0,0,0,0,0,0,0,0,0,0,0,0,0,0,0.95,95,0,0,0,0,0,0,0,0,0,0,0,0,0,0,0,0,0,0,0,0,0,0,0,0,0,0,0,0,0,0,0,0,0,0,0,0,0,0,0,0,0,0,0,0,0,0,0,0,0,0,0,0,0,95,1,0.229939,0.0641666,0.109118,0.371759,0,0,0,0,0,0,0,0,0,0,0,0,0,0,0,0,0,0,0,0,0,0,0,0,0,0,0,0,0,0,95,1,52009.7,1546.48,47579,55448,0,0,0,0,0,0,0,0,0,0,0,0,0,0,0,0,0,0,0,0,0,0,0,0,0,0,0,0,0,0
14,4,145,-45,91,91,0,0,0,0,0,0,0,0,0,0,0,0,0,0,0,0,0,0,0,0,0,0,0,0,0,0,0,0,0,0,0,0,0,0,0,0,0,0,0,0,0,0.91,91,0,0,0,0,0,0,0,0,0,0,0,0,0,0,0,0,0,0,0,0,0,0,0,0,0,0,0,0,0,0,0,0,0,0,0,0,0,0,0,0,0,0,0,0,0,0,0,0,0,0,0,0,0,91,1,0.272473,0.0725268,0.050343,0.41861,0,0,0,0,0,0,0,0,0,0,0,0,0,0,0,0,0,0,0,0,0,0,0,0,0,0,0,0,0,0,91,1,51503.7,1491.36,47669,55328,0,0,0,0,0,0,0,0,0,0,0,0,0,0,0,0,0,0,0,0,0,0,0,0,0,0,0,0,0,0
15,4,155,-45,98,98,0,0,0,0,0,0,0,0,0,0,0,0,0,0,0,0,0,0,0,0,0,0,0,0,0,0,0,0,0,0,0,0,0,0,0,0,0,0,0,0,0,0.98,98,0,0,0,0,0,0,0,0,0,0,0,0,0,0,0,0,0,0,0,0,0,0,0,0,0,0,0,0,0,0,0,0,0,0,0,0,0,0,0,0,0,0,0,0,0,0,0,0,0,0,0,0,0,98,1,0.228073,0.0484087,0.13008,0.409243,0,0,0,0,0,0,0,0,0,0,0,0,0,0,0,0,0,0,0,0,0,0,0,0,0,0,0,0,0,0,98,1,51405.9,1623.13,48028,55266,0,0,0,0,0,0,0,0,0,0,0,0,0,0,0,0,0,0,0,0,0,0,0,0,0,0,0,0,0,0
16,4,165,-45,94,94,0,0,0,0,0,0,0,0,0,0,0,0,0,0,0,0,0,0,0,0,0,0,0,0,0,0,0,0,0,0,0,0,0,0,0,0,0,0,0,0,0,0.94,94,0,0,0,0,0,0,0,0,0,0,0,0,0,0,0,0,0,0,0,0,0,0,0,0,0,0,0,0,0,0,0,0,0,0,0,0,0,0,0,0,0,0,0,0,0,0,0,0,0,0,0,0,0,94,1,0.212787,0.0614368,0.0713415,0.412151,0,0,0,0,0,0,0,0,0,0,0,0,0,0,0,0,0,0,0,0,0,0,0,0,0,0,0,0,0,0,94,1,52070.8,1576.64,47967,56110,0,0,0,0,0,0,0,0,0,0,0,0,0,0,0,0,0,0,0,0,0,0,0,0,0,0,0,0,0,0
17,4,175,-45,99,99,0,0,0,0,0,0,0,0,0,0,0,0,0,0,0,0,0,0,0,0,0,0,0,0,0,0,0,0,0,0,0,0,0,0,0,0,0,0,0,0,0,0.99,99,0,0,0,0,0,0,0,0,0,0,0,0,0,0,0,0,0,0,0,0,0,0,0,0,0,0,0,0,0,0,0,0,0,0,0,0,0,0,0,0,0,0,0,0,0,0,0,0,0,0,0,0,0,99,1,0.234425,0.0833059,0.0260708,0.455689,0,0,0,0,0,0,0,0,0,0,0,0,0,0,0,0,0,0,0,0,0,0,0,0,0,0,0,0,0,0,99,1,52462.9,1346.45,49582,56735,0,0,0,0,0,0,0,0,0,0,0,0,0,0,0,0,0,0,0,0,0,0,0,0,0,0,0,0,0,0
18,4,185,-45,92,92,0,0,0,0,0,0,0,0,0,0,0,0,0,0,0,0,0,0,0,0,0,0,0,0,0,0,0,0,0,0,0,0,0,0,0,0,0,0,0,0,0,0.92,92,0,0,0,0,0,0,0,0,0,0,0,0,0,0,0,0,0,0,0,0,0,0,0,0,0,0,0,0,0,0,0,0,0,0,0,0,0,0,0,0,0,0,0,0,0,0,0,0,0,0,0,0,0,71,0.771739,0.387297,0.0752515,0.252363,0.496899,21,0.228261,0.566377,0.0536484,0.502318,0.701778,0,0,0,0,0,0,0,0,0,0,0,0,0,0,0,0,0,0,0,0,0,0,0,0,71,0.771739,51434.7,1578.26,48117,55704,21,0.228261,50448.2,1670.21,47275,53602,0,0,0,0,0,0,0,0,0,0,0,0,0,0,0,0,0,0,0,0,0,0,0,0
19,4,195,-45,98,98,805.08,806.46,805.966,0.364056,0.138059,0.000451702,-0.77375,2.91652,0.641725,806.25,806.07,0.529968,805.111,805.244,805.496,805.67,805.77,805.816,805.93,806.07,806.1,806.194,806.3,806.306,806.372,806.4,806.446,0.294878,0.290002,0.346006,805.966,0.209935,-0.0387773,0.0219407,0.000260477,-0.184711,0.104512,805.966,805.966,0.879245,25.5102,0.98,98,0,0,0,0,0,0,0,0,25.5102,25.5102,15.3061,7.14286,15.3061,7.14286,46413,53484,50243.7,1744.24,3.16915e+06,0.0347156,-0.310294,2.70716,0.541751,49851.2,50144,2019,46563.7,47172.6,47735,49346.8,49582,49731,49873.8,50144,50682.8,51127,51601,51794,52179.6,52952,53392.3,1362.91,1358.92,1378.43,50243.7,1015.36,-62.2717,171.833,0.0202088,-0.0613295,0.169233,50274,50304,3,0.0306122,0.465119,0.02326,0.435987,0.492914,70,0.714286,0.768382,0.118402,0.550465,1.00605,0,0,0,0,0,0,0,0,0,0,0,0,0,0,0,0,0,0,25,0.255102,805.966,0.364056,805.08,806.46,3,0.0306122,49651.7,1011.78,48596,51016,70,0.714286,50434.1,1611.9,46976,53922,0,0,0,0,0,0,0,0,0,0,0,0,0,0,0,0,0,0,25,0.255102,50243.7,1744.24,46413,53484
0,5,5,-55,91,90,2.02999,3.56999,2.79999,0.77,1.1858,0.275001,0,1,0.5,2.25,2.79999,0.77,2.04539,2.10699,2.18399,2.33799,2.41499,2.49199,2.64599,2.79999,2.95399,3.10799,3.18499,3.26199,3.41599,3.49299,3.55459,0.77,0.77,0.77,2.79999,0.77,0,0,0.275001,0,0,2.90393,2.99748,0.7546,2.1978,0.91,90,1,0,0,0,0,0,0,0,2.1978,2.22222,1.0989,1.0989,1.11111,1.11111,32212,51046,41629,9417,1.7736e+08,0.226213,0,1,0.5,32212.2,41629,9417,32400.3,33153.7,34095.4,35978.8,36920.5,37862.2,39745.6,41629,43512.4,45395.8,46337.5,47279.2,49162.6,50104.3,50857.7,9417,9417,9417,41629,9417,0,0,0.226213,0,0,42680.8,43658.7,2,0.021978,0.474985,0.015,0.459985,0.489985,87,0.956044,0.852172,0.303002,0.544489,1.96999,2,0.021978,2.79999,0.77,2.02999,3.56999,0,0,0,0,0,0,0,0,0,0,0,0,0,0,0,0,0,0,2,0.021978,49621,518,49103,50139,87,0.956044,50657.2,1359.05,47340,54165,2,0.021978,41629,9417,32212,51046,0,0,0,0,0,0,0,0,0,0,0,0,0,0,0,0,0,0
1,5,15,-55,91,91,0,0,0,0,0,0,0,0,0,0,0,0,0,0,0,0,0,0,0,0,0,0,0,0,0,0,0,0,0,0,0,0,0,0,0,0,0,0,0,0,0,0.91,91,0,0,0,0,0,0,0,0,0,0,0,0,0,0,0,0,0,0,0,0,0,0,0,0,0,0,0,0,0,0,0,0,0,0,0,0,0,0,0,0,0,0,0,0,0,0,0,0,0,0,0,0,0,0,0,0,0,0,0,91,1,0.674419,0.0918504,0.518313,0.879553,0,0,0,0,0,0,0,0,0,0,0,0,0,0,0,0,0,0,0,0,0,0,0,0,0,0,0,0,0,0,91,1,50395.5,1395.3,47604,53227,0,0,0,0,0,0,0,0,0,0,0,0,0,0,0,0,0,0,0,0,0,0,0,0
2,5,25,-55,88,87,3.58481,3.58481,3.58481,0,0,0,0,0,0,3.75,3.58481,0,3.58481,3.58481,3.58481,3.58481,3.58481,3.58481,3.58481,3.58481,3.58481,3.58481,3.58481,3.58481,3.58481,3.58481,3.58481,0,0,0.165192,3.58481,0,0,0,0,0,0,3.58481,3.58481,0,1.13636,0.88,87,1,0,0,0,0,0,0,0,1.13636,1.14943,0,0,0,0,26301,26301,26301,0,0,0,0,0,0,26301.2,26301,0,26301,26301,26301,26301,26301,26301,26301,26301,26301,26301,26301,26301,26301,26301,26301,0,0,0.25,26301,0,0,0,0,0,0,26301,26301,0,0,0,0,0,0,87,0.988636,0.766997,0.0961198,0.574227,1.01358,1,0.0113636,3.58481,0,3.58481,3.58481,0,0,0,0,0,0,0,0,0,0,0,0,0,0,0,0,0,0,0,0,0,0,0,0,87,0.988636,49760.6,1241.64,46623,52809,1,0.0113636,26301,0,26301,26301,0,0,0,0,0,0,0,0,0,0,0,0,0,0,0,0,0,0
3,5,35,-55,94,94,0,0,0,0,0,0,0,0,0,0,0,0,0,0,0,0,0,0,0,0,0,0,0,0,0,0,0,0,0,0,0,0,0,0,0,0,0,0,0,0,0,0.94,94,0,0,0,0,0,0,0,0,0,0,0,0,0,0,0,0,0,0,0,0,0,0,0,0,0,0,0,0,0,0,0,0,0,0,0,0,0,0,0,0,0,0,0,0,0,0,0,0,0,0,0,0,0,21,0.223404,0.469763,0.0228487,0.428378,0.498609,73,0.776596,0.619188,0.0836672,0.500237,0.858292,0,0,0,0,0,0,0,0,0,0,0,0,0,0,0,0,0,0,0,0,0,0,0,0,21,0.223404,51709,1535.83,48452,54291,73,0.776596,50972.6,1381.26,47858,54697,0,0,0,0,0,0,0,0,0,0,0,0,0,0,0,0,0,0,0,0,0,0,0,0
4,5,45,-55,93,93,0,0,0,0,0,0,0,0,0,0,0,0,0,0,0,0,0,0,0,0,0,0,0,0,0,0,0,0,0,0,0,0,0,0,0,0,0,0,0,0,0,0.93,93,0,0,0,0,0,0,0,0,0,0,0,0,0,0,0,0,0,0,0,0,0,0,0,0,0,0,0,0,0,0,0,0,0,0,0,0,0,0,0,0,0,0,0,0,0,0,0,0,0,0,0,0,0,50,0.537634,0.410282,0.0650747,0.249522,0.499746,43,0.462366,0.602165,0.0631873,0.502565,0.71627,0,0,0,0,0,0,0,0,0,0,0,0,0,0,0,0,0,0,0,0,0,0,0,0,50,0.537634,51057.1,1447.43,47340,54797,43,0.462366,51055.9,1232.19,48948,54228,0,0,0,0,0,0,0,0,0,0,0,0,0,0,0,0,0,0,0,0,0,0,0,0
5,5,55,-55,94,94,0,0,0,0,0,0,0,0,0,0,0,0,0,0,0,0,0,0,0,0,0,0,0,0,0,0,0,0,0,0,0,0,0,0,0,0,0,0,0,0,0,0.94,94,0,0,0,0,0,0,0,0,0,0,0,0,0,0,0,0,0,0,0,0,0,0,0,0,0,0,0,0,0,0,0,0,0,0,0,0,0,0,0,0,0,0,0,0,0,0,0,0,0,0,0,0,0,31,0.329787,0.406003,0.0472458,0.316052,0.486704,63,0.670213,0.608781,0.0718497,0.501925,0.79317,0,0,0,0,0,0,0,0,0,0,0,0,0,0,0,0,0,0,0,0,0,0,0,0,31,0.329787,51765,1503.56,48770,54666,63,0.670213,51366.1,1260.18,48739,54015,0,0,0,0,0,0,0,0,0,0,0,0,0,0,0,0,0,0,0,0,0,0,0,0
6,5,65,-55,88,88,0,0,0,0,0,0,0,0,0,0,0,0,0,0,0,0,0,0,0,0,0,0,0,0,0,0,0,0,0,0,0,0,0,0,0,0,0,0,0,0,0,0.88,88,0,0,0,0,0,0,0,0,0,0,0,0,0,0,0,0,0,0,0,0,0,0,0,0,0,0,0,0,0,0,0,0,0,0,0,0,0,0,0,0,0,0,0,0,0,0,0,0,0,0,0,0,0,26,0.295455,0.449425,0.0344687,0.369234,0.495821,62,0.704545,0.578228,0.0553968,0.503054,0.728908,0,0,0,0,0,0,0,0,0,0,0,0,0,0,0,0,0,0,0,0,0,0,0,0,26,0.295455,52252.2,1480.32,49889,57517,62,0.704545,51628.4,1447.59,47813,55573,0,0,0,0,0,0,0,0,0,0,0,0,0,0,0,0,0,0,0,0,0,0,0,0
7,5,75,-55,102,102,0,0,0,0,0,0,0,0,0,0,0,0,0,0,0,0,0,0,0,0,0,0,0,0,0,0,0,0,0,0,0,0,0,0,0,0,0,0,0,0,0,1.02,102,0,0,0,0,0,0,0,0,0,0,0,0,0,0,0,0,0,0,0,0,0,0,0,0,0,0,0,0,0,0,0,0,0,0,0,0,0,0,0,0,0,0,0,0,0,0,0,0,0,0,0,0,0,29,0.284314,0.423036,0.0547201,0.306477,0.496587,73,0.715686,0.631512,0.056866,0.520277,0.750057,0,0,0,0,0,0,0,0,0,0,0,0,0,0,0,0,0,0,0,0,0,0,0,0,29,0.284314,52579.4,1642.13,48590,55479,73,0.715686,52389.3,1708.76,47932,57391,0,0,0,0,0,0,0,0,0,0,0,0,0,0,0,0,0,0,0,0,0,0,0,0
8,5,85,-55,92,91,0,0,0,0,0,0,0,0,0,0,0,0,0,0,0,0,0,0,0,0,0,0,0,0,0,0,0,0,0,0,0,0,0,0,0,0,0,0,0,0,0,0.92,91,1,0,0,0,0,0,0,0,0,0,0,0,0,0,0,0,0,0,0,0,0,0,0,0,0,0,0,0,0,0,0,0,0,0,0,0,0,0,0,0,0,0,0,0,0,0,0,0,0,0,0,0,0,82,0.891304,0.39352,0.077115,0.22468,0.499248,10,0.108696,0.539662,0.0380481,0.502178,0.605592,0,0,0,0,0,0,0,0,0,0,0,0,0,0,0,0,0,0,0,0,0,0,0,0,82,0.891304,52569.5,1833.62,46545,55609,10,0.108696,51188.2,1496.6,48829,54572,0,0,0,0,0,0,0,0,0,0,0,0,0,0,0,0,0,0,0,0,0,0,0,0
9,5,95,-55,89,89,0,0,0,0,0,0,0,0,0,0,0,0,0,0,0,0,0,0,0,0,0,0,0,0,0,0,0,0,0,0,0,0,0,0,0,0,0,0,0,0,0,0.89,89,0,0,0,0,0,0,0,0,0,0,0,0,0,0,0,0,0,0,0,0,0,0,0,0,0,0,0,0,0,0,0,0,0,0,0,0,0,0,0,0,0,0,0,0,0,0,0,0,0,0,0,0,0,86,0.966292,0.301405,0.0776287,0.150199,0.496001,3,0.0337079,0.559837,0.0225431,0.541357,0.591575,0,0,0,0,0,0,0,0,0,0,0,0,0,0,0,0,0,0,0,0,0,0,0,0,86,0.966292,52258.2,1682.77,48111,56199,3,0.0337079,54346.7,948.945,53321,55609,0,0,0,0,0,0,0,0,0,0,0,0,0,0,0,0,0,0,0,0,0,0,0,0
10,5,105,-55,88,88,0,0,0,0,0,0,0,0,0,0,0,0,0,0,0,0,0,0,0,0,0,0,0,0,0,0,0,0,0,0,0,0,0,0,0,0,0,0,0,0,0,0.88,88,0,0,0,0,0,0,0,0,0,0,0,0,0,0,0,0,0,0,0,0,0,0,0,0,0,0,0,0,0,0,0,0,0,0,0,0,0,0,0,0,0,0,0,0,0,0,0,0,0,0,0,0,0,88,1,0.251422,0.064093,0.124628,0.417793,0,0,0,0,0,0,0,0,0,0,0,0,0,0,0,0,0,0,0,0,0,0,0,0,0,0,0,0,0,0,88,1,51551.2,1411.09,48864,54885,0,0,0,0,0,0,0,0,0,0,0,0,0,0,0,0,0,0,0,0,0,0,0,0,0,0,0,0,0,0
11,5,115,-55,105,105,0,0,0,0,0,0,0,0,0,0,0,0,0,0,0,0,0,0,0,0,0,0,0,0,0,0,0,0,0,0,0,0,0,0,0,0,0,0,0,0,0,1.05,105,0,0,0,0,0,0,0,0,0,0,0,0,0,0,0,0,0,0,0,0,0,0,0,0,0,0,0,0,0,0,0,0,0,0,0,0,0,0,0,0,0,0,0,0,0,0,0,0,0,0,0,0,0,103,0.980952,0.282278,0.0832274,0.0995216,0.49507,2,0.0190476,0.515739,0.0133422,0.502397,0.529081,0,0,0,0,0,0,0,0,0,0,0,0,0,0,0,0,0,0,0,0,0,0,0,0,103,0.980952,51174.7,1560.95,47729,54228,2,0.0190476,49424,894,48530,50318,0,0,0,0,0,0,0,0,0,0,0,0,0,0,0,0,0,0,0,0,0,0,0,0
12,5,125,-55,97,97,0,0,0,0,0,0,0,0,0,0,0,0,0,0,0,0,0,0,0,0,0,0,0,0,0,0,0,0,0,0,0,0,0,0,0,0,0,0,0,0,0,0.97,97,0,0,0,0,0,0,0,0,0,0,0,0,0,0,0,0,0,0,0,0,0,0,0,0,0,0,0,0,0,0,0,0,0,0,0,0,0,0,0,0,0,0,0,0,0,0,0,0,0,0,0,0,0,97,1,0.258562,0.0752348,0.112441,0.444203,0,0,0,0,0,0,0,0,0,0,0,0,0,0,0,0,0,0,0,0,0,0,0,0,0,0,0,0,0,0,97,1,51420,1573.86,47813,54885,0,0,0,0,0,0,0,0,0,0,0,0,0,0,0,0,0,0,0,0,0,0,0,0,0,0,0,0,0,0
13,5,135,-55,94,94,0,0,0,0,0,0,0,0,0,0,0,0,0,0,0,0,0,0,0,0,0,0,0,0,0,0,0,0,0,0,0,0,0,0,0,0,0,0,0,0,0,0.94,94,0,0,0,0,0,0,0,0,0,0,0,0,0,0,0,0,0,0,0,0,0,0,0,0,0,0,0,0,0,0,0,0,0,0,0,0,0,0,0,0,0,0,0,0,0,0,0,0,0,0,0,0,0,94,1,0.271241,0.0589554,0.13721,0.384903,0,0,0,0,0,0,0,0,0,0,0,0,0,0,0,0,0,0,0,0,0,0,0,0,0,0,0,0,0,0,94,1,51277.3,1515.68,48261,54321,0,0,0,0,0,0,0,0,0,0,0,0,0,0,0,0,0,0,0,0,0,0,0,0,0,0,0,0,0,0
14,5,145,-55,87,87,0,0,0,0,0,0,0,0,0,0,0,0,0,0,0,0,0,0,0,0,0,0,0,0,0,0,0,0,0,0,0,0,0,0,0,0,0,0,0,0,0,0.87,87,0,0,0,0,0,0,0,0,0,0,0,0,0,0,0,0,0,0,0,0,0,0,0,0,0,0,0,0,0,0,0,0,0,0,0,0,0,0,0,0,0,0,0,0,0,0,0,0,0,0,0,0,0,87,1,0.252418,0.0601854,0.146079,0.472437,0,0,0,0,0,0,0,0,0,0,0,0,0,0,0,0,0,0,0,0,0,0,0,0,0,0,0,0,0,0,87,1,51557.9,1362.71,48739,54478,0,0,0,0,0,0,0,0,0,0,0,0,0,0,0,0,0,0,0,0,0,0,0,0,0,0,0,0,0,0
15,5,155,-55,102,102,0,0,0,0,0,0,0,0,0,0,0,0,0,0,0,0,0,0,0,0,0,0,0,0,0,0,0,0,0,0,0,0,0,0,0,0,0,0,0,0,0,1.02,102,0,0,0,0,0,0,0,0,0,0,0,0,0,0,0,0,0,0,0,0,0,0,0,0,0,0,0,0,0,0,0,0,0,0,0,0,0,0,0,0,0,0,0,0,0,0,0,0,0,0,0,0,0,102,1,0.258126,0.0575727,0.135286,0.460138,0,0,0,0,0,0,0,0,0,0,0,0,0,0,0,0,0,0,0,0,0,0,0,0,0,0,0,0,0,0,102,1,51439.3,1602.49,47484,55323,0,0,0,0,0,0,0,0,0,0,0,0,0,0,0,0,0,0,0,0,0,0,0,0,0,0,0,0,0,0
16,5,165,-55,100,97,2.65936,3.80572,3.13945,0.486163,0.354531,0.154856,0.518271,1.5,0.418796,2.75,2.95327,0.573179,2.66524,2.68875,2.71814,2.77692,2.80631,2.8357,2.89449,2.95327,3.12376,3.29425,3.37949,3.46474,3.63523,3.72047,3.78867,0.444179,0.382119,0.449876,3.13945,0.382119,0.186179,0,0.121715,0.487226,0,3.17687,3.21492,0.422137,3,1,97,3,0,0,0,0,0,0,0,3,3.09278,1,2,1.03093,2.06186,24393,29772,26227.7,2506.74,9.42563e+06,0.0955762,0.705788,1.5,0.34108,24393.2,24518,2689.5,24395.5,24405.5,24418,24443,24455.5,24468,24493,24518,25568.8,26619.6,27145,27670.4,28721.2,29246.6,29666.9,2362.89,1793,1834.58,26227.7,1793,1709.67,0,0.0683629,0.953523,0,26347.2,26470.4,97,0.97,0.233679,0.0540907,0.123329,0.419802,0,0,0,0,0,0,3,0.03,3.13945,0.486163,2.65936,3.80572,0,0,0,0,0,0,0,0,0,0,0,0,0,0,0,0,0,0,97,0.97,51602.2,1557.99,48111,55448,0,0,0,0,0,0,3,0.03,26227.7,2506.74,24393,29772,0,0,0,0,0,0,0,0,0,0,0,0,0,0,0,0,0,0
17,5,175,-55,97,97,0,0,0,0,0,0,0,0,0,0,0,0,0,0,0,0,0,0,0,0,0,0,0,0,0,0,0,0,0,0,0,0,0,0,0,0,0,0,0,0,0,0.97,97,0,0,0,0,0,0,0,0,0,0,0,0,0,0,0,0,0,0,0,0,0,0,0,0,0,0,0,0,0,0,0,0,0,0,0,0,0,0,0,0,0,0,0,0,0,0,0,0,0,0,0,0,0,95,0.979381,0.296059,0.0731566,0.133299,0.476239,2,0.0206186,0.640126,0.00466499,0.635461,0.644791,0,0,0,0,0,0,0,0,0,0,0,0,0,0,0,0,0,0,0,0,0,0,0,0,95,0.979381,51804.9,1434.07,47514,55224,2,0.0206186,48963.5,74.5,48889,49038,0,0,0,0,0,0,0,0,0,0,0,0,0,0,0,0,0,0,0,0,0,0,0,0
18,5,185,-55,93,93,0,0,0,0,0,0,0,0,0,0,0,0,0,0,0,0,0,0,0,0,0,0,0,0,0,0,0,0,0,0,0,0,0,0,0,0,0,0,0,0,0,0.93,93,0,0,0,0,0,0,0,0,0,0,0,0,0,0,0,0,0,0,0,0,0,0,0,0,0,0,0,0,0,0,0,0,0,0,0,0,0,0,0,0,0,0,0,0,0,0,0,0,0,0,0,0,0,43,0.462366,0.424341,0.0533769,0.311605,0.499414,50,0.537634,0.631573,0.0865243,0.504195,0.807392,0,0,0,0,0,0,0,0,0,0,0,0,0,0,0,0,0,0,0,0,0,0,0,0,43,0.462366,50423.6,1157.68,48560,52946,50,0.537634,50396.6,1422.91,47394,53032,0,0,0,0,0,0,0,0,0,0,0,0,0,0,0,0,0,0,0,0,0,0,0,0
19,5,195,-55,91,91,803.84,805.64,804.681,0.487064,0.247546,0.000605289,0.00287282,2.17115,0.467116,804.75,804.74,0.76001,803.854,803.911,804.009,804.218,804.23,804.41,804.586,804.74,804.894,804.954,804.99,805.014,805.323,805.435,805.594,0.407359,0.403333,0.403333,804.681,0.289274,-0.00487613,0.0218971,0.00035949,-0.0168564,0.0756967,804.681,804.681,0.82389,26.3736,0.91,91,0,0,0,0,0,0,0,0,26.3736,26.3736,15.3846,13.1868,15.3846,13.1868,47394,52977,50810.2,1282.42,1.7161e+06,0.0252394,-0.226875,3.25764,0.611895,49785.2,50607,1660,47861.6,49471.9,49743.7,49964.4,50084,50111,50393.4,50607,50737.4,51485.4,51744,52287.6,52542.1,52809.7,52948.2,1013.84,983.875,1259.06,50810.2,730.955,30.7775,99.5388,0.014386,0.0421059,0.136176,50826.4,50842.5,0,0,0,0,0,0,67,0.736264,0.797342,0.104561,0.521164,1.0791,0,0,0,0,0,0,0,0,0,0,0,0,0,0,0,0,0,0,24,0.263736,804.681,0.487064,803.84,805.64,0,0,0,0,0,0,67,0.736264,49850.6,1249.02,46677,52257,0,0,0,0,0,0,0,0,0,0,0,0,0,0,0,0,0,0,24,0.263736,50810.2,1282.42,47394,52977
0,6,5,-65,90,90,2.23998,2.23998,2.23998,0,0,0,0,0,0,2.25,2.23998,0,2.23998,2.23998,2.23998,2.23998,2.23998,2.23998,2.23998,2.23998,2.23998,2.23998,2.23998,2.23998,2.23998,2.23998,2.23998,0,0,0.0100195,2.23998,0,0,0,0,0,0,2.23998,2.23998,0,1.11111,0.9,90,0,0,0,0,0,0,0,0,1.11111,1.11111,0,0,0,0,50562,50562,50562,0,0,0,0,0,0,50562.2,50562,0,50562,50562,50562,50562,50562,50562,50562,50562,50562,50562,50562,50562,50562,50562,50562,0,0,0.25,50562,0,0,0,0,0,0,50562,50562,0,0,0,0,0,0,89,0.988889,0.877878,0.366586,0.520623,1.93,1,0.0111111,2.23998,0,2.23998,2.23998,0,0,0,0,0,0,0,0,0,0,0,0,0,0,0,0,0,0,0,0,0,0,0,0,89,0.988889,50702.8,1356.21,47347,53884,1,0.0111111,50562,0,50562,50562,0,0,0,0,0,0,0,0,0,0,0,0,0,0,0,0,0,0
1,6,15,-65,98,98,0,0,0,0,0,0,0,0,0,0,0,0,0,0,0,0,0,0,0,0,0,0,0,0,0,0,0,0,0,0,0,0,0,0,0,0,0,0,0,0,0,0.98,98,0,0,0,0,0,0,0,0,0,0,0,0,0,0,0,0,0,0,0,0,0,0,0,0,0,0,0,0,0,0,0,0,0,0,0,0,0,0,0,0,0,0,0,0,0,0,0,0,0,0,0,0,0,5,0.0510204,0.479599,0.0141388,0.463101,0.499734,93,0.94898,0.692673,0.0873348,0.501269,0.974021,0,0,0,0,0,0,0,0,0,0,0,0,0,0,0,0,0,0,0,0,0,0,0,0,5,0.0510204,49667.2,894.232,48022,50702,93,0.94898,50339.3,1662.11,46558,55291,0,0,0,0,0,0,0,0,0,0,0,0,0,0,0,0,0,0,0,0,0,0,0,0
2,6,25,-65,85,85,0,0,0,0,0,0,0,0,0,0,0,0,0,0,0,0,0,0,0,0,0,0,0,0,0,0,0,0,0,0,0,0,0,0,0,0,0,0,0,0,0,0.85,85,0,0,0,0,0,0,0,0,0,0,0,0,0,0,0,0,0,0,0,0,0,0,0,0,0,0,0,0,0,0,0,0,0,0,0,0,0,0,0,0,0,0,0,0,0,0,0,0,0,0,0,0,0,0,0,0,0,0,0,85,1,0.734232,0.0660774,0.618342,0.900551,0,0,0,0,0,0,0,0,0,0,0,0,0,0,0,0,0,0,0,0,0,0,0,0,0,0,0,0,0,0,85,1,50236.8,1345.16,47574,53602,0,0,0,0,0,0,0,0,0,0,0,0,0,0,0,0,0,0,0,0,0,0,0,0
3,6,35,-65,92,92,0,0,0,0,0,0,0,0,0,0,0,0,0,0,0,0,0,0,0,0,0,0,0,0,0,0,0,0,0,0,0,0,0,0,0,0,0,0,0,0,0,0.92,92,0,0,0,0,0,0,0,0,0,0,0,0,0,0,0,0,0,0,0,0,0,0,0,0,0,0,0,0,0,0,0,0,0,0,0,0,0,0,0,0,0,0,0,0,0,0,0,0,0,0,0,0,0,42,0.456522,0.43964,0.036277,0.366775,0.499862,50,0.543478,0.573891,0.0460311,0.50356,0.709107,0,0,0,0,0,0,0,0,0,0,0,0,0,0,0,0,0,0,0,0,0,0,0,0,42,0.456522,51567.4,1459.13,47992,54759,50,0.543478,51200.6,1513.02,47245,54947,0,0,0,0,0,0,0,0,0,0,0,0,0,0,0,0,0,0,0,0,0,0,0,0
4,6,45,-65,98,98,0,0,0,0,0,0,0,0,0,0,0,0,0,0,0,0,0,0,0,0,0,0,0,0,0,0,0,0,0,0,0,0,0,0,0,0,0,0,0,0,0,0.98,98,0,0,0,0,0,0,0,0,0,0,0,0,0,0,0,0,0,0,0,0,0,0,0,0,0,0,0,0,0,0,0,0,0,0,0,0,0,0,0,0,0,0,0,0,0,0,0,0,0,0,0,0,0,42,0.428571,0.44588,0.0389694,0.341831,0.496852,56,0.571429,0.584115,0.0668123,0.50087,0.75246,0,0,0,0,0,0,0,0,0,0,0,0,0,0,0,0,0,0,0,0,0,0,0,0,42,0.428571,51480.9,1484.21,48375,54516,56,0.571429,51699.1,1583.28,48709,54666,0,0,0,0,0,0,0,0,0,0,0,0,0,0,0,0,0,0,0,0,0,0,0,0
5,6,55,-65,92,92,0,0,0,0,0,0,0,0,0,0,0,0,0,0,0,0,0,0,0,0,0,0,0,0,0,0,0,0,0,0,0,0,0,0,0,0,0,0,0,0,0,0.92,92,0,0,0,0,0,0,0,0,0,0,0,0,0,0,0,0,0,0,0,0,0,0,0,0,0,0,0,0,0,0,0,0,0,0,0,0,0,0,0,0,0,0,0,0,0,0,0,0,0,0,0,0,0,0,0,0,0,0,0,92,1,0.643028,0.0695756,0.501601,0.775444,0,0,0,0,0,0,0,0,0,0,0,0,0,0,0,0,0,0,0,0,0,0,0,0,0,0,0,0,0,0,92,1,51684,1613.96,47753,54478,0,0,0,0,0,0,0,0,0,0,0,0,0,0,0,0,0,0,0,0,0,0,0,0
6,6,65,-65,94,93,4.53806,4.53806,4.53806,0,0,0,0,0,0,4.75,4.53806,0,4.53806,4.53806,4.53806,4.53806,4.53806,4.53806,4.53806,4.53806,4.53806,4.53806,4.53806,4.53806,4.53806,4.53806,4.53806,0,0,0.211937,4.53806,0,0,0,0,0,0,4.53806,4.53806,0,1.06383,0.94,93,1,0,0,0,0,0,0,0,1.06383,1.07527,0,0,0,0,19989,19989,19989,0,0,0,0,0,0,19989.2,19989,0,19989,19989,19989,19989,19989,19989,19989,19989,19989,19989,19989,19989,19989,19989,19989,0,0,0.25,19989,0,0,0,0,0,0,19989,19989,7,0.0744681,0.478948,0.0181158,0.439877,0.496216,86,0.914894,0.621981,0.0706829,0.505819,0.808672,1,0.0106383,4.53806,0,4.53806,4.53806,0,0,0,0,0,0,0,0,0,0,0,0,0,0,0,0,0,0,7,0.0744681,51222.1,1377.02,48799,53634,86,0.914894,52004.1,1529.1,48649,55729,1,0.0106383,19989,0,19989,19989,0,0,0,0,0,0,0,0,0,0,0,0,0,0,0,0,0,0
7,6,75,-65,98,98,0,0,0,0,0,0,0,0,0,0,0,0,0,0,0,0,0,0,0,0,0,0,0,0,0,0,0,0,0,0,0,0,0,0,0,0,0,0,0,0,0,0.98,98,0,0,0,0,0,0,0,0,0,0,0,0,0,0,0,0,0,0,0,0,0,0,0,0,0,0,0,0,0,0,0,0,0,0,0,0,0,0,0,0,0,0,0,0,0,0,0,0,0,0,0,0,0,58,0.591837,0.42054,0.0524397,0.294946,0.497862,40,0.408163,0.549277,0.0351288,0.500023,0.620762,0,0,0,0,0,0,0,0,0,0,0,0,0,0,0,0,0,0,0,0,0,0,0,0,58,0.591837,52452.1,2113.29,48231,56349,40,0.408163,52754.4,1862.65,49635,56823,0,0,0,0,0,0,0,0,0,0,0,0,0,0,0,0,0,0,0,0,0,0,0,0
8,6,85,-65,89,89,0,0,0,0,0,0,0,0,0,0,0,0,0,0,0,0,0,0,0,0,0,0,0,0,0,0,0,0,0,0,0,0,0,0,0,0,0,0,0,0,0,0.89,89,0,0,0,0,0,0,0,0,0,0,0,0,0,0,0,0,0,0,0,0,0,0,0,0,0,0,0,0,0,0,0,0,0,0,0,0,0,0,0,0,0,0,0,0,0,0,0,0,0,0,0,0,0,82,0.921348,0.367476,0.057842,0.175339,0.485755,7,0.0786517,0.519639,0.01864,0.507903,0.562316,0,0,0,0,0,0,0,0,0,0,0,0,0,0,0,0,0,0,0,0,0,0,0,0,82,0.921348,52890.9,1507.84,47419,55729,7,0.0786517,53416,990.812,51937,54885,0,0,0,0,0,0,0,0,0,0,0,0,0,0,0,0,0,0,0,0,0,0,0,0
9,6,95,-65,94,94,0,0,0,0,0,0,0,0,0,0,0,0,0,0,0,0,0,0,0,0,0,0,0,0,0,0,0,0,0,0,0,0,0,0,0,0,0,0,0,0,0,0.94,94,0,0,0,0,0,0,0,0,0,0,0,0,0,0,0,0,0,0,0,0,0,0,0,0,0,0,0,0,0,0,0,0,0,0,0,0,0,0,0,0,0,0,0,0,0,0,0,0,0,0,0,0,0,94,1,0.281213,0.0648187,0.125194,0.432624,0,0,0,0,0,0,0,0,0,0,0,0,0,0,0,0,0,0,0,0,0,0,0,0,0,0,0,0,0,0,94,1,52577.1,1449.71,49182,55604,0,0,0,0,0,0,0,0,0,0,0,0,0,0,0,0,0,0,0,0,0,0,0,0,0,0,0,0,0,0
10,6,105,-65,89,89,0,0,0,0,0,0,0,0,0,0,0,0,0,0,0,0,0,0,0,0,0,0,0,0,0,0,0,0,0,0,0,0,0,0,0,0,0,0,0,0,0,0.89,89,0,0,0,0,0,0,0,0,0,0,0,0,0,0,0,0,0,0,0,0,0,0,0,0,0,0,0,0,0,0,0,0,0,0,0,0,0,0,0,0,0,0,0,0,0,0,0,0,0,0,0,0,0,89,1,0.281715,0.0718793,0.155378,0.49696,0,0,0,0,0,0,0,0,0,0,0,0,0,0,0,0,0,0,0,0,0,0,0,0,0,0,0,0,0,0,89,1,51748,1651.05,47783,55254,0,0,0,0,0,0,0,0,0,0,0,0,0,0,0,0,0,0,0,0,0,0,0,0,0,0,0,0,0,0
11,6,115,-65,103,103,0,0,0,0,0,0,0,0,0,0,0,0,0,0,0,0,0,0,0,0,0,0,0,0,0,0,0,0,0,0,0,0,0,0,0,0,0,0,0,0,0,1.03,103,0,0,0,0,0,0,0,0,0,0,0,0,0,0,0,0,0,0,0,0,0,0,0,0,0,0,0,0,0,0,0,0,0,0,0,0,0,0,0,0,0,0,0,0,0,0,0,0,0,0,0,0,0,103,1,0.310205,0.0618527,0.174303,0.487764,0,0,0,0,0,0,0,0,0,0,0,0,0,0,0,0,0,0,0,0,0,0,0,0,0,0,0,0,0,0,103,1,51649.4,1445.33,47957,55291,0,0,0,0,0,0,0,0,0,0,0,0,0,0,0,0,0,0,0,0,0,0,0,0,0,0,0,0,0,0
12,6,125,-65,94,94,0,0,0,0,0,0,0,0,0,0,0,0,0,0,0,0,0,0,0,0,0,0,0,0,0,0,0,0,0,0,0,0,0,0,0,0,0,0,0,0,0,0.94,94,0,0,0,0,0,0,0,0,0,0,0,0,0,0,0,0,0,0,0,0,0,0,0,0,0,0,0,0,0,0,0,0,0,0,0,0,0,0,0,0,0,0,0,0,0,0,0,0,0,0,0,0,0,94,1,0.297015,0.0474573,0.177927,0.424831,0,0,0,0,0,0,0,0,0,0,0,0,0,0,0,0,0,0,0,0,0,0,0,0,0,0,0,0,0,0,94,1,51388.8,1622.35,47031,55254,0,0,0,0,0,0,0,0,0,0,0,0,0,0,0,0,0,0,0,0,0,0,0,0,0,0,0,0,0,0
13,6,135,-65,96,96,0,0,0,0,0,0,0,0,0,0,0,0,0,0,0,0,0,0,0,0,0,0,0,0,0,0,0,0,0,0,0,0,0,0,0,0,0,0,0,0,0,0.96,96,0,0,0,0,0,0,0,0,0,0,0,0,0,0,0,0,0,0,0,0,0,0,0,0,0,0,0,0,0,0,0,0,0,0,0,0,0,0,0,0,0,0,0,0,0,0,0,0,0,0,0,0,0,96,1,0.290787,0.0646795,0.142188,0.468625,0,0,0,0,0,0,0,0,0,0,0,0,0,0,0,0,0,0,0,0,0,0,0,0,0,0,0,0,0,0,96,1,51806.1,1243.96,49188,54784,0,0,0,0,0,0,0,0,0,0,0,0,0,0,0,0,0,0,0,0,0,0,0,0,0,0,0,0,0,0
14,6,145,-65,90,90,0,0,0,0,0,0,0,0,0,0,0,0,0,0,0,0,0,0,0,0,0,0,0,0,0,0,0,0,0,0,0,0,0,0,0,0,0,0,0,0,0,0.9,90,0,0,0,0,0,0,0,0,0,0,0,0,0,0,0,0,0,0,0,0,0,0,0,0,0,0,0,0,0,0,0,0,0,0,0,0,0,0,0,0,0,0,0,0,0,0,0,0,0,0,0,0,0,90,1,0.299201,0.0648158,0.154896,0.441648,0,0,0,0,0,0,0,0,0,0,0,0,0,0,0,0,0,0,0,0,0,0,0,0,0,0,0,0,0,0,90,1,51735.8,1544.32,47778,55129,0,0,0,0,0,0,0,0,0,0,0,0,0,0,0,0,0,0,0,0,0,0,0,0,0,0,0,0,0,0
15,6,155,-65,89,89,0,0,0,0,0,0,0,0,0,0,0,0,0,0,0,0,0,0,0,0,0,0,0,0,0,0,0,0,0,0,0,0,0,0,0,0,0,0,0,0,0,0.89,89,0,0,0,0,0,0,0,0,0,0,0,0,0,0,0,0,0,0,0,0,0,0,0,0,0,0,0,0,0,0,0,0,0,0,0,0,0,0,0,0,0,0,0,0,0,0,0,0,0,0,0,0,0,89,1,0.282622,0.0754816,0.113638,0.467432,0,0,0,0,0,0,0,0,0,0,0,0,0,0,0,0,0,0,0,0,0,0,0,0,0,0,0,0,0,0,89,1,51358.9,1363.75,48316,54910,0,0,0,0,0,0,0,0,0,0,0,0,0,0,0,0,0,0,0,0,0,0,0,0,0,0,0,0,0,0
16,6,165,-65,98,98,0,0,0,0,0,0,0,0,0,0,0,0,0,0,0,0,0,0,0,0,0,0,0,0,0,0,0,0,0,0,0,0,0,0,0,0,0,0,0,0,0,0.98,98,0,0,0,0,0,0,0,0,0,0,0,0,0,0,0,0,0,0,0,0,0,0,0,0,0,0,0,0,0,0,0,0,0,0,0,0,0,0,0,0,0,0,0,0,0,0,0,0,0,0,0,0,0,98,1,0.318011,0.054282,0.192685,0.452872,0,0,0,0,0,0,0,0,0,0,0,0,0,0,0,0,0,0,0,0,0,0,0,0,0,0,0,0,0,0,98,1,51982.3,1466.47,47753,55636,0,0,0,0,0,0,0,0,0,0,0,0,0,0,0,0,0,0,0,0,0,0,0,0,0,0,0,0,0,0
17,6,175,-65,97,97,0,0,0,0,0,0,0,0,0,0,0,0,0,0,0,0,0,0,0,0,0,0,0,0,0,0,0,0,0,0,0,0,0,0,0,0,0,0,0,0,0,0.97,97,0,0,0,0,0,0,0,0,0,0,0,0,0,0,0,0,0,0,0,0,0,0,0,0,0,0,0,0,0,0,0,0,0,0,0,0,0,0,0,0,0,0,0,0,0,0,0,0,0,0,0,0,0,74,0.762887,0.356012,0.0704829,0.221777,0.496237,23,0.237113,0.574458,0.0566086,0.508923,0.704997,0,0,0,0,0,0,0,0,0,0,0,0,0,0,0,0,0,0,0,0,0,0,0,0,74,0.762887,51571.3,1759.58,47419,56473,23,0.237113,50581,1508.98,47658,53001,0,0,0,0,0,0,0,0,0,0,0,0,0,0,0,0,0,0,0,0,0,0,0,0
18,6,185,-65,94,94,0,0,0,0,0,0,0,0,0,0,0,0,0,0,0,0,0,0,0,0,0,0,0,0,0,0,0,0,0,0,0,0,0,0,0,0,0,0,0,0,0,0.94,94,0,0,0,0,0,0,0,0,0,0,0,0,0,0,0,0,0,0,0,0,0,0,0,0,0,0,0,0,0,0,0,0,0,0,0,0,0,0,0,0,0,0,0,0,0,0,0,0,0,0,0,0,0,13,0.138298,0.419363,0.0437545,0.343366,0.495837,81,0.861702,0.6343,0.0748349,0.504866,0.796146,0,0,0,0,0,0,0,0,0,0,0,0,0,0,0,0,0,0,0,0,0,0,0,0,13,0.138298,51162.8,1875.31,47897,54847,81,0.861702,50376.4,1381.14,46971,54065,0,0,0,0,0,0,0,0,0,0,0,0,0,0,0,0,0,0,0,0,0,0,0,0
19,6,195,-65,88,88,801.7,803.84,802.735,0.623572,0.413145,0.00077681,0.119841,2.0513,0.483496,802.75,802.79,0.980042,801.727,801.836,801.93,802.15,802.23,802.39,802.536,802.79,802.892,803.026,803.21,803.29,803.554,803.784,803.829,0.525605,0.522353,0.524705,802.735,0.379561,0.0113864,0.023573,0.000472835,0.0299988,0.062106,802.735,802.735,1.01731,19.3182,0.88,88,0,0,0,0,0,0,0,0,19.3182,19.3182,10.2273,10.2273,10.2273,10.2273,45566,53032,49746.6,1973.7,4.13897e+06,0.0396751,-0.280172,2.53638,0.559958,45566.2,50280,2317,45719,46330.8,47505.4,48470.8,48494,48686,49008.6,50280,50395.4,50703,50811,51491.8,52156.2,52781.6,52981.9,1646.61,1615.24,4180.43,49746.6,1177.35,-61.4471,160.521,0.023667,-0.0521909,0.136341,49785.8,49824.5,1,0.0113636,0.495616,0,0.495616,0.495616,70,0.795455,0.863317,0.130166,0.543439,1.16774,0,0,0,0,0,0,0,0,0,0,0,0,0,0,0,0,0,0,17,0.193182,802.735,0.623572,801.7,803.84,1,0.0113636,52156,0,52156,52156,70,0.795455,50226.7,1540.34,46702,54784,0,0,0,0,0,0,0,0,0,0,0,0,0,0,0,0,0,0,17,0.193182,49746.6,1973.7,45566,53032
0,7,5,-75,95,95,2.02999,2.23,2.14499,0.0741081,0.00659042,0.0345494,-0.515974,1.61703,0.574991,2.25,2.17499,0.112506,2.03149,2.03749,2.04499,2.05999,2.08499,2.10999,2.15999,2.17499,2.18999,2.19499,2.1975,2.2,2.215,2.2225,2.2285,0.0666684,0.0616692,0.105007,2.14499,0.0483353,-0.011999,-0.00333384,0.022534,-0.248246,-0.0689731,2.14627,2.14753,0.116002,6.31579,0.95,95,0,0,0,0,0,0,0,0,6.31579,6.31579,4.21053,0,4.21053,0,48585,52251,50151.5,1391.27,2.32276e+06,0.0277413,0.404531,1.5648,0.427305,48585.2,49777,2335.25,48595.4,48637,48689,48793,48971.2,49149.5,49506,49777,50048,50887,51306.5,51726,51988.5,52119.8,52224.8,1224.67,1190.17,1566.33,50151.5,922.367,181.5,-145.633,0.0183916,0.196776,-0.157891,50170.8,50190.2,5,0.0526316,0.465738,0.0270428,0.423112,0.494782,84,0.884211,0.815911,0.327283,0.508687,1.97,6,0.0631579,2.14499,0.0741081,2.02999,2.23,0,0,0,0,0,0,0,0,0,0,0,0,0,0,0,0,0,0,5,0.0526316,50196.2,1124.63,48346,51663,84,0.884211,49786.2,1335.77,45536,52695,6,0.0631579,50151.5,1391.27,48585,52251,0,0,0,0,0,0,0,0,0,0,0,0,0,0,0,0,0,0
1,7,15,-75,94,92,3.25674,3.44449,3.35062,0.0938758,0.0176253,0.0280175,0,1,0.5,3.25,3.35062,0.0938756,3.25862,3.26613,3.27552,3.29429,3.30368,3.31307,3.33184,3.35062,3.36939,3.38817,3.39756,3.40694,3.42572,3.43511,3.44262,0.0938758,0.0938758,0.100618,3.35062,0.0938758,0,0,0.0280175,0,0,3.35193,3.35325,0.0919982,2.12766,0.94,92,2,0,0,0,0,0,0,0,2.12766,2.17391,1.06383,2.12766,1.08696,2.17391,32320,32837,32578.5,258.5,133644,0.00793468,0,1,0.5,32320.2,32578.5,258.5,32325.2,32345.8,32371.7,32423.4,32449.2,32475.1,32526.8,32578.5,32630.2,32681.9,32707.8,32733.6,32785.3,32811.1,32831.8,258.5,258.5,258.5,32578.5,258.5,0,0,0.00793468,0,0,32579.5,32580.6,17,0.180851,0.468195,0.0215683,0.416245,0.498531,75,0.797872,0.623144,0.0846798,0.503312,0.945483,2,0.0212766,3.35062,0.0938758,3.25674,3.44449,0,0,0,0,0,0,0,0,0,0,0,0,0,0,0,0,0,0,17,0.180851,51367.1,1488.35,47210,52917,75,0.797872,50516.3,1723.82,43475,53384,2,0.0212766,32578.5,258.5,32320,32837,0,0,0,0,0,0,0,0,0,0,0,0,0,0,0,0,0,0
2,7,25,-75,86,86,0,0,0,0,0,0,0,0,0,0,0,0,0,0,0,0,0,0,0,0,0,0,0,0,0,0,0,0,0,0,0,0,0,0,0,0,0,0,0,0,0,0.86,86,0,0,0,0,0,0,0,0,0,0,0,0,0,0,0,0,0,0,0,0,0,0,0,0,0,0,0,0,0,0,0,0,0,0,0,0,0,0,0,0,0,0,0,0,0,0,0,0,0,0,0,0,0,59,0.686047,0.396239,0.0595558,0.272149,0.493313,27,0.313953,0.586946,0.0748175,0.502553,0.767753,0,0,0,0,0,0,0,0,0,0,0,0,0,0,0,0,0,0,0,0,0,0,0,0,59,0.686047,51636.2,1576.93,48704,54597,27,0.313953,50971.5,1614.23,47061,53377,0,0,0,0,0,0,0,0,0,0,0,0,0,0,0,0,0,0,0,0,0,0,0,0
3,7,35,-75,93,93,0,0,0,0,0,0,0,0,0,0,0,0,0,0,0,0,0,0,0,0,0,0,0,0,0,0,0,0,0,0,0,0,0,0,0,0,0,0,0,0,0,0.93,93,0,0,0,0,0,0,0,0,0,0,0,0,0,0,0,0,0,0,0,0,0,0,0,0,0,0,0,0,0,0,0,0,0,0,0,0,0,0,0,0,0,0,0,0,0,0,0,0,0,0,0,0,0,2,0.0215054,0.490768,0.00296675,0.487801,0.493734,91,0.978495,0.641796,0.0817362,0.500897,0.834407,0,0,0,0,0,0,0,0,0,0,0,0,0,0,0,0,0,0,0,0,0,0,0,0,2,0.0215054,49615.5,702.5,48913,50318,91,0.978495,51164.4,1322.7,48047,54159,0,0,0,0,0,0,0,0,0,0,0,0,0,0,0,0,0,0,0,0,0,0,0,0
4,7,45,-75,109,109,0,0,0,0,0,0,0,0,0,0,0,0,0,0,0,0,0,0,0,0,0,0,0,0,0,0,0,0,0,0,0,0,0,0,0,0,0,0,0,0,0,1.09,109,0,0,0,0,0,0,0,0,0,0,0,0,0,0,0,0,0,0,0,0,0,0,0,0,0,0,0,0,0,0,0,0,0,0,0,0,0,0,0,0,0,0,0,0,0,0,0,0,0,0,0,0,0,1,0.00917431,0.494272,0,0.494272,0.494272,108,0.990826,0.681346,0.0902197,0.512671,0.971352,0,0,0,0,0,0,0,0,0,0,0,0,0,0,0,0,0,0,0,0,0,0,0,0,1,0.00917431,51244,0,51244,51244,108,0.990826,51190.6,1589.87,47210,54729,0,0,0,0,0,0,0,0,0,0,0,0,0,0,0,0,0,0,0,0,0,0,0,0
5,7,55,-75,84,84,0,0,0,0,0,0,0,0,0,0,0,0,0,0,0,0,0,0,0,0,0,0,0,0,0,0,0,0,0,0,0,0,0,0,0,0,0,0,0,0,0,0.84,84,0,0,0,0,0,0,0,0,0,0,0,0,0,0,0,0,0,0,0,0,0,0,0,0,0,0,0,0,0,0,0,0,0,0,0,0,0,0,0,0,0,0,0,0,0,0,0,0,0,0,0,0,0,7,0.0833333,0.4782,0.0217426,0.435682,0.498295,77,0.916667,0.640737,0.0974544,0.500236,0.841217,0,0,0,0,0,0,0,0,0,0,0,0,0,0,0,0,0,0,0,0,0,0,0,0,7,0.0833333,50165.7,1650.94,48076,53345,77,0.916667,51203.5,1649.41,47330,54879,0,0,0,0,0,0,0,0,0,0,0,0,0,0,0,0,0,0,0,0,0,0,0,0
6,7,65,-75,88,88,0,0,0,0,0,0,0,0,0,0,0,0,0,0,0,0,0,0,0,0,0,0,0,0,0,0,0,0,0,0,0,0,0,0,0,0,0,0,0,0,0,0.88,88,0,0,0,0,0,0,0,0,0,0,0,0,0,0,0,0,0,0,0,0,0,0,0,0,0,0,0,0,0,0,0,0,0,0,0,0,0,0,0,0,0,0,0,0,0,0,0,0,0,0,0,0,0,10,0.113636,0.472635,0.0190646,0.439072,0.494455,78,0.886364,0.602856,0.0599563,0.501647,0.745224,0,0,0,0,0,0,0,0,0,0,0,0,0,0,0,0,0,0,0,0,0,0,0,0,10,0.113636,51273.7,1622.85,49571,55397,78,0.886364,50937.6,1877.27,46911,54680,0,0,0,0,0,0,0,0,0,0,0,0,0,0,0,0,0,0,0,0,0,0,0,0
7,7,75,-75,101,101,0,0,0,0,0,0,0,0,0,0,0,0,0,0,0,0,0,0,0,0,0,0,0,0,0,0,0,0,0,0,0,0,0,0,0,0,0,0,0,0,0,1.01,101,0,0,0,0,0,0,0,0,0,0,0,0,0,0,0,0,0,0,0,0,0,0,0,0,0,0,0,0,0,0,0,0,0,0,0,0,0,0,0,0,0,0,0,0,0,0,0,0,0,0,0,0,0,85,0.841584,0.384809,0.077908,0.203881,0.495072,16,0.158416,0.597004,0.0699821,0.526723,0.742745,0,0,0,0,0,0,0,0,0,0,0,0,0,0,0,0,0,0,0,0,0,0,0,0,85,0.841584,51721.9,1842.86,47897,55848,16,0.158416,52546.1,1709.65,50048,55222,0,0,0,0,0,0,0,0,0,0,0,0,0,0,0,0,0,0,0,0,0,0,0,0
8,7,85,-75,92,92,0,0,0,0,0,0,0,0,0,0,0,0,0,0,0,0,0,0,0,0,0,0,0,0,0,0,0,0,0,0,0,0,0,0,0,0,0,0,0,0,0,0.92,92,0,0,0,0,0,0,0,0,0,0,0,0,0,0,0,0,0,0,0,0,0,0,0,0,0,0,0,0,0,0,0,0,0,0,0,0,0,0,0,0,0,0,0,0,0,0,0,0,0,0,0,0,0,87,0.945652,0.365289,0.0564763,0.222711,0.484448,5,0.0543478,0.538224,0.017957,0.502539,0.549874,0,0,0,0,0,0,0,0,0,0,0,0,0,0,0,0,0,0,0,0,0,0,0,0,87,0.945652,53033.7,1836.56,48704,57132,5,0.0543478,51852.6,746.534,50377,52438,0,0,0,0,0,0,0,0,0,0,0,0,0,0,0,0,0,0,0,0,0,0,0,0
9,7,95,-75,88,88,0,0,0,0,0,0,0,0,0,0,0,0,0,0,0,0,0,0,0,0,0,0,0,0,0,0,0,0,0,0,0,0,0,0,0,0,0,0,0,0,0,0.88,88,0,0,0,0,0,0,0,0,0,0,0,0,0,0,0,0,0,0,0,0,0,0,0,0,0,0,0,0,0,0,0,0,0,0,0,0,0,0,0,0,0,0,0,0,0,0,0,0,0,0,0,0,0,88,1,0.305796,0.0582566,0.178287,0.429076,0,0,0,0,0,0,0,0,0,0,0,0,0,0,0,0,0,0,0,0,0,0,0,0,0,0,0,0,0,0,88,1,52888.6,2038.29,49092,58475,0,0,0,0,0,0,0,0,0,0,0,0,0,0,0,0,0,0,0,0,0,0,0,0,0,0,0,0,0,0
10,7,105,-75,90,90,0,0,0,0,0,0,0,0,0,0,0,0,0,0,0,0,0,0,0,0,0,0,0,0,0,0,0,0,0,0,0,0,0,0,0,0,0,0,0,0,0,0.9,90,0,0,0,0,0,0,0,0,0,0,0,0,0,0,0,0,0,0,0,0,0,0,0,0,0,0,0,0,0,0,0,0,0,0,0,0,0,0,0,0,0,0,0,0,0,0,0,0,0,0,0,0,0,90,1,0.311932,0.0692079,0.154863,0.466253,0,0,0,0,0,0,0,0,0,0,0,0,0,0,0,0,0,0,0,0,0,0,0,0,0,0,0,0,0,0,90,1,51626.5,1704.92,48136,55004,0,0,0,0,0,0,0,0,0,0,0,0,0,0,0,0,0,0,0,0,0,0,0,0,0,0,0,0,0,0
11,7,115,-75,101,101,0,0,0,0,0,0,0,0,0,0,0,0,0,0,0,0,0,0,0,0,0,0,0,0,0,0,0,0,0,0,0,0,0,0,0,0,0,0,0,0,0,1.01,101,0,0,0,0,0,0,0,0,0,0,0,0,0,0,0,0,0,0,0,0,0,0,0,0,0,0,0,0,0,0,0,0,0,0,0,0,0,0,0,0,0,0,0,0,0,0,0,0,0,0,0,0,0,101,1,0.304733,0.0697284,0.121206,0.478288,0,0,0,0,0,0,0,0,0,0,0,0,0,0,0,0,0,0,0,0,0,0,0,0,0,0,0,0,0,0,101,1,51754.6,1436.23,48316,54847,0,0,0,0,0,0,0,0,0,0,0,0,0,0,0,0,0,0,0,0,0,0,0,0,0,0,0,0,0,0
12,7,125,-75,99,99,0,0,0,0,0,0,0,0,0,0,0,0,0,0,0,0,0,0,0,0,0,0,0,0,0,0,0,0,0,0,0,0,0,0,0,0,0,0,0,0,0,0.99,99,0,0,0,0,0,0,0,0,0,0,0,0,0,0,0,0,0,0,0,0,0,0,0,0,0,0,0,0,0,0,0,0,0,0,0,0,0,0,0,0,0,0,0,0,0,0,0,0,0,0,0,0,0,92,0.929293,0.328294,0.0760414,0.164681,0.498203,7,0.0707071,0.597266,0.0485237,0.502532,0.652371,0,0,0,0,0,0,0,0,0,0,0,0,0,0,0,0,0,0,0,0,0,0,0,0,92,0.929293,51899.4,1622.96,46672,55532,7,0.0707071,50076.4,1290.73,47778,51901,0,0,0,0,0,0,0,0,0,0,0,0,0,0,0,0,0,0,0,0,0,0,0,0
13,7,135,-75,96,96,0,0,0,0,0,0,0,0,0,0,0,0,0,0,0,0,0,0,0,0,0,0,0,0,0,0,0,0,0,0,0,0,0,0,0,0,0,0,0,0,0,0.96,96,0,0,0,0,0,0,0,0,0,0,0,0,0,0,0,0,0,0,0,0,0,0,0,0,0,0,0,0,0,0,0,0,0,0,0,0,0,0,0,0,0,0,0,0,0,0,0,0,0,0,0,0,0,95,0.989583,0.275845,0.0822681,0.0818269,0.478652,1,0.0104167,0.52619,0,0.52619,0.52619,0,0,0,0,0,0,0,0,0,0,0,0,0,0,0,0,0,0,0,0,0,0,0,0,95,0.989583,51796.2,1475.68,48250,55379,1,0.0104167,48823,0,48823,48823,0,0,0,0,0,0,0,0,0,0,0,0,0,0,0,0,0,0,0,0,0,0,0,0
14,7,145,-75,90,90,0,0,0,0,0,0,0,0,0,0,0,0,0,0,0,0,0,0,0,0,0,0,0,0,0,0,0,0,0,0,0,0,0,0,0,0,0,0,0,0,0,0.9,90,0,0,0,0,0,0,0,0,0,0,0,0,0,0,0,0,0,0,0,0,0,0,0,0,0,0,0,0,0,0,0,0,0,0,0,0,0,0,0,0,0,0,0,0,0,0,0,0,0,0,0,0,0,90,1,0.26593,0.0582917,0.107937,0.378791,0,0,0,0,0,0,0,0,0,0,0,0,0,0,0,0,0,0,0,0,0,0,0,0,0,0,0,0,0,0,90,1,51778.5,1673.29,48106,56411,0,0,0,0,0,0,0,0,0,0,0,0,0,0,0,0,0,0,0,0,0,0,0,0,0,0,0,0,0,0
15,7,155,-75,92,92,0,0,0,0,0,0,0,0,0,0,0,0,0,0,0,0,0,0,0,0,0,0,0,0,0,0,0,0,0,0,0,0,0,0,0,0,0,0,0,0,0,0.92,92,0,0,0,0,0,0,0,0,0,0,0,0,0,0,0,0,0,0,0,0,0,0,0,0,0,0,0,0,0,0,0,0,0,0,0,0,0,0,0,0,0,0,0,0,0,0,0,0,0,0,0,0,0,90,0.978261,0.329165,0.0615266,0.185547,0.47759,2,0.0217391,0.52023,0.00397417,0.516256,0.524204,0,0,0,0,0,0,0,0,0,0,0,0,0,0,0,0,0,0,0,0,0,0,0,0,90,0.978261,51202.1,1534.45,46816,55181,2,0.0217391,49420.5,1912.5,47508,51333,0,0,0,0,0,0,0,0,0,0,0,0,0,0,0,0,0,0,0,0,0,0,0,0
16,7,165,-75,97,97,0,0,0,0,0,0,0,0,0,0,0,0,0,0,0,0,0,0,0,0,0,0,0,0,0,0,0,0,0,0,0,0,0,0,0,0,0,0,0,0,0,0.97,97,0,0,0,0,0,0,0,0,0,0,0,0,0,0,0,0,0,0,0,0,0,0,0,0,0,0,0,0,0,0,0,0,0,0,0,0,0,0,0,0,0,0,0,0,0,0,0,0,0,0,0,0,0,92,0.948454,0.355491,0.0535275,0.226982,0.497367,5,0.0515464,0.561444,0.0271867,0.510315,0.58323,0,0,0,0,0,0,0,0,0,0,0,0,0,0,0,0,0,0,0,0,0,0,0,0,92,0.948454,51340.7,1792.41,46607,56189,5,0.0515464,50230.8,1639.19,47593,52120,0,0,0,0,0,0,0,0,0,0,0,0,0,0,0,0,0,0,0,0,0,0,0,0
17,7,175,-75,98,98,0,0,0,0,0,0,0,0,0,0,0,0,0,0,0,0,0,0,0,0,0,0,0,0,0,0,0,0,0,0,0,0,0,0,0,0,0,0,0,0,0,0.98,98,0,0,0,0,0,0,0,0,0,0,0,0,0,0,0,0,0,0,0,0,0,0,0,0,0,0,0,0,0,0,0,0,0,0,0,0,0,0,0,0,0,0,0,0,0,0,0,0,0,0,0,0,0,62,0.632653,0.377029,0.0702292,0.213948,0.490263,36,0.367347,0.586332,0.0468894,0.51011,0.684611,0,0,0,0,0,0,0,0,0,0,0,0,0,0,0,0,0,0,0,0,0,0,0,0,62,0.632653,52076.9,1464.4,49206,55755,36,0.367347,50702.8,1745.21,47294,54937,0,0,0,0,0,0,0,0,0,0,0,0,0,0,0,0,0,0,0,0,0,0,0,0
18,7,185,-75,97,97,0,0,0,0,0,0,0,0,0,0,0,0,0,0,0,0,0,0,0,0,0,0,0,0,0,0,0,0,0,0,0,0,0,0,0,0,0,0,0,0,0,0.97,97,0,0,0,0,0,0,0,0,0,0,0,0,0,0,0,0,0,0,0,0,0,0,0,0,0,0,0,0,0,0,0,0,0,0,0,0,0,0,0,0,0,0,0,0,0,0,0,0,0,0,0,0,0,0,0,0,0,0,0,97,1,0.746019,0.10952,0.548411,0.985896,0,0,0,0,0,0,0,0,0,0,0,0,0,0,0,0,0,0,0,0,0,0,0,0,0,0,0,0,0,0,97,1,49992.9,1502.92,44554,53153,0,0,0,0,0,0,0,0,0,0,0,0,0,0,0,0,0,0,0,0,0,0,0,0
19,7,195,-75,80,80,799.64,801.9,800.84,0.614934,0.395332,0.000767861,-0.343542,2.09835,0.531157,800.75,800.88,0.97998,799.682,799.84,799.938,800.252,800.395,800.598,800.776,800.88,801.1,801.286,801.375,801.41,801.51,801.564,801.827,0.508205,0.505655,0.523477,800.84,0.365139,-0.0389242,0.0187525,0.000455945,-0.106601,0.0513572,800.841,800.841,1.18481,28.75,0.8,80,0,0,0,0,0,0,0,0,28.75,28.75,16.25,17.5,16.25,17.5,46397,53658,49890.1,1686.2,2.97252e+06,0.0337984,0.0283181,2.61841,0.481081,50192.2,50192,2282.5,46627.1,47505.7,48071.2,48257.8,48520.5,48677.6,49708.6,50192,50614.6,50785.4,50803,51070.8,51956.2,52130,53322.7,1387.17,1374.04,1374.08,49890.1,992.02,-12.5517,112.124,0.0198841,-0.0126526,0.113026,49918.6,49947.1,0,0,0,0,0,0,57,0.7125,0.944136,0.132246,0.645383,1.21435,0,0,0,0,0,0,0,0,0,0,0,0,0,0,0,0,0,0,23,0.2875,800.84,0.614934,799.64,801.9,0,0,0,0,0,0,57,0.7125,50008,1468.2,46906,54096,0,0,0,0,0,0,0,0,0,0,0,0,0,0,0,0,0,0,23,0.2875,49890.1,1686.2,46397,53658
0,8,5,-85,99,94,2.05997,5.70997,3.41402,1.47897,2.5519,0.433204,0.672052,1.74408,0.37097,2.25,2.94013,2.34407,2.05997,2.05997,2.05997,2.08597,2.12497,2.16397,2.49004,2.94013,3.19692,3.80848,4.46904,5.1296,5.62597,5.66797,5.70157,1.27198,1.19116,1.28975,3.41402,0.911816,0.29757,-0.148305,0.26708,0.326349,-0.162648,3.7206,4.00767,1.24217,7.07071,0.99,94,5,0,0,0,0,0,0,0,7.07071,7.44681,2.0202,4.0404,2.12766,4.25532,28784,50967,39832,9121.48,9.70684e+07,0.228999,0.103169,1.20801,0.498039,28784.2,37733,18166,28928.6,29507,30230,31217.2,31252,31286.8,33879.2,37733,44333.6,49007.6,49418,49828.4,50448,50707.5,50915.1,8659.14,8359.29,11047.8,39832,5799.48,219.743,-2021.29,0.145598,0.0378901,-0.348529,40863.1,41834.9,18,0.181818,0.428667,0.0395738,0.373722,0.4956,74,0.747475,0.80922,0.347785,0.500155,1.86997,5,0.0505051,2.52363,0.534398,2.05997,3.36811,2,0.020202,5.63997,0.0700002,5.56997,5.70997,0,0,0,0,0,0,0,0,0,0,0,0,18,0.181818,49979.6,3032.34,40017,53340,74,0.747475,50142.5,1800.88,42454,54065,5,0.0505051,43746,7888.35,31194,50967,2,0.020202,30047,1263,28784,31310,0,0,0,0,0,0,0,0,0,0,0,0
1,8,15,-85,93,93,0,0,0,0,0,0,0,0,0,0,0,0,0,0,0,0,0,0,0,0,0,0,0,0,0,0,0,0,0,0,0,0,0,0,0,0,0,0,0,0,0,0.93,93,0,0,0,0,0,0,0,0,0,0,0,0,0,0,0,0,0,0,0,0,0,0,0,0,0,0,0,0,0,0,0,0,0,0,0,0,0,0,0,0,0,0,0,0,0,0,0,0,0,0,0,0,0,25,0.268817,0.457716,0.0254626,0.418361,0.497474,68,0.731183,0.637419,0.103732,0.509852,0.998741,0,0,0,0,0,0,0,0,0,0,0,0,0,0,0,0,0,0,0,0,0,0,0,0,25,0.268817,51676,1357.11,47115,54351,68,0.731183,51624.6,1753.29,47862,55285,0,0,0,0,0,0,0,0,0,0,0,0,0,0,0,0,0,0,0,0,0,0,0,0
2,8,25,-85,92,92,0,0,0,0,0,0,0,0,0,0,0,0,0,0,0,0,0,0,0,0,0,0,0,0,0,0,0,0,0,0,0,0,0,0,0,0,0,0,0,0,0,0.92,92,0,0,0,0,0,0,0,0,0,0,0,0,0,0,0,0,0,0,0,0,0,0,0,0,0,0,0,0,0,0,0,0,0,0,0,0,0,0,0,0,0,0,0,0,0,0,0,0,0,0,0,0,0,5,0.0543478,0.434826,0.0236144,0.410294,0.475803,87,0.945652,0.658851,0.0667845,0.505412,0.829089,0,0,0,0,0,0,0,0,0,0,0,0,0,0,0,0,0,0,0,0,0,0,0,0,5,0.0543478,52852.6,1573.72,50288,54784,87,0.945652,51239.2,1395.98,48130,54628,0,0,0,0,0,0,0,0,0,0,0,0,0,0,0,0,0,0,0,0,0,0,0,0
3,8,35,-85,98,98,0,0,0,0,0,0,0,0,0,0,0,0,0,0,0,0,0,0,0,0,0,0,0,0,0,0,0,0,0,0,0,0,0,0,0,0,0,0,0,0,0,0.98,98,0,0,0,0,0,0,0,0,0,0,0,0,0,0,0,0,0,0,0,0,0,0,0,0,0,0,0,0,0,0,0,0,0,0,0,0,0,0,0,0,0,0,0,0,0,0,0,0,0,0,0,0,0,1,0.0102041,0.49559,0,0.49559,0.49559,97,0.989796,0.750233,0.105807,0.550551,1.00687,0,0,0,0,0,0,0,0,0,0,0,0,0,0,0,0,0,0,0,0,0,0,0,0,1,0.0102041,53940,0,53940,53940,97,0.989796,51661.1,1805.91,47084,56662,0,0,0,0,0,0,0,0,0,0,0,0,0,0,0,0,0,0,0,0,0,0,0,0
4,8,45,-85,98,98,0,0,0,0,0,0,0,0,0,0,0,0,0,0,0,0,0,0,0,0,0,0,0,0,0,0,0,0,0,0,0,0,0,0,0,0,0,0,0,0,0,0.98,98,0,0,0,0,0,0,0,0,0,0,0,0,0,0,0,0,0,0,0,0,0,0,0,0,0,0,0,0,0,0,0,0,0,0,0,0,0,0,0,0,0,0,0,0,0,0,0,0,0,0,0,0,0,0,0,0,0,0,0,98,1,0.666175,0.0534604,0.542973,0.815403,0,0,0,0,0,0,0,0,0,0,0,0,0,0,0,0,0,0,0,0,0,0,0,0,0,0,0,0,0,0,98,1,50809.5,1427.1,48011,54534,0,0,0,0,0,0,0,0,0,0,0,0,0,0,0,0,0,0,0,0,0,0,0,0
5,8,55,-85,90,90,0,0,0,0,0,0,0,0,0,0,0,0,0,0,0,0,0,0,0,0,0,0,0,0,0,0,0,0,0,0,0,0,0,0,0,0,0,0,0,0,0,0.9,90,0,0,0,0,0,0,0,0,0,0,0,0,0,0,0,0,0,0,0,0,0,0,0,0,0,0,0,0,0,0,0,0,0,0,0,0,0,0,0,0,0,0,0,0,0,0,0,0,0,0,0,0,0,3,0.0333333,0.464861,0.0162666,0.450797,0.487659,87,0.966667,0.676216,0.0805264,0.501484,0.838436,0,0,0,0,0,0,0,0,0,0,0,0,0,0,0,0,0,0,0,0,0,0,0,0,3,0.0333333,49926,479.817,49355,50529,87,0.966667,50364.3,1473.75,47748,54033,0,0,0,0,0,0,0,0,0,0,0,0,0,0,0,0,0,0,0,0,0,0,0,0
6,8,65,-85,93,93,0,0,0,0,0,0,0,0,0,0,0,0,0,0,0,0,0,0,0,0,0,0,0,0,0,0,0,0,0,0,0,0,0,0,0,0,0,0,0,0,0,0.93,93,0,0,0,0,0,0,0,0,0,0,0,0,0,0,0,0,0,0,0,0,0,0,0,0,0,0,0,0,0,0,0,0,0,0,0,0,0,0,0,0,0,0,0,0,0,0,0,0,0,0,0,0,0,14,0.150538,0.463159,0.0344151,0.392736,0.499298,79,0.849462,0.604669,0.0623019,0.50272,0.763828,0,0,0,0,0,0,0,0,0,0,0,0,0,0,0,0,0,0,0,0,0,0,0,0,14,0.150538,49917.7,1186.52,48041,52290,79,0.849462,50521.8,1541.31,47175,54405,0,0,0,0,0,0,0,0,0,0,0,0,0,0,0,0,0,0,0,0,0,0,0,0
7,8,75,-85,96,96,0,0,0,0,0,0,0,0,0,0,0,0,0,0,0,0,0,0,0,0,0,0,0,0,0,0,0,0,0,0,0,0,0,0,0,0,0,0,0,0,0,0.96,96,0,0,0,0,0,0,0,0,0,0,0,0,0,0,0,0,0,0,0,0,0,0,0,0,0,0,0,0,0,0,0,0,0,0,0,0,0,0,0,0,0,0,0,0,0,0,0,0,0,0,0,0,0,79,0.822917,0.401342,0.0496189,0.269733,0.494887,17,0.177083,0.570447,0.056123,0.508365,0.725514,0,0,0,0,0,0,0,0,0,0,0,0,0,0,0,0,0,0,0,0,0,0,0,0,79,0.822917,51460.5,1526.21,47623,54468,17,0.177083,51586.6,1458.39,48220,53841,0,0,0,0,0,0,0,0,0,0,0,0,0,0,0,0,0,0,0,0,0,0,0,0
8,8,85,-85,88,88,0,0,0,0,0,0,0,0,0,0,0,0,0,0,0,0,0,0,0,0,0,0,0,0,0,0,0,0,0,0,0,0,0,0,0,0,0,0,0,0,0,0.88,88,0,0,0,0,0,0,0,0,0,0,0,0,0,0,0,0,0,0,0,0,0,0,0,0,0,0,0,0,0,0,0,0,0,0,0,0,0,0,0,0,0,0,0,0,0,0,0,0,0,0,0,0,0,88,1,0.360042,0.0541376,0.2584,0.479018,0,0,0,0,0,0,0,0,0,0,0,0,0,0,0,0,0,0,0,0,0,0,0,0,0,0,0,0,0,0,88,1,52146.7,1962.49,46129,57034,0,0,0,0,0,0,0,0,0,0,0,0,0,0,0,0,0,0,0,0,0,0,0,0,0,0,0,0,0,0
9,8,95,-85,92,92,0,0,0,0,0,0,0,0,0,0,0,0,0,0,0,0,0,0,0,0,0,0,0,0,0,0,0,0,0,0,0,0,0,0,0,0,0,0,0,0,0,0.92,92,0,0,0,0,0,0,0,0,0,0,0,0,0,0,0,0,0,0,0,0,0,0,0,0,0,0,0,0,0,0,0,0,0,0,0,0,0,0,0,0,0,0,0,0,0,0,0,0,0,0,0,0,0,92,1,0.269642,0.0825999,-0.00635384,0.426435,0,0,0,0,0,0,0,0,0,0,0,0,0,0,0,0,0,0,0,0,0,0,0,0,0,0,0,0,0,0,92,1,52907.6,1935.45,49146,57507,0,0,0,0,0,0,0,0,0,0,0,0,0,0,0,0,0,0,0,0,0,0,0,0,0,0,0,0,0,0
10,8,105,-85,96,96,0,0,0,0,0,0,0,0,0,0,0,0,0,0,0,0,0,0,0,0,0,0,0,0,0,0,0,0,0,0,0,0,0,0,0,0,0,0,0,0,0,0.96,96,0,0,0,0,0,0,0,0,0,0,0,0,0,0,0,0,0,0,0,0,0,0,0,0,0,0,0,0,0,0,0,0,0,0,0,0,0,0,0,0,0,0,0,0,0,0,0,0,0,0,0,0,0,92,0.958333,0.295507,0.0679438,0.170315,0.459642,4,0.0416667,0.528588,0.0159909,0.512729,0.549092,0,0,0,0,0,0,0,0,0,0,0,0,0,0,0,0,0,0,0,0,0,0,0,0,92,0.958333,52139.8,1448.98,49296,55281,4,0.0416667,49250.5,1048.94,48489,51058,0,0,0,0,0,0,0,0,0,0,0,0,0,0,0,0,0,0,0,0,0,0,0,0
11,8,115,-85,101,101,0,0,0,0,0,0,0,0,0,0,0,0,0,0,0,0,0,0,0,0,0,0,0,0,0,0,0,0,0,0,0,0,0,0,0,0,0,0,0,0,0,1.01,101,0,0,0,0,0,0,0,0,0,0,0,0,0,0,0,0,0,0,0,0,0,0,0,0,0,0,0,0,0,0,0,0,0,0,0,0,0,0,0,0,0,0,0,0,0,0,0,0,0,0,0,0,0,92,0.910891,0.32516,0.082574,0.142353,0.499518,9,0.0891089,0.563287,0.0399661,0.509579,0.632198,0,0,0,0,0,0,0,0,0,0,0,0,0,0,0,0,0,0,0,0,0,0,0,0,92,0.910891,51817.4,1781.85,47682,56659,9,0.0891089,50207.6,1438.64,47951,52642,0,0,0,0,0,0,0,0,0,0,0,0,0,0,0,0,0,0,0,0,0,0,0,0
12,8,125,-85,97,97,0,0,0,0,0,0,0,0,0,0,0,0,0,0,0,0,0,0,0,0,0,0,0,0,0,0,0,0,0,0,0,0,0,0,0,0,0,0,0,0,0,0.97,97,0,0,0,0,0,0,0,0,0,0,0,0,0,0,0,0,0,0,0,0,0,0,0,0,0,0,0,0,0,0,0,0,0,0,0,0,0,0,0,0,0,0,0,0,0,0,0,0,0,0,0,0,0,97,1,0.332132,0.0680899,0.187912,0.478067,0,0,0,0,0,0,0,0,0,0,0,0,0,0,0,0,0,0,0,0,0,0,0,0,0,0,0,0,0,0,97,1,50807.9,1605.75,46666,54405,0,0,0,0,0,0,0,0,0,0,0,0,0,0,0,0,0,0,0,0,0,0,0,0,0,0,0,0,0,0
13,8,135,-85,91,91,0,0,0,0,0,0,0,0,0,0,0,0,0,0,0,0,0,0,0,0,0,0,0,0,0,0,0,0,0,0,0,0,0,0,0,0,0,0,0,0,0,0.91,91,0,0,0,0,0,0,0,0,0,0,0,0,0,0,0,0,0,0,0,0,0,0,0,0,0,0,0,0,0,0,0,0,0,0,0,0,0,0,0,0,0,0,0,0,0,0,0,0,0,0,0,0,0,87,0.956044,0.32434,0.0915678,0.1157,0.497299,4,0.043956,0.595743,0.0588685,0.51303,0.657752,0,0,0,0,0,0,0,0,0,0,0,0,0,0,0,0,0,0,0,0,0,0,0,0,87,0.956044,50666.4,1593.12,47563,54029,4,0.043956,50725,858.433,49714,51682,0,0,0,0,0,0,0,0,0,0,0,0,0,0,0,0,0,0,0,0,0,0,0,0
14,8,145,-85,95,95,0,0,0,0,0,0,0,0,0,0,0,0,0,0,0,0,0,0,0,0,0,0,0,0,0,0,0,0,0,0,0,0,0,0,0,0,0,0,0,0,0,0.95,95,0,0,0,0,0,0,0,0,0,0,0,0,0,0,0,0,0,0,0,0,0,0,0,0,0,0,0,0,0,0,0,0,0,0,0,0,0,0,0,0,0,0,0,0,0,0,0,0,0,0,0,0,0,95,1,0.309284,0.0605844,0.1838,0.447879,0,0,0,0,0,0,0,0,0,0,0,0,0,0,0,0,0,0,0,0,0,0,0,0,0,0,0,0,0,0,95,1,51223.5,1622.15,47503,54248,0,0,0,0,0,0,0,0,0,0,0,0,0,0,0,0,0,0,0,0,0,0,0,0,0,0,0,0,0,0
15,8,155,-85,83,83,0,0,0,0,0,0,0,0,0,0,0,0,0,0,0,0,0,0,0,0,0,0,0,0,0,0,0,0,0,0,0,0,0,0,0,0,0,0,0,0,0,0.83,83,0,0,0,0,0,0,0,0,0,0,0,0,0,0,0,0,0,0,0,0,0,0,0,0,0,0,0,0,0,0,0,0,0,0,0,0,0,0,0,0,0,0,0,0,0,0,0,0,0,0,0,0,0,83,1,0.298919,0.0480233,0.200473,0.445531,0,0,0,0,0,0,0,0,0,0,0,0,0,0,0,0,0,0,0,0,0,0,0,0,0,0,0,0,0,0,83,1,51535.8,1483.88,48369,55250,0,0,0,0,0,0,0,0,0,0,0,0,0,0,0,0,0,0,0,0,0,0,0,0,0,0,0,0,0,0
16,8,165,-85,96,96,0,0,0,0,0,0,0,0,0,0,0,0,0,0,0,0,0,0,0,0,0,0,0,0,0,0,0,0,0,0,0,0,0,0,0,0,0,0,0,0,0,0.96,96,0,0,0,0,0,0,0,0,0,0,0,0,0,0,0,0,0,0,0,0,0,0,0,0,0,0,0,0,0,0,0,0,0,0,0,0,0,0,0,0,0,0,0,0,0,0,0,0,0,0,0,0,0,73,0.760417,0.371703,0.0775211,0.213959,0.498214,23,0.239583,0.567864,0.0477661,0.503043,0.645327,0,0,0,0,0,0,0,0,0,0,0,0,0,0,0,0,0,0,0,0,0,0,0,0,73,0.760417,51580.5,1618.22,48161,55563,23,0.239583,50720,1359.25,47862,53027,0,0,0,0,0,0,0,0,0,0,0,0,0,0,0,0,0,0,0,0,0,0,0,0
17,8,175,-85,101,101,0,0,0,0,0,0,0,0,0,0,0,0,0,0,0,0,0,0,0,0,0,0,0,0,0,0,0,0,0,0,0,0,0,0,0,0,0,0,0,0,0,1.01,101,0,0,0,0,0,0,0,0,0,0,0,0,0,0,0,0,0,0,0,0,0,0,0,0,0,0,0,0,0,0,0,0,0,0,0,0,0,0,0,0,0,0,0,0,0,0,0,0,0,0,0,0,0,54,0.534653,0.41625,0.056968,0.238018,0.494146,47,0.465347,0.584761,0.0596572,0.500273,0.767079,0,0,0,0,0,0,0,0,0,0,0,0,0,0,0,0,0,0,0,0,0,0,0,0,54,0.534653,52241,1882.86,46930,56095,47,0.465347,51452.4,1589.82,48041,55313,0,0,0,0,0,0,0,0,0,0,0,0,0,0,0,0,0,0,0,0,0,0,0,0
18,8,185,-85,97,97,0,0,0,0,0,0,0,0,0,0,0,0,0,0,0,0,0,0,0,0,0,0,0,0,0,0,0,0,0,0,0,0,0,0,0,0,0,0,0,0,0,0.97,97,0,0,0,0,0,0,0,0,0,0,0,0,0,0,0,0,0,0,0,0,0,0,0,0,0,0,0,0,0,0,0,0,0,0,0,0,0,0,0,0,0,0,0,0,0,0,0,0,0,0,0,0,0,10,0.103093,0.45175,0.0312778,0.383838,0.483766,87,0.896907,0.754128,0.169343,0.509934,1.1046,0,0,0,0,0,0,0,0,0,0,0,0,0,0,0,0,0,0,0,0,0,0,0,0,10,0.103093,50197.6,813.868,49141,51775,87,0.896907,50401.2,1714.19,45860,54937,0,0,0,0,0,0,0,0,0,0,0,0,0,0,0,0,0,0,0,0,0,0,0,0
19,8,195,-85,88,88,797.54,800.16,798.862,0.577231,0.349062,0.000722566,-0.101005,3.01408,0.504691,799.25,798.965,0.719971,797.658,798.103,798.167,798.372,798.453,798.571,798.766,798.965,799.034,799.129,799.172,799.34,799.44,799.592,800.042,0.462776,0.453186,0.548639,798.862,0.337427,-0.0132384,0.0536648,0.000422385,-0.0392335,0.159041,798.862,798.863,1.29527,25,0.88,88,0,0,0,0,0,0,0,0,25,25,14.7727,5.68182,14.7727,5.68182,46696,51494,49146.3,1315.23,1.81219e+06,0.0267615,-0.19412,2.0877,0.510686,46696.2,49251.5,2088,46713.9,46818.6,47553.9,47982.2,48036.5,48274.4,48882.8,49251.5,49737.8,50044.7,50124.5,50172.8,50807.8,50848.4,51358.6,1113.88,1111.09,2450.05,49146.3,786.753,-46.1571,39.3448,0.0160084,-0.0586679,0.0500091,49163.9,49181.4,0,0,0,0,0,0,66,0.75,0.999692,0.102891,0.64339,1.14781,0,0,0,0,0,0,0,0,0,0,0,0,0,0,0,0,0,0,22,0.25,798.862,0.577231,797.54,800.16,0,0,0,0,0,0,66,0.75,49863.1,1619.05,46458,53778,0,0,0,0,0,0,0,0,0,0,0,0,0,0,0,0,0,0,22,0.25,49146.3,1315.23,46696,51494
0,9,5,-95,94,94,0,0,0,0,0,0,0,0,0,0,0,0,0,0,0,0,0,0,0,0,0,0,0,0,0,0,0,0,0,0,0,0,0,0,0,0,0,0,0,0,0,0.94,94,0,0,0,0,0,0,0,0,0,0,0,0,0,0,0,0,0,0,0,0,0,0,0,0,0,0,0,0,0,0,0,0,0,0,0,0,0,0,0,0,0,0,0,0,0,0,0,0,0,0,0,0,0,26,0.276596,0.42536,0.0975005,0.0599829,0.499633,68,0.723404,0.595158,0.0961993,0.500321,1.01002,0,0,0,0,0,0,0,0,0,0,0,0,0,0,0,0,0,0,0,0,0,0,0,0,26,0.276596,51799,1741.9,48006,54937,68,0.723404,51430.4,1235.84,49230,54722,0,0,0,0,0,0,0,0,0,0,0,0,0,0,0,0,0,0,0,0,0,0,0,0
1,9,15,-95,96,96,0,0,0,0,0,0,0,0,0,0,0,0,0,0,0,0,0,0,0,0,0,0,0,0,0,0,0,0,0,0,0,0,0,0,0,0,0,0,0,0,0,0.96,96,0,0,0,0,0,0,0,0,0,0,0,0,0,0,0,0,0,0,0,0,0,0,0,0,0,0,0,0,0,0,0,0,0,0,0,0,0,0,0,0,0,0,0,0,0,0,0,0,0,0,0,0,0,7,0.0729167,0.459194,0.0245398,0.420531,0.497456,89,0.927083,0.66509,0.112636,0.503065,0.976491,0,0,0,0,0,0,0,0,0,0,0,0,0,0,0,0,0,0,0,0,0,0,0,0,7,0.0729167,51071.4,2211.42,48305,54593,89,0.927083,51498.5,1527.33,46990,55688,0,0,0,0,0,0,0,0,0,0,0,0,0,0,0,0,0,0,0,0,0,0,0,0
2,9,25,-95,89,89,0,0,0,0,0,0,0,0,0,0,0,0,0,0,0,0,0,0,0,0,0,0,0,0,0,0,0,0,0,0,0,0,0,0,0,0,0,0,0,0,0,0.89,89,0,0,0,0,0,0,0,0,0,0,0,0,0,0,0,0,0,0,0,0,0,0,0,0,0,0,0,0,0,0,0,0,0,0,0,0,0,0,0,0,0,0,0,0,0,0,0,0,0,0,0,0,0,0,0,0,0,0,0,89,1,0.763439,0.0677598,0.631096,0.916004,0,0,0,0,0,0,0,0,0,0,0,0,0,0,0,0,0,0,0,0,0,0,0,0,0,0,0,0,0,0,89,1,51540.4,1643.1,47981,55970,0,0,0,0,0,0,0,0,0,0,0,0,0,0,0,0,0,0,0,0,0,0,0,0
3,9,35,-95,94,93,3.83294,3.83294,3.83294,0,0,0,0,0,0,3.75,3.83294,0,3.83294,3.83294,3.83294,3.83294,3.83294,3.83294,3.83294,3.83294,3.83294,3.83294,3.83294,3.83294,3.83294,3.83294,3.83294,0,0,0.0829437,3.83294,0,0,0,0,0,0,3.83294,3.83294,0,1.06383,0.94,93,1,0,0,0,0,0,0,0,1.06383,1.07527,0,1.06383,0,1.07527,35220,35220,35220,0,0,0,0,0,0,35220.2,35220,0,35220,35220,35220,35220,35220,35220,35220,35220,35220,35220,35220,35220,35220,35220,35220,0,0,0.25,35220,0,0,0,0,0,0,35220,35220,1,0.0106383,0.49581,0,0.49581,0.49581,92,0.978723,0.707858,0.0820387,0.536016,0.924117,1,0.0106383,3.83294,0,3.83294,3.83294,0,0,0,0,0,0,0,0,0,0,0,0,0,0,0,0,0,0,1,0.0106383,50067,0,50067,50067,92,0.978723,51329.2,1782.46,42300,54503,1,0.0106383,35220,0,35220,35220,0,0,0,0,0,0,0,0,0,0,0,0,0,0,0,0,0,0
4,9,45,-95,94,94,0,0,0,0,0,0,0,0,0,0,0,0,0,0,0,0,0,0,0,0,0,0,0,0,0,0,0,0,0,0,0,0,0,0,0,0,0,0,0,0,0,0.94,94,0,0,0,0,0,0,0,0,0,0,0,0,0,0,0,0,0,0,0,0,0,0,0,0,0,0,0,0,0,0,0,0,0,0,0,0,0,0,0,0,0,0,0,0,0,0,0,0,0,0,0,0,0,1,0.0106383,0.497812,0,0.497812,0.497812,93,0.989362,0.639138,0.0613268,0.500765,0.790827,0,0,0,0,0,0,0,0,0,0,0,0,0,0,0,0,0,0,0,0,0,0,0,0,1,0.0106383,53403,0,53403,53403,93,0.989362,51371.4,1423.73,48070,54155,0,0,0,0,0,0,0,0,0,0,0,0,0,0,0,0,0,0,0,0,0,0,0,0
5,9,55,-95,92,92,0,0,0,0,0,0,0,0,0,0,0,0,0,0,0,0,0,0,0,0,0,0,0,0,0,0,0,0,0,0,0,0,0,0,0,0,0,0,0,0,0,0.92,92,0,0,0,0,0,0,0,0,0,0,0,0,0,0,0,0,0,0,0,0,0,0,0,0,0,0,0,0,0,0,0,0,0,0,0,0,0,0,0,0,0,0,0,0,0,0,0,0,0,0,0,0,0,15,0.163043,0.444701,0.0301362,0.388816,0.493051,77,0.836957,0.605163,0.080741,0.50246,0.827549,0,0,0,0,0,0,0,0,0,0,0,0,0,0,0,0,0,0,0,0,0,0,0,0,15,0.163043,50577.2,1368.55,48335,52958,77,0.836957,50521.4,1339.87,46632,54155,0,0,0,0,0,0,0,0,0,0,0,0,0,0,0,0,0,0,0,0,0,0,0,0
6,9,65,-95,93,93,0,0,0,0,0,0,0,0,0,0,0,0,0,0,0,0,0,0,0,0,0,0,0,0,0,0,0,0,0,0,0,0,0,0,0,0,0,0,0,0,0,0.93,93,0,0,0,0,0,0,0,0,0,0,0,0,0,0,0,0,0,0,0,0,0,0,0,0,0,0,0,0,0,0,0,0,0,0,0,0,0,0,0,0,0,0,0,0,0,0,0,0,0,0,0,0,0,21,0.225806,0.436406,0.0393223,0.352478,0.498368,72,0.774194,0.56796,0.0390131,0.504747,0.675775,0,0,0,0,0,0,0,0,0,0,0,0,0,0,0,0,0,0,0,0,0,0,0,0,21,0.225806,50890.5,1505.41,48513,53560,72,0.774194,51855.7,1753.41,47319,56998,0,0,0,0,0,0,0,0,0,0,0,0,0,0,0,0,0,0,0,0,0,0,0,0
7,9,75,-95,96,96,0,0,0,0,0,0,0,0,0,0,0,0,0,0,0,0,0,0,0,0,0,0,0,0,0,0,0,0,0,0,0,0,0,0,0,0,0,0,0,0,0,0.96,96,0,0,0,0,0,0,0,0,0,0,0,0,0,0,0,0,0,0,0,0,0,0,0,0,0,0,0,0,0,0,0,0,0,0,0,0,0,0,0,0,0,0,0,0,0,0,0,0,0,0,0,0,0,54,0.5625,0.409875,0.0514588,0.288982,0.493979,42,0.4375,0.577376,0.0577889,0.500541,0.722562,0,0,0,0,0,0,0,0,0,0,0,0,0,0,0,0,0,0,0,0,0,0,0,0,54,0.5625,51649.5,1419.08,49505,55688,42,0.4375,51917.6,1591.77,48872,56032,0,0,0,0,0,0,0,0,0,0,0,0,0,0,0,0,0,0,0,0,0,0,0,0
8,9,85,-95,92,92,0,0,0,0,0,0,0,0,0,0,0,0,0,0,0,0,0,0,0,0,0,0,0,0,0,0,0,0,0,0,0,0,0,0,0,0,0,0,0,0,0,0.92,92,0,0,0,0,0,0,0,0,0,0,0,0,0,0,0,0,0,0,0,0,0,0,0,0,0,0,0,0,0,0,0,0,0,0,0,0,0,0,0,0,0,0,0,0,0,0,0,0,0,0,0,0,0,85,0.923913,0.353804,0.063037,0.218972,0.49348,7,0.076087,0.547903,0.0222604,0.505865,0.581427,0,0,0,0,0,0,0,0,0,0,0,0,0,0,0,0,0,0,0,0,0,0,0,0,85,0.923913,52207.6,1740.31,48215,55307,7,0.076087,52616,1256.69,50664,55062,0,0,0,0,0,0,0,0,0,0,0,0,0,0,0,0,0,0,0,0,0,0,0,0
9,9,95,-95,91,91,0,0,0,0,0,0,0,0,0,0,0,0,0,0,0,0,0,0,0,0,0,0,0,0,0,0,0,0,0,0,0,0,0,0,0,0,0,0,0,0,0,0.91,91,0,0,0,0,0,0,0,0,0,0,0,0,0,0,0,0,0,0,0,0,0,0,0,0,0,0,0,0,0,0,0,0,0,0,0,0,0,0,0,0,0,0,0,0,0,0,0,0,0,0,0,0,0,91,1,0.313839,0.0650926,0.0935221,0.441187,0,0,0,0,0,0,0,0,0,0,0,0,0,0,0,0,0,0,0,0,0,0,0,0,0,0,0,0,0,0,91,1,53288.5,1811.43,47737,56784,0,0,0,0,0,0,0,0,0,0,0,0,0,0,0,0,0,0,0,0,0,0,0,0,0,0,0,0,0,0
10,9,105,-95,98,97,2.64877,2.64877,2.64877,0,0,0,0,0,0,2.75,2.64877,0,2.64877,2.64877,2.64877,2.64877,2.64877,2.64877,2.64877,2.64877,2.64877,2.64877,2.64877,2.64877,2.64877,2.64877,2.64877,0,0,0.10123,2.64877,0,0,0,0,0,0,2.64877,2.64877,0,1.02041,0.98,97,1,0,0,0,0,0,0,0,1.02041,1.03093,0,0,0,0,29032,29032,29032,0,0,0,0,0,0,29032.2,29032,0,29032,29032,29032,29032,29032,29032,29032,29032,29032,29032,29032,29032,29032,29032,29032,0,0,0.25,29032,0,0,0,0,0,0,29032,29032,95,0.969388,0.334099,0.0729963,0.113083,0.496908,2,0.0204082,0.516201,0.000313073,0.515888,0.516514,1,0.0102041,2.64877,0,2.64877,2.64877,0,0,0,0,0,0,0,0,0,0,0,0,0,0,0,0,0,0,95,0.969388,52910.9,1831.34,49768,58407,2,0.0204082,49947.5,1135.5,48812,51083,1,0.0102041,29032,0,29032,29032,0,0,0,0,0,0,0,0,0,0,0,0,0,0,0,0,0,0
11,9,115,-95,92,92,0,0,0,0,0,0,0,0,0,0,0,0,0,0,0,0,0,0,0,0,0,0,0,0,0,0,0,0,0,0,0,0,0,0,0,0,0,0,0,0,0,0.92,92,0,0,0,0,0,0,0,0,0,0,0,0,0,0,0,0,0,0,0,0,0,0,0,0,0,0,0,0,0,0,0,0,0,0,0,0,0,0,0,0,0,0,0,0,0,0,0,0,0,0,0,0,0,85,0.923913,0.367038,0.0843788,0.174673,0.498166,7,0.076087,0.525471,0.0259503,0.506825,0.587809,0,0,0,0,0,0,0,0,0,0,0,0,0,0,0,0,0,0,0,0,0,0,0,0,85,0.923913,51912.9,1910.7,47109,56189,7,0.076087,49069.7,1172.73,46811,50276,0,0,0,0,0,0,0,0,0,0,0,0,0,0,0,0,0,0,0,0,0,0,0,0
12,9,125,-95,96,96,0,0,0,0,0,0,0,0,0,0,0,0,0,0,0,0,0,0,0,0,0,0,0,0,0,0,0,0,0,0,0,0,0,0,0,0,0,0,0,0,0,0.96,96,0,0,0,0,0,0,0,0,0,0,0,0,0,0,0,0,0,0,0,0,0,0,0,0,0,0,0,0,0,0,0,0,0,0,0,0,0,0,0,0,0,0,0,0,0,0,0,0,0,0,0,0,0,81,0.84375,0.330921,0.118133,0.042331,0.497131,15,0.15625,0.555608,0.0466373,0.501263,0.67613,0,0,0,0,0,0,0,0,0,0,0,0,0,0,0,0,0,0,0,0,0,0,0,0,81,0.84375,51767.4,1777.98,47742,55432,15,0.15625,50921.1,1602.73,49171,54311,0,0,0,0,0,0,0,0,0,0,0,0,0,0,0,0,0,0,0,0,0,0,0,0
13,9,135,-95,92,92,0,0,0,0,0,0,0,0,0,0,0,0,0,0,0,0,0,0,0,0,0,0,0,0,0,0,0,0,0,0,0,0,0,0,0,0,0,0,0,0,0,0.92,92,0,0,0,0,0,0,0,0,0,0,0,0,0,0,0,0,0,0,0,0,0,0,0,0,0,0,0,0,0,0,0,0,0,0,0,0,0,0,0,0,0,0,0,0,0,0,0,0,0,0,0,0,0,91,0.98913,0.36824,0.054443,0.251071,0.483598,1,0.0108696,0.556769,0,0.556769,0.556769,0,0,0,0,0,0,0,0,0,0,0,0,0,0,0,0,0,0,0,0,0,0,0,0,91,0.98913,51549.9,1526.43,48335,54963,1,0.0108696,52218,0,52218,52218,0,0,0,0,0,0,0,0,0,0,0,0,0,0,0,0,0,0,0,0,0,0,0,0
14,9,145,-95,95,95,0,0,0,0,0,0,0,0,0,0,0,0,0,0,0,0,0,0,0,0,0,0,0,0,0,0,0,0,0,0,0,0,0,0,0,0,0,0,0,0,0,0.95,95,0,0,0,0,0,0,0,0,0,0,0,0,0,0,0,0,0,0,0,0,0,0,0,0,0,0,0,0,0,0,0,0,0,0,0,0,0,0,0,0,0,0,0,0,0,0,0,0,0,0,0,0,0,94,0.989474,0.34466,0.0613164,0.182839,0.498166,1,0.0105263,0.557753,0,0.557753,0.557753,0,0,0,0,0,0,0,0,0,0,0,0,0,0,0,0,0,0,0,0,0,0,0,0,94,0.989474,51332.4,1500.31,47468,55120,1,0.0105263,50814,0,50814,50814,0,0,0,0,0,0,0,0,0,0,0,0,0,0,0,0,0,0,0,0,0,0,0,0
15,9,155,-95,84,84,0,0,0,0,0,0,0,0,0,0,0,0,0,0,0,0,0,0,0,0,0,0,0,0,0,0,0,0,0,0,0,0,0,0,0,0,0,0,0,0,0,0.84,84,0,0,0,0,0,0,0,0,0,0,0,0,0,0,0,0,0,0,0,0,0,0,0,0,0,0,0,0,0,0,0,0,0,0,0,0,0,0,0,0,0,0,0,0,0,0,0,0,0,0,0,0,0,84,1,0.316804,0.0549508,0.216798,0.473363,0,0,0,0,0,0,0,0,0,0,0,0,0,0,0,0,0,0,0,0,0,0,0,0,0,0,0,0,0,0,84,1,52223.7,1554.38,47677,55295,0,0,0,0,0,0,0,0,0,0,0,0,0,0,0,0,0,0,0,0,0,0,0,0,0,0,0,0,0,0
16,9,165,-95,100,100,0,0,0,0,0,0,0,0,0,0,0,0,0,0,0,0,0,0,0,0,0,0,0,0,0,0,0,0,0,0,0,0,0,0,0,0,0,0,0,0,0,1,100,0,0,0,0,0,0,0,0,0,0,0,0,0,0,0,0,0,0,0,0,0,0,0,0,0,0,0,0,0,0,0,0,0,0,0,0,0,0,0,0,0,0,0,0,0,0,0,0,0,0,0,0,0,84,0.84,0.380825,0.0754264,0.217157,0.494532,16,0.16,0.540833,0.0322336,0.501783,0.596249,0,0,0,0,0,0,0,0,0,0,0,0,0,0,0,0,0,0,0,0,0,0,0,0,84,0.84,51515.3,1778.76,47383,55933,16,0.16,52571.9,1975.06,48006,55307,0,0,0,0,0,0,0,0,0,0,0,0,0,0,0,0,0,0,0,0,0,0,0,0
17,9,175,-95,96,96,0,0,0,0,0,0,0,0,0,0,0,0,0,0,0,0,0,0,0,0,0,0,0,0,0,0,0,0,0,0,0,0,0,0,0,0,0,0,0,0,0,0.96,96,0,0,0,0,0,0,0,0,0,0,0,0,0,0,0,0,0,0,0,0,0,0,0,0,0,0,0,0,0,0,0,0,0,0,0,0,0,0,0,0,0,0,0,0,0,0,0,0,0,0,0,0,0,42,0.4375,0.431,0.0471373,0.324653,0.496346,54,0.5625,0.604653,0.0606725,0.50045,0.783262,0,0,0,0,0,0,0,0,0,0,0,0,0,0,0,0,0,0,0,0,0,0,0,0,42,0.4375,51974.8,1978.36,47887,55563,54,0.5625,51234.3,1544.78,47737,56465,0,0,0,0,0,0,0,0,0,0,0,0,0,0,0,0,0,0,0,0,0,0,0,0
18,9,185,-95,93,93,0,0,0,0,0,0,0,0,0,0,0,0,0,0,0,0,0,0,0,0,0,0,0,0,0,0,0,0,0,0,0,0,0,0,0,0,0,0,0,0,0,0.93,93,0,0,0,0,0,0,0,0,0,0,0,0,0,0,0,0,0,0,0,0,0,0,0,0,0,0,0,0,0,0,0,0,0,0,0,0,0,0,0,0,0,0,0,0,0,0,0,0,0,0,0,0,0,5,0.0537634,0.406276,0.0410081,0.347139,0.458676,88,0.946237,0.855197,0.140348,0.532298,1.13667,0,0,0,0,0,0,0,0,0,0,0,0,0,0,0,0,0,0,0,0,0,0,0,0,5,0.0537634,50311.4,1414.46,48633,52902,88,0.946237,50452.1,1466.59,47468,54250,0,0,0,0,0,0,0,0,0,0,0,0,0,0,0,0,0,0,0,0,0,0,0,0
19,9,195,-95,86,86,795.47,797.9,796.657,0.670355,0.471844,0.000841459,0.114409,1.96597,0.488538,796.25,796.72,1.04999,795.542,795.83,795.86,796,796.03,796.19,796.39,796.72,796.88,797.05,797.08,797.11,797.57,797.64,797.848,0.580134,0.577143,0.64238,796.657,0.402572,0.0133988,0.0103781,0.000505327,0.033283,0.0257796,796.657,796.658,1.15138,24.4186,0.86,86,0,0,0,0,0,0,0,0,24.4186,24.4186,12.7907,16.2791,12.7907,16.2791,45282,51462,49160.3,1404.49,2.07123e+06,0.0285697,-0.722438,3.85144,0.627554,48992.2,48992,1597,45617.6,46960,47887,48270,48394,48699,48992,48992,49499,49917,49991,50273,51016,51141,51397.8,1061.73,1053.71,1053.73,49160.3,803.386,-77.3947,171.77,0.0163422,-0.0963357,0.213808,49180.3,49200.1,0,0,0,0,0,0,65,0.755814,1.11754,0.105109,0.943102,1.43121,0,0,0,0,0,0,0,0,0,0,0,0,0,0,0,0,0,0,21,0.244186,796.657,0.670355,795.47,797.9,0,0,0,0,0,0,65,0.755814,49994.2,1550.56,47348,54060,0,0,0,0,0,0,0,0,0,0,0,0,0,0,0,0,0,0,21,0.244186,49160.3,1404.49,45282,51462
0,10,5,-105,98,98,0,0,0,0,0,0,0,0,0,0,0,0,0,0,0,0,0,0,0,0,0,0,0,0,0,0,0,0,0,0,0,0,0,0,0,0,0,0,0,0,0,0.98,98,0,0,0,0,0,0,0,0,0,0,0,0,0,0,0,0,0,0,0,0,0,0,0,0,0,0,0,0,0,0,0,0,0,0,0,0,0,0,0,0,0,0,0,0,0,0,0,0,0,0,0,0,0,21,0.214286,0.259037,0.159854,-0.0300244,0.489976,77,0.785714,0.661062,0.0738932,0.514486,0.84436,0,0,0,0,0,0,0,0,0,0,0,0,0,0,0,0,0,0,0,0,0,0,0,0,21,0.214286,51451.5,1206.66,48305,53396,77,0.785714,51213.2,1394.57,47857,54530,0,0,0,0,0,0,0,0,0,0,0,0,0,0,0,0,0,0,0,0,0,0,0,0
1,10,15,-105,95,95,0,0,0,0,0,0,0,0,0,0,0,0,0,0,0,0,0,0,0,0,0,0,0,0,0,0,0,0,0,0,0,0,0,0,0,0,0,0,0,0,0,0.95,95,0,0,0,0,0,0,0,0,0,0,0,0,0,0,0,0,0,0,0,0,0,0,0,0,0,0,0,0,0,0,0,0,0,0,0,0,0,0,0,0,0,0,0,0,0,0,0,0,0,0,0,0,0,1,0.0105263,0.481347,0,0.481347,0.481347,94,0.989474,0.715955,0.113028,0.512286,1.10738,0,0,0,0,0,0,0,0,0,0,0,0,0,0,0,0,0,0,0,0,0,0,0,0,1,0.0105263,52527,0,52527,52527,94,0.989474,51138.4,1666.38,47170,54806,0,0,0,0,0,0,0,0,0,0,0,0,0,0,0,0,0,0,0,0,0,0,0,0
2,10,25,-105,93,93,0,0,0,0,0,0,0,0,0,0,0,0,0,0,0,0,0,0,0,0,0,0,0,0,0,0,0,0,0,0,0,0,0,0,0,0,0,0,0,0,0,0.93,93,0,0,0,0,0,0,0,0,0,0,0,0,0,0,0,0,0,0,0,0,0,0,0,0,0,0,0,0,0,0,0,0,0,0,0,0,0,0,0,0,0,0,0,0,0,0,0,0,0,0,0,0,0,0,0,0,0,0,0,93,1,0.80756,0.0975169,0.588693,1.07208,0,0,0,0,0,0,0,0,0,0,0,0,0,0,0,0,0,0,0,0,0,0,0,0,0,0,0,0,0,0,93,1,51572.7,1674.77,47588,55182,0,0,0,0,0,0,0,0,0,0,0,0,0,0,0,0,0,0,0,0,0,0,0,0
3,10,35,-105,100,100,0,0,0,0,0,0,0,0,0,0,0,0,0,0,0,0,0,0,0,0,0,0,0,0,0,0,0,0,0,0,0,0,0,0,0,0,0,0,0,0,0,1,100,0,0,0,0,0,0,0,0,0,0,0,0,0,0,0,0,0,0,0,0,0,0,0,0,0,0,0,0,0,0,0,0,0,0,0,0,0,0,0,0,0,0,0,0,0,0,0,0,0,0,0,0,0,3,0.03,0.446227,0.00823272,0.435667,0.455753,97,0.97,0.717366,0.0923285,0.52856,0.980874,0,0,0,0,0,0,0,0,0,0,0,0,0,0,0,0,0,0,0,0,0,0,0,0,3,0.03,52884,1547.39,51611,55062,97,0.97,51312.9,1548.97,47170,54837,0,0,0,0,0,0,0,0,0,0,0,0,0,0,0,0,0,0,0,0,0,0,0,0
4,10,45,-105,88,88,0,0,0,0,0,0,0,0,0,0,0,0,0,0,0,0,0,0,0,0,0,0,0,0,0,0,0,0,0,0,0,0,0,0,0,0,0,0,0,0,0,0.88,88,0,0,0,0,0,0,0,0,0,0,0,0,0,0,0,0,0,0,0,0,0,0,0,0,0,0,0,0,0,0,0,0,0,0,0,0,0,0,0,0,0,0,0,0,0,0,0,0,0,0,0,0,0,8,0.0909091,0.478667,0.0138625,0.461947,0.497493,80,0.909091,0.6262,0.065543,0.502348,0.757671,0,0,0,0,0,0,0,0,0,0,0,0,0,0,0,0,0,0,0,0,0,0,0,0,8,0.0909091,53527.4,1643.42,51620,56549,80,0.909091,51451.9,1758.47,47558,55751,0,0,0,0,0,0,0,0,0,0,0,0,0,0,0,0,0,0,0,0,0,0,0,0
5,10,55,-105,94,94,0,0,0,0,0,0,0,0,0,0,0,0,0,0,0,0,0,0,0,0,0,0,0,0,0,0,0,0,0,0,0,0,0,0,0,0,0,0,0,0,0,0.94,94,0,0,0,0,0,0,0,0,0,0,0,0,0,0,0,0,0,0,0,0,0,0,0,0,0,0,0,0,0,0,0,0,0,0,0,0,0,0,0,0,0,0,0,0,0,0,0,0,0,0,0,0,0,19,0.202128,0.436636,0.0515119,0.314049,0.497925,75,0.797872,0.59204,0.0652524,0.500094,0.770434,0,0,0,0,0,0,0,0,0,0,0,0,0,0,0,0,0,0,0,0,0,0,0,0,19,0.202128,52147.3,1874.7,48777,56157,75,0.797872,50959.7,1758.77,47528,54608,0,0,0,0,0,0,0,0,0,0,0,0,0,0,0,0,0,0,0,0,0,0,0,0
6,10,65,-105,91,91,0,0,0,0,0,0,0,0,0,0,0,0,0,0,0,0,0,0,0,0,0,0,0,0,0,0,0,0,0,0,0,0,0,0,0,0,0,0,0,0,0,0.91,91,0,0,0,0,0,0,0,0,0,0,0,0,0,0,0,0,0,0,0,0,0,0,0,0,0,0,0,0,0,0,0,0,0,0,0,0,0,0,0,0,0,0,0,0,0,0,0,0,0,0,0,0,0,32,0.351648,0.45709,0.0304523,0.385732,0.499662,59,0.648352,0.578299,0.0520682,0.503214,0.727051,0,0,0,0,0,0,0,0,0,0,0,0,0,0,0,0,0,0,0,0,0,0,0,0,32,0.351648,51815.9,1401.09,48628,54587,59,0.648352,52006.3,1740.7,48065,56058,0,0,0,0,0,0,0,0,0,0,0,0,0,0,0,0,0,0,0,0,0,0,0,0
7,10,75,-105,94,94,0,0,0,0,0,0,0,0,0,0,0,0,0,0,0,0,0,0,0,0,0,0,0,0,0,0,0,0,0,0,0,0,0,0,0,0,0,0,0,0,0,0.94,94,0,0,0,0,0,0,0,0,0,0,0,0,0,0,0,0,0,0,0,0,0,0,0,0,0,0,0,0,0,0,0,0,0,0,0,0,0,0,0,0,0,0,0,0,0,0,0,0,0,0,0,0,0,46,0.489362,0.412733,0.0561908,0.303131,0.499823,48,0.510638,0.599248,0.0594859,0.509994,0.715764,0,0,0,0,0,0,0,0,0,0,0,0,0,0,0,0,0,0,0,0,0,0,0,0,46,0.489362,52088.7,1829.78,49076,55150,48,0.510638,52304.7,1522.02,49261,56090,0,0,0,0,0,0,0,0,0,0,0,0,0,0,0,0,0,0,0,0,0,0,0,0
8,10,85,-105,92,92,0,0,0,0,0,0,0,0,0,0,0,0,0,0,0,0,0,0,0,0,0,0,0,0,0,0,0,0,0,0,0,0,0,0,0,0,0,0,0,0,0,0.92,92,0,0,0,0,0,0,0,0,0,0,0,0,0,0,0,0,0,0,0,0,0,0,0,0,0,0,0,0,0,0,0,0,0,0,0,0,0,0,0,0,0,0,0,0,0,0,0,0,0,0,0,0,0,88,0.956522,0.342541,0.0616991,0.209835,0.461729,4,0.0434783,0.524198,0.0211973,0.501212,0.546411,0,0,0,0,0,0,0,0,0,0,0,0,0,0,0,0,0,0,0,0,0,0,0,0,88,0.956522,51930.2,1733.8,47254,57655,4,0.0434783,49459.8,576.772,48718,50336,0,0,0,0,0,0,0,0,0,0,0,0,0,0,0,0,0,0,0,0,0,0,0,0
9,10,95,-105,86,86,0,0,0,0,0,0,0,0,0,0,0,0,0,0,0,0,0,0,0,0,0,0,0,0,0,0,0,0,0,0,0,0,0,0,0,0,0,0,0,0,0,0.86,86,0,0,0,0,0,0,0,0,0,0,0,0,0,0,0,0,0,0,0,0,0,0,0,0,0,0,0,0,0,0,0,0,0,0,0,0,0,0,0,0,0,0,0,0,0,0,0,0,0,0,0,0,0,77,0.895349,0.336235,0.0869352,0.108029,0.495785,9,0.104651,0.531881,0.0268133,0.50216,0.589272,0,0,0,0,0,0,0,0,0,0,0,0,0,0,0,0,0,0,0,0,0,0,0,0,77,0.895349,52921.7,1736.34,49380,56685,9,0.104651,51318.3,2063.95,47672,53898,0,0,0,0,0,0,0,0,0,0,0,0,0,0,0,0,0,0,0,0,0,0,0,0
10,10,105,-105,95,95,0,0,0,0,0,0,0,0,0,0,0,0,0,0,0,0,0,0,0,0,0,0,0,0,0,0,0,0,0,0,0,0,0,0,0,0,0,0,0,0,0,0.95,95,0,0,0,0,0,0,0,0,0,0,0,0,0,0,0,0,0,0,0,0,0,0,0,0,0,0,0,0,0,0,0,0,0,0,0,0,0,0,0,0,0,0,0,0,0,0,0,0,0,0,0,0,0,87,0.915789,0.325875,0.0683334,0.141429,0.484204,8,0.0842105,0.539733,0.0239565,0.50116,0.568012,0,0,0,0,0,0,0,0,0,0,0,0,0,0,0,0,0,0,0,0,0,0,0,0,87,0.915789,52664.6,1879.32,47911,56247,8,0.0842105,51300.2,1668.95,48807,53522,0,0,0,0,0,0,0,0,0,0,0,0,0,0,0,0,0,0,0,0,0,0,0,0
11,10,115,-105,102,102,0,0,0,0,0,0,0,0,0,0,0,0,0,0,0,0,0,0,0,0,0,0,0,0,0,0,0,0,0,0,0,0,0,0,0,0,0,0,0,0,0,1.02,102,0,0,0,0,0,0,0,0,0,0,0,0,0,0,0,0,0,0,0,0,0,0,0,0,0,0,0,0,0,0,0,0,0,0,0,0,0,0,0,0,0,0,0,0,0,0,0,0,0,0,0,0,0,93,0.911765,0.364987,0.0686426,0.223773,0.499685,9,0.0882353,0.531716,0.0301416,0.504625,0.608341,0,0,0,0,0,0,0,0,0,0,0,0,0,0,0,0,0,0,0,0,0,0,0,0,93,0.911765,52067.8,1820.05,45581,57249,9,0.0882353,50160.8,1443.16,48209,52337,0,0,0,0,0,0,0,0,0,0,0,0,0,0,0,0,0,0,0,0,0,0,0,0
12,10,125,-105,95,95,0,0,0,0,0,0,0,0,0,0,0,0,0,0,0,0,0,0,0,0,0,0,0,0,0,0,0,0,0,0,0,0,0,0,0,0,0,0,0,0,0,0.95,95,0,0,0,0,0,0,0,0,0,0,0,0,0,0,0,0,0,0,0,0,0,0,0,0,0,0,0,0,0,0,0,0,0,0,0,0,0,0,0,0,0,0,0,0,0,0,0,0,0,0,0,0,0,81,0.852632,0.344103,0.0667767,0.209522,0.484641,14,0.147368,0.576553,0.0576062,0.504007,0.677182,0,0,0,0,0,0,0,0,0,0,0,0,0,0,0,0,0,0,0,0,0,0,0,0,81,0.852632,52209.3,1601.47,48807,56058,14,0.147368,50618.6,1922.94,47618,54305,0,0,0,0,0,0,0,0,0,0,0,0,0,0,0,0,0,0,0,0,0,0,0,0
13,10,135,-105,91,91,0,0,0,0,0,0,0,0,0,0,0,0,0,0,0,0,0,0,0,0,0,0,0,0,0,0,0,0,0,0,0,0,0,0,0,0,0,0,0,0,0,0.91,91,0,0,0,0,0,0,0,0,0,0,0,0,0,0,0,0,0,0,0,0,0,0,0,0,0,0,0,0,0,0,0,0,0,0,0,0,0,0,0,0,0,0,0,0,0,0,0,0,0,0,0,0,0,83,0.912088,0.359567,0.0567543,0.246514,0.493735,8,0.0879121,0.58559,0.0648858,0.503002,0.700052,0,0,0,0,0,0,0,0,0,0,0,0,0,0,0,0,0,0,0,0,0,0,0,0,83,0.912088,52209.8,1703.77,47941,55808,8,0.0879121,51815,853.409,50599,53303,0,0,0,0,0,0,0,0,0,0,0,0,0,0,0,0,0,0,0,0,0,0,0,0
14,10,145,-105,99,99,0,0,0,0,0,0,0,0,0,0,0,0,0,0,0,0,0,0,0,0,0,0,0,0,0,0,0,0,0,0,0,0,0,0,0,0,0,0,0,0,0,0.99,99,0,0,0,0,0,0,0,0,0,0,0,0,0,0,0,0,0,0,0,0,0,0,0,0,0,0,0,0,0,0,0,0,0,0,0,0,0,0,0,0,0,0,0,0,0,0,0,0,0,0,0,0,0,98,0.989899,0.324711,0.0736195,0.150459,0.485275,1,0.010101,0.500652,0,0.500652,0.500652,0,0,0,0,0,0,0,0,0,0,0,0,0,0,0,0,0,0,0,0,0,0,0,0,98,0.989899,52188.9,1585.15,46328,55714,1,0.010101,52636,0,52636,52636,0,0,0,0,0,0,0,0,0,0,0,0,0,0,0,0,0,0,0,0,0,0,0,0
15,10,155,-105,88,88,0,0,0,0,0,0,0,0,0,0,0,0,0,0,0,0,0,0,0,0,0,0,0,0,0,0,0,0,0,0,0,0,0,0,0,0,0,0,0,0,0,0.88,88,0,0,0,0,0,0,0,0,0,0,0,0,0,0,0,0,0,0,0,0,0,0,0,0,0,0,0,0,0,0,0,0,0,0,0,0,0,0,0,0,0,0,0,0,0,0,0,0,0,0,0,0,0,73,0.829545,0.335102,0.0611663,0.207111,0.494718,15,0.170455,0.676843,0.131678,0.528334,0.947959,0,0,0,0,0,0,0,0,0,0,0,0,0,0,0,0,0,0,0,0,0,0,0,0,73,0.829545,51600,1531.73,48120,55338,15,0.170455,54020.9,1653.36,50734,57369,0,0,0,0,0,0,0,0,0,0,0,0,0,0,0,0,0,0,0,0,0,0,0,0
16,10,165,-105,94,94,0,0,0,0,0,0,0,0,0,0,0,0,0,0,0,0,0,0,0,0,0,0,0,0,0,0,0,0,0,0,0,0,0,0,0,0,0,0,0,0,0,0.94,94,0,0,0,0,0,0,0,0,0,0,0,0,0,0,0,0,0,0,0,0,0,0,0,0,0,0,0,0,0,0,0,0,0,0,0,0,0,0,0,0,0,0,0,0,0,0,0,0,0,0,0,0,0,77,0.819149,0.402447,0.049576,0.289112,0.49077,17,0.180851,0.619936,0.129667,0.510367,0.957382,0,0,0,0,0,0,0,0,0,0,0,0,0,0,0,0,0,0,0,0,0,0,0,0,77,0.819149,52449.7,1634.03,48962,55947,17,0.180851,51972.3,2051.38,48209,55235,0,0,0,0,0,0,0,0,0,0,0,0,0,0,0,0,0,0,0,0,0,0,0,0
17,10,175,-105,101,101,0,0,0,0,0,0,0,0,0,0,0,0,0,0,0,0,0,0,0,0,0,0,0,0,0,0,0,0,0,0,0,0,0,0,0,0,0,0,0,0,0,1.01,101,0,0,0,0,0,0,0,0,0,0,0,0,0,0,0,0,0,0,0,0,0,0,0,0,0,0,0,0,0,0,0,0,0,0,0,0,0,0,0,0,0,0,0,0,0,0,0,0,0,0,0,0,0,8,0.0792079,0.454425,0.0208156,0.429241,0.491096,93,0.920792,0.713723,0.159812,0.504533,1.16826,0,0,0,0,0,0,0,0,0,0,0,0,0,0,0,0,0,0,0,0,0,0,0,0,8,0.0792079,52733,764.226,52050,54650,93,0.920792,51510.7,1663.69,48001,56403,0,0,0,0,0,0,0,0,0,0,0,0,0,0,0,0,0,0,0,0,0,0,0,0
18,10,185,-105,97,97,0,0,0,0,0,0,0,0,0,0,0,0,0,0,0,0,0,0,0,0,0,0,0,0,0,0,0,0,0,0,0,0,0,0,0,0,0,0,0,0,0,0.97,97,0,0,0,0,0,0,0,0,0,0,0,0,0,0,0,0,0,0,0,0,0,0,0,0,0,0,0,0,0,0,0,0,0,0,0,0,0,0,0,0,0,0,0,0,0,0,0,0,0,0,0,0,0,0,0,0,0,0,0,97,1,0.881908,0.174546,0.615006,1.33125,0,0,0,0,0,0,0,0,0,0,0,0,0,0,0,0,0,0,0,0,0,0,0,0,0,0,0,0,0,0,97,1,50159.8,1407,46925,53265,0,0,0,0,0,0,0,0,0,0,0,0,0,0,0,0,0,0,0,0,0,0,0,0
19,10,195,-105,85,85,793.47,795.9,794.542,0.742843,0.575808,0.000934933,0.258964,1.74869,0.441187,793.75,794.31,1.38245,793.493,793.579,793.642,793.784,793.89,794.134,794.204,794.31,794.718,795.06,795.272,795.386,795.552,795.659,795.847,0.654757,0.639582,0.85375,794.542,0.442265,0.038238,-0.00882733,0.000556628,0.0864596,-0.0199594,794.542,794.543,1.05013,28.2353,0.85,85,0,0,0,0,0,0,0,0,28.2353,28.2353,12.9412,22.3529,12.9412,22.3529,48300,52990,50345.3,1235.65,1.59323e+06,0.0245436,0.0795261,2.30707,0.436096,48300.2,50285,1688.75,48300,48335.7,48645.4,49225.4,49427.5,49542.1,50122,50285,50715.8,51048,51116.2,51374.6,51856.3,52173.3,52809.7,1018.96,1018.96,2045.08,50345.3,734.35,4.83416,65.5888,0.0145863,0.00658291,0.0893155,50360.5,50375.6,0,0,0,0,0,0,61,0.717647,1.10709,0.0998729,0.93382,1.35142,0,0,0,0,0,0,0,0,0,0,0,0,0,0,0,0,0,0,24,0.282353,794.542,0.742843,793.47,795.9,0,0,0,0,0,0,61,0.717647,49880.7,1421.82,46627,52840,0,0,0,0,0,0,0,0,0,0,0,0,0,0,0,0,0,0,24,0.282353,50345.3,1235.65,48300,52990
0,11,5,-115,94,94,0,0,0,0,0,0,0,0,0,0,0,0,0,0,0,0,0,0,0,0,0,0,0,0,0,0,0,0,0,0,0,0,0,0,0,0,0,0,0,0,0,0.94,94,0,0,0,0,0,0,0,0,0,0,0,0,0,0,0,0,0,0,0,0,0,0,0,0,0,0,0,0,0,0,0,0,0,0,0,0,0,0,0,0,0,0,0,0,0,0,0,0,0,0,0,0,0,16,0.170213,0.231252,0.142248,-0.0400098,0.45999,78,0.829787,0.734062,0.0866252,0.500029,0.929998,0,0,0,0,0,0,0,0,0,0,0,0,0,0,0,0,0,0,0,0,0,0,0,0,16,0.170213,51210.6,1147.97,49166,53115,78,0.829787,51318,1584.78,47707,55589,0,0,0,0,0,0,0,0,0,0,0,0,0,0,0,0,0,0,0,0,0,0,0,0
1,11,15,-115,100,97,3.88184,4.37363,4.17838,0.213168,0.0681607,0.0510168,-0.605486,1.5,0.602986,4.25,4.27968,0.245896,3.88979,3.92162,3.9614,4.04097,4.08076,4.12054,4.20011,4.27968,4.29847,4.31726,4.32665,4.33605,4.35484,4.36423,4.37175,0.197696,0.163931,0.173823,4.17838,0.163931,-0.101296,0,0.0392331,-0.617916,0,4.18381,4.18912,0.31692,3,1,97,3,0,0,0,0,0,0,0,3,3.09278,2,2,2.06186,2.06186,23268,26852,25020.3,1464.24,3.21598e+06,0.0585219,0.081112,1.5,0.488932,23268.2,24941,1792,23301.5,23435.3,23602.6,23937.2,24104.5,24271.8,24606.4,24941,25323.2,25705.4,25896.5,26087.6,26469.8,26660.9,26813.8,1221.11,1194.67,1752.25,25020.3,1194.67,79.3333,0,0.0477478,0.0664062,0,25063.1,25105.9,0,0,0,0,0,0,97,0.97,0.778778,0.0813154,0.61408,0.994959,3,0.03,4.17838,0.213168,3.88184,4.37363,0,0,0,0,0,0,0,0,0,0,0,0,0,0,0,0,0,0,0,0,0,0,0,0,97,0.97,51164.5,1927.73,45343,55767,3,0.03,25020.3,1464.24,23268,26852,0,0,0,0,0,0,0,0,0,0,0,0,0,0,0,0,0,0
2,11,25,-115,89,89,0,0,0,0,0,0,0,0,0,0,0,0,0,0,0,0,0,0,0,0,0,0,0,0,0,0,0,0,0,0,0,0,0,0,0,0,0,0,0,0,0,0.89,89,0,0,0,0,0,0,0,0,0,0,0,0,0,0,0,0,0,0,0,0,0,0,0,0,0,0,0,0,0,0,0,0,0,0,0,0,0,0,0,0,0,0,0,0,0,0,0,0,0,0,0,0,0,0,0,0,0,0,0,89,1,0.729046,0.0978449,0.532581,0.916484,0,0,0,0,0,0,0,0,0,0,0,0,0,0,0,0,0,0,0,0,0,0,0,0,0,0,0,0,0,0,89,1,51830,1697.57,48031,55745,0,0,0,0,0,0,0,0,0,0,0,0,0,0,0,0,0,0,0,0,0,0,0,0
3,11,35,-115,96,96,0,0,0,0,0,0,0,0,0,0,0,0,0,0,0,0,0,0,0,0,0,0,0,0,0,0,0,0,0,0,0,0,0,0,0,0,0,0,0,0,0,0.96,96,0,0,0,0,0,0,0,0,0,0,0,0,0,0,0,0,0,0,0,0,0,0,0,0,0,0,0,0,0,0,0,0,0,0,0,0,0,0,0,0,0,0,0,0,0,0,0,0,0,0,0,0,0,0,0,0,0,0,0,96,1,0.654474,0.0839772,0.509723,0.92515,0,0,0,0,0,0,0,0,0,0,0,0,0,0,0,0,0,0,0,0,0,0,0,0,0,0,0,0,0,0,96,1,51435.9,1614.04,47074,55552,0,0,0,0,0,0,0,0,0,0,0,0,0,0,0,0,0,0,0,0,0,0,0,0
4,11,45,-115,88,88,0,0,0,0,0,0,0,0,0,0,0,0,0,0,0,0,0,0,0,0,0,0,0,0,0,0,0,0,0,0,0,0,0,0,0,0,0,0,0,0,0,0.88,88,0,0,0,0,0,0,0,0,0,0,0,0,0,0,0,0,0,0,0,0,0,0,0,0,0,0,0,0,0,0,0,0,0,0,0,0,0,0,0,0,0,0,0,0,0,0,0,0,0,0,0,0,0,0,0,0,0,0,0,88,1,0.692151,0.08088,0.550281,0.852047,0,0,0,0,0,0,0,0,0,0,0,0,0,0,0,0,0,0,0,0,0,0,0,0,0,0,0,0,0,0,88,1,51258.4,1481.85,47642,54650,0,0,0,0,0,0,0,0,0,0,0,0,0,0,0,0,0,0,0,0,0,0,0,0
5,11,55,-115,97,97,0,0,0,0,0,0,0,0,0,0,0,0,0,0,0,0,0,0,0,0,0,0,0,0,0,0,0,0,0,0,0,0,0,0,0,0,0,0,0,0,0,0.97,97,0,0,0,0,0,0,0,0,0,0,0,0,0,0,0,0,0,0,0,0,0,0,0,0,0,0,0,0,0,0,0,0,0,0,0,0,0,0,0,0,0,0,0,0,0,0,0,0,0,0,0,0,0,0,0,0,0,0,0,97,1,0.669407,0.0697528,0.510694,0.815776,0,0,0,0,0,0,0,0,0,0,0,0,0,0,0,0,0,0,0,0,0,0,0,0,0,0,0,0,0,0,97,1,50038.2,1502.19,45343,53703,0,0,0,0,0,0,0,0,0,0,0,0,0,0,0,0,0,0,0,0,0,0,0,0
6,11,65,-115,98,98,0,0,0,0,0,0,0,0,0,0,0,0,0,0,0,0,0,0,0,0,0,0,0,0,0,0,0,0,0,0,0,0,0,0,0,0,0,0,0,0,0,0.98,98,0,0,0,0,0,0,0,0,0,0,0,0,0,0,0,0,0,0,0,0,0,0,0,0,0,0,0,0,0,0,0,0,0,0,0,0,0,0,0,0,0,0,0,0,0,0,0,0,0,0,0,0,0,30,0.306122,0.45597,0.0330119,0.36699,0.49612,68,0.693878,0.620187,0.083068,0.500119,0.785752,0,0,0,0,0,0,0,0,0,0,0,0,0,0,0,0,0,0,0,0,0,0,0,0,30,0.306122,51493,1458.3,47672,54148,68,0.693878,51115.5,1536.88,48166,54800,0,0,0,0,0,0,0,0,0,0,0,0,0,0,0,0,0,0,0,0,0,0,0,0
7,11,75,-115,89,89,0,0,0,0,0,0,0,0,0,0,0,0,0,0,0,0,0,0,0,0,0,0,0,0,0,0,0,0,0,0,0,0,0,0,0,0,0,0,0,0,0,0.89,89,0,0,0,0,0,0,0,0,0,0,0,0,0,0,0,0,0,0,0,0,0,0,0,0,0,0,0,0,0,0,0,0,0,0,0,0,0,0,0,0,0,0,0,0,0,0,0,0,0,0,0,0,0,16,0.179775,0.448042,0.0433507,0.342666,0.48641,73,0.820225,0.638377,0.111085,0.500178,0.946862,0,0,0,0,0,0,0,0,0,0,0,0,0,0,0,0,0,0,0,0,0,0,0,0,16,0.179775,51410.1,1629.56,47851,53515,73,0.820225,51499.6,1651.56,48239,54393,0,0,0,0,0,0,0,0,0,0,0,0,0,0,0,0,0,0,0,0,0,0,0,0
8,11,85,-115,90,90,0,0,0,0,0,0,0,0,0,0,0,0,0,0,0,0,0,0,0,0,0,0,0,0,0,0,0,0,0,0,0,0,0,0,0,0,0,0,0,0,0,0.9,90,0,0,0,0,0,0,0,0,0,0,0,0,0,0,0,0,0,0,0,0,0,0,0,0,0,0,0,0,0,0,0,0,0,0,0,0,0,0,0,0,0,0,0,0,0,0,0,0,0,0,0,0,0,62,0.688889,0.390607,0.0652784,0.268184,0.499151,28,0.311111,0.595983,0.0731267,0.503564,0.752823,0,0,0,0,0,0,0,0,0,0,0,0,0,0,0,0,0,0,0,0,0,0,0,0,62,0.688889,51587.7,1344.48,48807,54205,28,0.311111,51207.7,1669.57,48209,54242,0,0,0,0,0,0,0,0,0,0,0,0,0,0,0,0,0,0,0,0,0,0,0,0
9,11,95,-115,89,89,0,0,0,0,0,0,0,0,0,0,0,0,0,0,0,0,0,0,0,0,0,0,0,0,0,0,0,0,0,0,0,0,0,0,0,0,0,0,0,0,0,0.89,89,0,0,0,0,0,0,0,0,0,0,0,0,0,0,0,0,0,0,0,0,0,0,0,0,0,0,0,0,0,0,0,0,0,0,0,0,0,0,0,0,0,0,0,0,0,0,0,0,0,0,0,0,0,80,0.898876,0.357313,0.0570408,0.224003,0.492445,9,0.101124,0.544772,0.0283453,0.511279,0.589929,0,0,0,0,0,0,0,0,0,0,0,0,0,0,0,0,0,0,0,0,0,0,0,0,80,0.898876,51797.1,1777.63,48120,56215,9,0.101124,51892.9,1426.29,49046,54362,0,0,0,0,0,0,0,0,0,0,0,0,0,0,0,0,0,0,0,0,0,0,0,0
10,11,105,-115,99,99,0,0,0,0,0,0,0,0,0,0,0,0,0,0,0,0,0,0,0,0,0,0,0,0,0,0,0,0,0,0,0,0,0,0,0,0,0,0,0,0,0,0.99,99,0,0,0,0,0,0,0,0,0,0,0,0,0,0,0,0,0,0,0,0,0,0,0,0,0,0,0,0,0,0,0,0,0,0,0,0,0,0,0,0,0,0,0,0,0,0,0,0,0,0,0,0,0,95,0.959596,0.371221,0.054088,0.25603,0.492533,4,0.040404,0.561742,0.0506488,0.507826,0.618621,0,0,0,0,0,0,0,0,0,0,0,0,0,0,0,0,0,0,0,0,0,0,0,0,95,0.959596,52770.7,1679.94,48330,56962,4,0.040404,52595.8,1689.11,50864,55145,0,0,0,0,0,0,0,0,0,0,0,0,0,0,0,0,0,0,0,0,0,0,0,0
11,11,115,-115,93,93,0,0,0,0,0,0,0,0,0,0,0,0,0,0,0,0,0,0,0,0,0,0,0,0,0,0,0,0,0,0,0,0,0,0,0,0,0,0,0,0,0,0.93,93,0,0,0,0,0,0,0,0,0,0,0,0,0,0,0,0,0,0,0,0,0,0,0,0,0,0,0,0,0,0,0,0,0,0,0,0,0,0,0,0,0,0,0,0,0,0,0,0,0,0,0,0,0,72,0.774194,0.420226,0.0520983,0.294023,0.493866,21,0.225806,0.549284,0.0401443,0.50149,0.634414,0,0,0,0,0,0,0,0,0,0,0,0,0,0,0,0,0,0,0,0,0,0,0,0,72,0.774194,51974,1698.47,47492,56241,21,0.225806,51431.5,1620.71,47882,54303,0,0,0,0,0,0,0,0,0,0,0,0,0,0,0,0,0,0,0,0,0,0,0,0
12,11,125,-115,92,92,0,0,0,0,0,0,0,0,0,0,0,0,0,0,0,0,0,0,0,0,0,0,0,0,0,0,0,0,0,0,0,0,0,0,0,0,0,0,0,0,0,0.92,92,0,0,0,0,0,0,0,0,0,0,0,0,0,0,0,0,0,0,0,0,0,0,0,0,0,0,0,0,0,0,0,0,0,0,0,0,0,0,0,0,0,0,0,0,0,0,0,0,0,0,0,0,0,80,0.869565,0.390103,0.0528486,0.297198,0.491978,12,0.130435,0.550129,0.0388388,0.50904,0.611722,0,0,0,0,0,0,0,0,0,0,0,0,0,0,0,0,0,0,0,0,0,0,0,0,80,0.869565,52201.9,1478.72,48270,55771,12,0.130435,50754,1403.77,48718,52990,0,0,0,0,0,0,0,0,0,0,0,0,0,0,0,0,0,0,0,0,0,0,0,0
13,11,135,-115,100,100,0,0,0,0,0,0,0,0,0,0,0,0,0,0,0,0,0,0,0,0,0,0,0,0,0,0,0,0,0,0,0,0,0,0,0,0,0,0,0,0,0,1,100,0,0,0,0,0,0,0,0,0,0,0,0,0,0,0,0,0,0,0,0,0,0,0,0,0,0,0,0,0,0,0,0,0,0,0,0,0,0,0,0,0,0,0,0,0,0,0,0,0,0,0,0,0,96,0.96,0.324923,0.0628876,0.204356,0.497771,4,0.04,0.548605,0.038749,0.507234,0.59291,0,0,0,0,0,0,0,0,0,0,0,0,0,0,0,0,0,0,0,0,0,0,0,0,96,0.96,51987.9,1553.41,47160,54894,4,0.04,52738,1492.13,50633,54211,0,0,0,0,0,0,0,0,0,0,0,0,0,0,0,0,0,0,0,0,0,0,0,0
14,11,145,-115,91,91,0,0,0,0,0,0,0,0,0,0,0,0,0,0,0,0,0,0,0,0,0,0,0,0,0,0,0,0,0,0,0,0,0,0,0,0,0,0,0,0,0,0.91,91,0,0,0,0,0,0,0,0,0,0,0,0,0,0,0,0,0,0,0,0,0,0,0,0,0,0,0,0,0,0,0,0,0,0,0,0,0,0,0,0,0,0,0,0,0,0,0,0,0,0,0,0,0,91,1,0.283117,0.0451674,0.177982,0.429518,0,0,0,0,0,0,0,0,0,0,0,0,0,0,0,0,0,0,0,0,0,0,0,0,0,0,0,0,0,0,91,1,52733,1768.42,48713,57777,0,0,0,0,0,0,0,0,0,0,0,0,0,0,0,0,0,0,0,0,0,0,0,0,0,0,0,0,0,0
15,11,155,-115,93,93,0,0,0,0,0,0,0,0,0,0,0,0,0,0,0,0,0,0,0,0,0,0,0,0,0,0,0,0,0,0,0,0,0,0,0,0,0,0,0,0,0,0.93,93,0,0,0,0,0,0,0,0,0,0,0,0,0,0,0,0,0,0,0,0,0,0,0,0,0,0,0,0,0,0,0,0,0,0,0,0,0,0,0,0,0,0,0,0,0,0,0,0,0,0,0,0,0,89,0.956989,0.312078,0.0778831,0.169701,0.49121,4,0.0430108,0.506769,0.00792083,0.500638,0.520353,0,0,0,0,0,0,0,0,0,0,0,0,0,0,0,0,0,0,0,0,0,0,0,0,89,0.956989,52113.4,1665.08,48150,55364,4,0.0430108,53132.5,1823.83,50117,54769,0,0,0,0,0,0,0,0,0,0,0,0,0,0,0,0,0,0,0,0,0,0,0,0
16,11,165,-115,92,90,2.32444,3.20372,2.76408,0.439643,0.386571,0.159056,0,1,0.5,2.25,2.76408,0.439643,2.33323,2.3684,2.41237,2.50029,2.54426,2.58822,2.67615,2.76408,2.85201,2.93994,2.9839,3.02787,3.11579,3.15976,3.19493,0.439643,0.439643,0.51408,2.76408,0.439643,0,0,0.159056,0,0,2.79883,2.83231,0.43085,2.17391,0.92,90,2,0,0,0,0,0,0,0,2.17391,2.22222,1.08696,2.17391,1.11111,2.22222,31238,34739,32988.5,1750.5,6.1285e+06,0.0530639,0,1,0.5,31238.2,32988.5,1750.5,31273,31413.1,31588.1,31938.2,32113.2,32288.3,32638.4,32988.5,33338.6,33688.7,33863.8,34038.8,34388.9,34563.9,34704,1750.5,1750.5,1750.5,32988.5,1750.5,0,0,0.0530639,0,0,33034.9,33081.1,51,0.554348,0.434044,0.0517581,0.269398,0.494067,39,0.423913,0.550673,0.0325257,0.500541,0.630424,2,0.0217391,2.76408,0.439643,2.32444,3.20372,0,0,0,0,0,0,0,0,0,0,0,0,0,0,0,0,0,0,51,0.554348,52014.7,2225.44,42445,55301,39,0.423913,52486.5,1541.56,48085,55301,2,0.0217391,32988.5,1750.5,31238,34739,0,0,0,0,0,0,0,0,0,0,0,0,0,0,0,0,0,0
17,11,175,-115,100,100,0,0,0,0,0,0,0,0,0,0,0,0,0,0,0,0,0,0,0,0,0,0,0,0,0,0,0,0,0,0,0,0,0,0,0,0,0,0,0,0,0,1,100,0,0,0,0,0,0,0,0,0,0,0,0,0,0,0,0,0,0,0,0,0,0,0,0,0,0,0,0,0,0,0,0,0,0,0,0,0,0,0,0,0,0,0,0,0,0,0,0,0,0,0,0,0,5,0.05,0.471562,0.0141771,0.45833,0.495022,95,0.95,0.711341,0.118592,0.502945,0.939733,0,0,0,0,0,0,0,0,0,0,0,0,0,0,0,0,0,0,0,0,0,0,0,0,5,0.05,53264.4,715.443,52511,54393,95,0.95,50971.5,1727.22,46950,55803,0,0,0,0,0,0,0,0,0,0,0,0,0,0,0,0,0,0,0,0,0,0,0,0
18,11,185,-115,90,90,0,0,0,0,0,0,0,0,0,0,0,0,0,0,0,0,0,0,0,0,0,0,0,0,0,0,0,0,0,0,0,0,0,0,0,0,0,0,0,0,0,0.9,90,0,0,0,0,0,0,0,0,0,0,0,0,0,0,0,0,0,0,0,0,0,0,0,0,0,0,0,0,0,0,0,0,0,0,0,0,0,0,0,0,0,0,0,0,0,0,0,0,0,0,0,0,0,0,0,0,0,0,0,90,1,1.02301,0.148821,0.738988,1.47468,0,0,0,0,0,0,0,0,0,0,0,0,0,0,0,0,0,0,0,0,0,0,0,0,0,0,0,0,0,0,90,1,50323.7,1527.68,46562,53359,0,0,0,0,0,0,0,0,0,0,0,0,0,0,0,0,0,0,0,0,0,0,0,0
19,11,195,-115,95,95,791.53,793.4,792.489,0.563434,0.330685,0.000710968,-0.00695169,1.80898,0.512715,792.25,792.49,1.04999,791.54,791.596,791.776,791.93,792.03,792.12,792.298,792.49,792.596,792.926,793.08,793.086,793.212,793.32,793.386,0.482049,0.482002,0.515601,792.489,0.3369,-0.00106209,0.000252835,0.000425116,-0.00315255,0.000750476,792.489,792.489,0.942941,26.3158,0.95,95,0,0,0,0,0,0,0,0,26.3158,26.3158,13.6842,15.7895,13.6842,15.7895,47463,54832,51177.4,1526.91,2.42859e+06,0.0298356,-0.0613861,3.42336,0.504063,47463.2,51040,2025,47741.4,48844.2,49764.6,50085,50152,50331.6,50920.8,51040,51382.2,52097.4,52177,52412.2,52845,53166.2,54448.2,1181.69,1167.76,3714.21,51177.4,877.407,-2.21391,162.95,0.0171444,-0.00252325,0.185718,51200.2,51222.9,0,0,0,0,0,0,70,0.736842,1.03178,0.164102,0.704766,1.53302,0,0,0,0,0,0,0,0,0,0,0,0,0,0,0,0,0,0,25,0.263158,792.489,0.563434,791.53,793.4,0,0,0,0,0,0,70,0.736842,50831.9,1639.47,47429,54299,0,0,0,0,0,0,0,0,0,0,0,0,0,0,0,0,0,0,25,0.263158,51177.4,1526.91,47463,54832
0,12,5,-125,95,95,0,0,0,0,0,0,0,0,0,0,0,0,0,0,0,0,0,0,0,0,0,0,0,0,0,0,0,0,0,0,0,0,0,0,0,0,0,0,0,0,0,0.95,95,0,0,0,0,0,0,0,0,0,0,0,0,0,0,0,0,0,0,0,0,0,0,0,0,0,0,0,0,0,0,0,0,0,0,0,0,0,0,0,0,0,0,0,0,0,0,0,0,0,0,0,0,0,16,0.168421,0.298483,0.126075,0.0999951,0.495691,79,0.831579,0.734402,0.102089,0.523444,0.963652,0,0,0,0,0,0,0,0,0,0,0,0,0,0,0,0,0,0,0,0,0,0,0,0,16,0.168421,52074.8,1725.81,49524,54537,79,0.831579,51505.4,1874.27,47817,56717,0,0,0,0,0,0,0,0,0,0,0,0,0,0,0,0,0,0,0,0,0,0,0,0
1,12,15,-125,83,83,0,0,0,0,0,0,0,0,0,0,0,0,0,0,0,0,0,0,0,0,0,0,0,0,0,0,0,0,0,0,0,0,0,0,0,0,0,0,0,0,0,0.83,83,0,0,0,0,0,0,0,0,0,0,0,0,0,0,0,0,0,0,0,0,0,0,0,0,0,0,0,0,0,0,0,0,0,0,0,0,0,0,0,0,0,0,0,0,0,0,0,0,0,0,0,0,0,2,0.0240964,0.48205,0.0171935,0.464857,0.499244,81,0.975904,0.69565,0.102074,0.523922,0.977639,0,0,0,0,0,0,0,0,0,0,0,0,0,0,0,0,0,0,0,0,0,0,0,0,2,0.0240964,54254.5,551.5,53703,54806,81,0.975904,51782.8,1944.69,46831,56335,0,0,0,0,0,0,0,0,0,0,0,0,0,0,0,0,0,0,0,0,0,0,0,0
2,12,25,-125,95,94,3.10381,3.10381,3.10381,0,0,0,0,0,0,3.25,3.10381,0,3.10381,3.10381,3.10381,3.10381,3.10381,3.10381,3.10381,3.10381,3.10381,3.10381,3.10381,3.10381,3.10381,3.10381,3.10381,0,0,0.146191,3.10381,0,0,0,0,0,0,3.10381,3.10381,0,1.05263,0.95,94,1,0,0,0,0,0,0,0,1.05263,1.06383,0,0,0,0,29030,29030,29030,0,0,0,0,0,0,29030.2,29030,0,29030,29030,29030,29030,29030,29030,29030,29030,29030,29030,29030,29030,29030,29030,29030,0,0,0.25,29030,0,0,0,0,0,0,29030,29030,8,0.0842105,0.476391,0.0139775,0.452298,0.498678,86,0.905263,0.647727,0.077264,0.501147,0.865453,1,0.0105263,3.10381,0,3.10381,3.10381,0,0,0,0,0,0,0,0,0,0,0,0,0,0,0,0,0,0,8,0.0842105,51835.9,877.705,50505,53328,86,0.905263,51371.3,1743.77,45815,56210,1,0.0105263,29030,0,29030,29030,0,0,0,0,0,0,0,0,0,0,0,0,0,0,0,0,0,0
3,12,35,-125,95,95,0,0,0,0,0,0,0,0,0,0,0,0,0,0,0,0,0,0,0,0,0,0,0,0,0,0,0,0,0,0,0,0,0,0,0,0,0,0,0,0,0,0.95,95,0,0,0,0,0,0,0,0,0,0,0,0,0,0,0,0,0,0,0,0,0,0,0,0,0,0,0,0,0,0,0,0,0,0,0,0,0,0,0,0,0,0,0,0,0,0,0,0,0,0,0,0,0,0,0,0,0,0,0,95,1,0.649848,0.0579102,0.534084,0.773424,0,0,0,0,0,0,0,0,0,0,0,0,0,0,0,0,0,0,0,0,0,0,0,0,0,0,0,0,0,0,95,1,51085.5,1519.56,47219,54424,0,0,0,0,0,0,0,0,0,0,0,0,0,0,0,0,0,0,0,0,0,0,0,0
4,12,45,-125,89,89,0,0,0,0,0,0,0,0,0,0,0,0,0,0,0,0,0,0,0,0,0,0,0,0,0,0,0,0,0,0,0,0,0,0,0,0,0,0,0,0,0,0.89,89,0,0,0,0,0,0,0,0,0,0,0,0,0,0,0,0,0,0,0,0,0,0,0,0,0,0,0,0,0,0,0,0,0,0,0,0,0,0,0,0,0,0,0,0,0,0,0,0,0,0,0,0,0,0,0,0,0,0,0,89,1,0.667747,0.0812679,0.505759,0.918158,0,0,0,0,0,0,0,0,0,0,0,0,0,0,0,0,0,0,0,0,0,0,0,0,0,0,0,0,0,0,89,1,50837.6,1346.54,46980,54675,0,0,0,0,0,0,0,0,0,0,0,0,0,0,0,0,0,0,0,0,0,0,0,0
5,12,55,-125,89,89,0,0,0,0,0,0,0,0,0,0,0,0,0,0,0,0,0,0,0,0,0,0,0,0,0,0,0,0,0,0,0,0,0,0,0,0,0,0,0,0,0,0.89,89,0,0,0,0,0,0,0,0,0,0,0,0,0,0,0,0,0,0,0,0,0,0,0,0,0,0,0,0,0,0,0,0,0,0,0,0,0,0,0,0,0,0,0,0,0,0,0,0,0,0,0,0,0,0,0,0,0,0,0,89,1,0.701151,0.0705083,0.561341,0.840874,0,0,0,0,0,0,0,0,0,0,0,0,0,0,0,0,0,0,0,0,0,0,0,0,0,0,0,0,0,0,89,1,50703.5,1476.45,47727,54800,0,0,0,0,0,0,0,0,0,0,0,0,0,0,0,0,0,0,0,0,0,0,0,0
6,12,65,-125,96,96,0,0,0,0,0,0,0,0,0,0,0,0,0,0,0,0,0,0,0,0,0,0,0,0,0,0,0,0,0,0,0,0,0,0,0,0,0,0,0,0,0,0.96,96,0,0,0,0,0,0,0,0,0,0,0,0,0,0,0,0,0,0,0,0,0,0,0,0,0,0,0,0,0,0,0,0,0,0,0,0,0,0,0,0,0,0,0,0,0,0,0,0,0,0,0,0,0,13,0.135417,0.456564,0.0323915,0.396966,0.492167,83,0.864583,0.588521,0.0536177,0.501518,0.72585,0,0,0,0,0,0,0,0,0,0,0,0,0,0,0,0,0,0,0,0,0,0,0,0,13,0.135417,50662.3,1284.85,48534,53233,83,0.864583,51030,1604.37,47130,55140,0,0,0,0,0,0,0,0,0,0,0,0,0,0,0,0,0,0,0,0,0,0,0,0
7,12,75,-125,87,87,0,0,0,0,0,0,0,0,0,0,0,0,0,0,0,0,0,0,0,0,0,0,0,0,0,0,0,0,0,0,0,0,0,0,0,0,0,0,0,0,0,0.87,87,0,0,0,0,0,0,0,0,0,0,0,0,0,0,0,0,0,0,0,0,0,0,0,0,0,0,0,0,0,0,0,0,0,0,0,0,0,0,0,0,0,0,0,0,0,0,0,0,0,0,0,0,0,33,0.37931,0.452245,0.0398664,0.301061,0.499702,54,0.62069,0.54566,0.0384634,0.500287,0.646588,0,0,0,0,0,0,0,0,0,0,0,0,0,0,0,0,0,0,0,0,0,0,0,0,33,0.37931,51603.2,1572.08,48176,54706,54,0.62069,51633.3,1810.99,48176,54800,0,0,0,0,0,0,0,0,0,0,0,0,0,0,0,0,0,0,0,0,0,0,0,0
8,12,85,-125,84,84,0,0,0,0,0,0,0,0,0,0,0,0,0,0,0,0,0,0,0,0,0,0,0,0,0,0,0,0,0,0,0,0,0,0,0,0,0,0,0,0,0,0.84,84,0,0,0,0,0,0,0,0,0,0,0,0,0,0,0,0,0,0,0,0,0,0,0,0,0,0,0,0,0,0,0,0,0,0,0,0,0,0,0,0,0,0,0,0,0,0,0,0,0,0,0,0,0,63,0.75,0.418558,0.0525449,0.26323,0.497482,21,0.25,0.54073,0.0276828,0.510167,0.608608,0,0,0,0,0,0,0,0,0,0,0,0,0,0,0,0,0,0,0,0,0,0,0,0,63,0.75,50874.2,1439.88,47877,53703,21,0.25,50606.3,1354.77,47787,53296,0,0,0,0,0,0,0,0,0,0,0,0,0,0,0,0,0,0,0,0,0,0,0,0
9,12,95,-125,93,93,0,0,0,0,0,0,0,0,0,0,0,0,0,0,0,0,0,0,0,0,0,0,0,0,0,0,0,0,0,0,0,0,0,0,0,0,0,0,0,0,0,0.93,93,0,0,0,0,0,0,0,0,0,0,0,0,0,0,0,0,0,0,0,0,0,0,0,0,0,0,0,0,0,0,0,0,0,0,0,0,0,0,0,0,0,0,0,0,0,0,0,0,0,0,0,0,0,76,0.817204,0.406991,0.0603694,0.260461,0.499216,17,0.182796,0.536623,0.036632,0.503183,0.655523,0,0,0,0,0,0,0,0,0,0,0,0,0,0,0,0,0,0,0,0,0,0,0,0,76,0.817204,50573.7,1582.03,47130,53892,17,0.182796,50872.8,1785.61,47309,53854,0,0,0,0,0,0,0,0,0,0,0,0,0,0,0,0,0,0,0,0,0,0,0,0
10,12,105,-125,98,98,0,0,0,0,0,0,0,0,0,0,0,0,0,0,0,0,0,0,0,0,0,0,0,0,0,0,0,0,0,0,0,0,0,0,0,0,0,0,0,0,0,0.98,98,0,0,0,0,0,0,0,0,0,0,0,0,0,0,0,0,0,0,0,0,0,0,0,0,0,0,0,0,0,0,0,0,0,0,0,0,0,0,0,0,0,0,0,0,0,0,0,0,0,0,0,0,0,92,0.938776,0.39181,0.0569793,0.213687,0.489705,6,0.0612245,0.536541,0.0311092,0.5045,0.584228,0,0,0,0,0,0,0,0,0,0,0,0,0,0,0,0,0,0,0,0,0,0,0,0,92,0.938776,52339.4,1548.21,48892,55701,6,0.0612245,51679.2,1309.36,50288,54105,0,0,0,0,0,0,0,0,0,0,0,0,0,0,0,0,0,0,0,0,0,0,0,0
11,12,115,-125,96,96,0,0,0,0,0,0,0,0,0,0,0,0,0,0,0,0,0,0,0,0,0,0,0,0,0,0,0,0,0,0,0,0,0,0,0,0,0,0,0,0,0,0.96,96,0,0,0,0,0,0,0,0,0,0,0,0,0,0,0,0,0,0,0,0,0,0,0,0,0,0,0,0,0,0,0,0,0,0,0,0,0,0,0,0,0,0,0,0,0,0,0,0,0,0,0,0,0,80,0.833333,0.417996,0.0480898,0.264263,0.499191,16,0.166667,0.54974,0.0275433,0.510978,0.609059,0,0,0,0,0,0,0,0,0,0,0,0,0,0,0,0,0,0,0,0,0,0,0,0,80,0.833333,52867.6,1561.84,48444,55614,16,0.166667,52253.1,1961.3,48772,55082,0,0,0,0,0,0,0,0,0,0,0,0,0,0,0,0,0,0,0,0,0,0,0,0
12,12,125,-125,90,90,0,0,0,0,0,0,0,0,0,0,0,0,0,0,0,0,0,0,0,0,0,0,0,0,0,0,0,0,0,0,0,0,0,0,0,0,0,0,0,0,0,0.9,90,0,0,0,0,0,0,0,0,0,0,0,0,0,0,0,0,0,0,0,0,0,0,0,0,0,0,0,0,0,0,0,0,0,0,0,0,0,0,0,0,0,0,0,0,0,0,0,0,0,0,0,0,0,88,0.977778,0.388242,0.063645,0.223984,0.496925,2,0.0222222,0.521356,0.0106448,0.510712,0.532001,0,0,0,0,0,0,0,0,0,0,0,0,0,0,0,0,0,0,0,0,0,0,0,0,88,0.977778,52539.1,1645.16,49071,56658,2,0.0222222,51251.5,268.5,50983,51520,0,0,0,0,0,0,0,0,0,0,0,0,0,0,0,0,0,0,0,0,0,0,0,0
13,12,135,-125,94,94,0,0,0,0,0,0,0,0,0,0,0,0,0,0,0,0,0,0,0,0,0,0,0,0,0,0,0,0,0,0,0,0,0,0,0,0,0,0,0,0,0,0.94,94,0,0,0,0,0,0,0,0,0,0,0,0,0,0,0,0,0,0,0,0,0,0,0,0,0,0,0,0,0,0,0,0,0,0,0,0,0,0,0,0,0,0,0,0,0,0,0,0,0,0,0,0,0,90,0.957447,0.321704,0.0743146,0.131764,0.48892,4,0.0425532,0.521689,0.0185594,0.504377,0.550241,0,0,0,0,0,0,0,0,0,0,0,0,0,0,0,0,0,0,0,0,0,0,0,0,90,0.957447,51611.3,1661.24,47637,55991,4,0.0425532,52496.5,1385.94,50206,53917,0,0,0,0,0,0,0,0,0,0,0,0,0,0,0,0,0,0,0,0,0,0,0,0
14,12,145,-125,91,91,0,0,0,0,0,0,0,0,0,0,0,0,0,0,0,0,0,0,0,0,0,0,0,0,0,0,0,0,0,0,0,0,0,0,0,0,0,0,0,0,0,0.91,91,0,0,0,0,0,0,0,0,0,0,0,0,0,0,0,0,0,0,0,0,0,0,0,0,0,0,0,0,0,0,0,0,0,0,0,0,0,0,0,0,0,0,0,0,0,0,0,0,0,0,0,0,0,91,1,0.286552,0.056639,0.165392,0.450417,0,0,0,0,0,0,0,0,0,0,0,0,0,0,0,0,0,0,0,0,0,0,0,0,0,0,0,0,0,0,91,1,51968.1,1656.04,47697,55489,0,0,0,0,0,0,0,0,0,0,0,0,0,0,0,0,0,0,0,0,0,0,0,0,0,0,0,0,0,0
15,12,155,-125,91,91,0,0,0,0,0,0,0,0,0,0,0,0,0,0,0,0,0,0,0,0,0,0,0,0,0,0,0,0,0,0,0,0,0,0,0,0,0,0,0,0,0,0.91,91,0,0,0,0,0,0,0,0,0,0,0,0,0,0,0,0,0,0,0,0,0,0,0,0,0,0,0,0,0,0,0,0,0,0,0,0,0,0,0,0,0,0,0,0,0,0,0,0,0,0,0,0,0,89,0.978022,0.327193,0.0626922,0.226037,0.499098,2,0.021978,0.534643,0.0161863,0.518457,0.550829,0,0,0,0,0,0,0,0,0,0,0,0,0,0,0,0,0,0,0,0,0,0,0,0,89,0.978022,53324.2,1682.78,47847,57145,2,0.021978,53078,782,52296,53860,0,0,0,0,0,0,0,0,0,0,0,0,0,0,0,0,0,0,0,0,0,0,0,0
16,12,165,-125,89,89,0,0,0,0,0,0,0,0,0,0,0,0,0,0,0,0,0,0,0,0,0,0,0,0,0,0,0,0,0,0,0,0,0,0,0,0,0,0,0,0,0,0.89,89,0,0,0,0,0,0,0,0,0,0,0,0,0,0,0,0,0,0,0,0,0,0,0,0,0,0,0,0,0,0,0,0,0,0,0,0,0,0,0,0,0,0,0,0,0,0,0,0,0,0,0,0,0,55,0.617978,0.417032,0.0612796,0.255293,0.499601,34,0.382022,0.587427,0.0776936,0.50177,0.819408,0,0,0,0,0,0,0,0,0,0,0,0,0,0,0,0,0,0,0,0,0,0,0,0,55,0.617978,52834.6,1491.11,50087,56174,34,0.382022,52040.2,1729.34,48887,56868,0,0,0,0,0,0,0,0,0,0,0,0,0,0,0,0,0,0,0,0,0,0,0,0
17,12,175,-125,98,98,0,0,0,0,0,0,0,0,0,0,0,0,0,0,0,0,0,0,0,0,0,0,0,0,0,0,0,0,0,0,0,0,0,0,0,0,0,0,0,0,0,0.98,98,0,0,0,0,0,0,0,0,0,0,0,0,0,0,0,0,0,0,0,0,0,0,0,0,0,0,0,0,0,0,0,0,0,0,0,0,0,0,0,0,0,0,0,0,0,0,0,0,0,0,0,0,0,2,0.0204082,0.461055,0.0126287,0.448426,0.473684,96,0.979592,0.78387,0.116248,0.51757,1.05559,0,0,0,0,0,0,0,0,0,0,0,0,0,0,0,0,0,0,0,0,0,0,0,0,2,0.0204082,53515.5,1128.5,52387,54644,96,0.979592,50571.4,1367.98,47369,54167,0,0,0,0,0,0,0,0,0,0,0,0,0,0,0,0,0,0,0,0,0,0,0,0
18,12,185,-125,90,90,0,0,0,0,0,0,0,0,0,0,0,0,0,0,0,0,0,0,0,0,0,0,0,0,0,0,0,0,0,0,0,0,0,0,0,0,0,0,0,0,0,0.9,90,0,0,0,0,0,0,0,0,0,0,0,0,0,0,0,0,0,0,0,0,0,0,0,0,0,0,0,0,0,0,0,0,0,0,0,0,0,0,0,0,0,0,0,0,0,0,0,0,0,0,0,0,0,0,0,0,0,0,0,90,1,0.852604,0.0973484,0.637207,1.02215,0,0,0,0,0,0,0,0,0,0,0,0,0,0,0,0,0,0,0,0,0,0,0,0,0,0,0,0,0,0,90,1,50255,1665.86,46294,54136,0,0,0,0,0,0,0,0,0,0,0,0,0,0,0,0,0,0,0,0,0,0,0,0
19,12,195,-125,94,94,789.53,791.83,790.663,0.611649,0.389702,0.00077359,0.243214,2.23374,0.492512,790.25,790.68,0.910034,789.585,789.812,790.036,790.114,790.16,790.226,790.43,790.68,790.75,790.96,791.07,791.184,791.562,791.742,791.813,0.502463,0.5004,0.575999,790.663,0.361632,0.0269647,0.0281622,0.000457379,0.0745639,0.0778751,790.663,790.663,1.11211,26.5957,0.94,94,0,0,0,0,0,0,0,0,26.5957,26.5957,14.8936,15.9574,14.8936,15.9574,46588,52694,49195.3,1616.42,2.72168e+06,0.0328572,0.63893,2.69247,0.427003,47817.2,48659,2103,46681.1,47030.6,47452.6,47817,48115,48314.8,48488.6,48659,49330.6,49851.8,50218,50369.8,51764.2,52349.8,52612.9,1311.19,1279.8,1593.91,49195.3,936.177,149.939,121.51,0.0190298,0.160161,0.129794,49221.8,49248.7,0,0,0,0,0,0,69,0.734043,1.00942,0.142487,0.722651,1.43117,0,0,0,0,0,0,0,0,0,0,0,0,0,0,0,0,0,0,25,0.265957,790.663,0.611649,789.53,791.83,0,0,0,0,0,0,69,0.734043,49916.1,1838.56,46200,54795,0,0,0,0,0,0,0,0,0,0,0,0,0,0,0,0,0,0,25,0.265957,49195.3,1616.42,46588,52694
0,13,5,-135,93,93,0,0,0,0,0,0,0,0,0,0,0,0,0,0,0,0,0,0,0,0,0,0,0,0,0,0,0,0,0,0,0,0,0,0,0,0,0,0,0,0,0,0.93,93,0,0,0,0,0,0,0,0,0,0,0,0,0,0,0,0,0,0,0,0,0,0,0,0,0,0,0,0,0,0,0,0,0,0,0,0,0,0,0,0,0,0,0,0,0,0,0,0,0,0,0,0,0,7,0.0752688,0.262844,0.146543,-4.88281e-06,0.489971,86,0.924731,0.812292,0.136958,0.515406,1.17997,0,0,0,0,0,0,0,0,0,0,0,0,0,0,0,0,0,0,0,0,0,0,0,0,7,0.0752688,52000.9,1653.82,48772,54105,86,0.924731,52534.8,2119.65,48265,56648,0,0,0,0,0,0,0,0,0,0,0,0,0,0,0,0,0,0,0,0,0,0,0,0
1,13,15,-135,84,84,0,0,0,0,0,0,0,0,0,0,0,0,0,0,0,0,0,0,0,0,0,0,0,0,0,0,0,0,0,0,0,0,0,0,0,0,0,0,0,0,0,0.84,84,0,0,0,0,0,0,0,0,0,0,0,0,0,0,0,0,0,0,0,0,0,0,0,0,0,0,0,0,0,0,0,0,0,0,0,0,0,0,0,0,0,0,0,0,0,0,0,0,0,0,0,0,0,6,0.0714286,0.477153,0.0194536,0.441197,0.497276,78,0.928571,0.674641,0.0982997,0.506586,0.905021,0,0,0,0,0,0,0,0,0,0,0,0,0,0,0,0,0,0,0,0,0,0,0,0,6,0.0714286,49826.7,537.362,49066,50688,78,0.928571,49863.7,1373.31,45632,54237,0,0,0,0,0,0,0,0,0,0,0,0,0,0,0,0,0,0,0,0,0,0,0,0
2,13,25,-135,99,95,3.72598,4.9359,4.56615,0.492852,0.323871,0.107936,-1.05157,2.24299,0.694403,4.75,4.80137,0.446157,3.75536,3.87292,4.01986,4.31374,4.46068,4.60762,4.7439,4.80137,4.85884,4.90103,4.90684,4.91265,4.92428,4.93009,4.93474,0.420089,0.350373,0.350373,4.56615,0.318446,-0.235214,0.158808,0.0697405,-0.738632,0.498697,4.59268,4.61677,0.903206,4.0404,0.99,95,4,0,0,0,0,0,0,0,4.0404,4.21053,3.0303,2.0202,3.15789,2.10526,26476,37841,31403.5,4223.53,2.37842e+07,0.134492,0.451636,1.83298,0.433568,26476.2,30648.5,5089,26556.2,26877.1,27278.2,28080.4,28481.5,28882.6,29749.4,30648.5,31547.6,32716.4,33570.5,34424.6,36132.8,36986.9,37670.2,3590.5,3590.5,4927.38,31403.5,3091,755,593.5,0.0984285,0.244258,0.192009,31686.2,31972.7,14,0.141414,0.397603,0.078168,0.201574,0.494812,81,0.818182,0.677963,0.0846626,0.504117,0.876568,4,0.040404,4.56615,0.492852,3.72598,4.9359,0,0,0,0,0,0,0,0,0,0,0,0,0,0,0,0,0,0,14,0.141414,51034.9,1454.38,49430,54951,81,0.818182,50306.4,1859.09,43486,55082,4,0.040404,31403.5,4223.53,26476,37841,0,0,0,0,0,0,0,0,0,0,0,0,0,0,0,0,0,0
3,13,35,-135,94,94,0,0,0,0,0,0,0,0,0,0,0,0,0,0,0,0,0,0,0,0,0,0,0,0,0,0,0,0,0,0,0,0,0,0,0,0,0,0,0,0,0,0.94,94,0,0,0,0,0,0,0,0,0,0,0,0,0,0,0,0,0,0,0,0,0,0,0,0,0,0,0,0,0,0,0,0,0,0,0,0,0,0,0,0,0,0,0,0,0,0,0,0,0,0,0,0,0,8,0.0851064,0.450919,0.0277439,0.416297,0.497591,86,0.914894,0.66021,0.0841863,0.507514,0.840529,0,0,0,0,0,0,0,0,0,0,0,0,0,0,0,0,0,0,0,0,0,0,0,0,8,0.0851064,50882.8,1950.48,48127,54324,86,0.914894,50825.7,1468.87,47274,53823,0,0,0,0,0,0,0,0,0,0,0,0,0,0,0,0,0,0,0,0,0,0,0,0
4,13,45,-135,87,87,0,0,0,0,0,0,0,0,0,0,0,0,0,0,0,0,0,0,0,0,0,0,0,0,0,0,0,0,0,0,0,0,0,0,0,0,0,0,0,0,0,0.87,87,0,0,0,0,0,0,0,0,0,0,0,0,0,0,0,0,0,0,0,0,0,0,0,0,0,0,0,0,0,0,0,0,0,0,0,0,0,0,0,0,0,0,0,0,0,0,0,0,0,0,0,0,0,2,0.0229885,0.492797,0.00700904,0.485788,0.499806,85,0.977011,0.664217,0.0858316,0.524117,0.881615,0,0,0,0,0,0,0,0,0,0,0,0,0,0,0,0,0,0,0,0,0,0,0,0,2,0.0229885,51330.5,203.5,51127,51534,85,0.977011,50621.6,1371.12,48085,54356,0,0,0,0,0,0,0,0,0,0,0,0,0,0,0,0,0,0,0,0,0,0,0,0
5,13,55,-135,92,92,0,0,0,0,0,0,0,0,0,0,0,0,0,0,0,0,0,0,0,0,0,0,0,0,0,0,0,0,0,0,0,0,0,0,0,0,0,0,0,0,0,0.92,92,0,0,0,0,0,0,0,0,0,0,0,0,0,0,0,0,0,0,0,0,0,0,0,0,0,0,0,0,0,0,0,0,0,0,0,0,0,0,0,0,0,0,0,0,0,0,0,0,0,0,0,0,0,8,0.0869565,0.475383,0.0196291,0.438913,0.49585,84,0.913043,0.72744,0.101445,0.512329,0.950341,0,0,0,0,0,0,0,0,0,0,0,0,0,0,0,0,0,0,0,0,0,0,0,0,8,0.0869565,49305.5,2520.09,45846,53666,84,0.913043,50820.2,1429.5,46647,53478,0,0,0,0,0,0,0,0,0,0,0,0,0,0,0,0,0,0,0,0,0,0,0,0
6,13,65,-135,98,98,0,0,0,0,0,0,0,0,0,0,0,0,0,0,0,0,0,0,0,0,0,0,0,0,0,0,0,0,0,0,0,0,0,0,0,0,0,0,0,0,0,0.98,98,0,0,0,0,0,0,0,0,0,0,0,0,0,0,0,0,0,0,0,0,0,0,0,0,0,0,0,0,0,0,0,0,0,0,0,0,0,0,0,0,0,0,0,0,0,0,0,0,0,0,0,0,0,38,0.387755,0.439059,0.0377223,0.337964,0.497827,60,0.612245,0.595499,0.0762398,0.503527,0.852922,0,0,0,0,0,0,0,0,0,0,0,0,0,0,0,0,0,0,0,0,0,0,0,0,38,0.387755,51355.6,1597.14,47632,53948,60,0.612245,50723.8,1589.36,45995,53666,0,0,0,0,0,0,0,0,0,0,0,0,0,0,0,0,0,0,0,0,0,0,0,0
7,13,75,-135,87,87,0,0,0,0,0,0,0,0,0,0,0,0,0,0,0,0,0,0,0,0,0,0,0,0,0,0,0,0,0,0,0,0,0,0,0,0,0,0,0,0,0,0.87,87,0,0,0,0,0,0,0,0,0,0,0,0,0,0,0,0,0,0,0,0,0,0,0,0,0,0,0,0,0,0,0,0,0,0,0,0,0,0,0,0,0,0,0,0,0,0,0,0,0,0,0,0,0,29,0.333333,0.447244,0.049036,0.241314,0.494641,58,0.666667,0.571302,0.0462002,0.505171,0.697191,0,0,0,0,0,0,0,0,0,0,0,0,0,0,0,0,0,0,0,0,0,0,0,0,29,0.333333,51436,1313,48141,55171,58,0.666667,51465.1,1553.44,48559,54888,0,0,0,0,0,0,0,0,0,0,0,0,0,0,0,0,0,0,0,0,0,0,0,0
8,13,85,-135,90,90,0,0,0,0,0,0,0,0,0,0,0,0,0,0,0,0,0,0,0,0,0,0,0,0,0,0,0,0,0,0,0,0,0,0,0,0,0,0,0,0,0,0.9,90,0,0,0,0,0,0,0,0,0,0,0,0,0,0,0,0,0,0,0,0,0,0,0,0,0,0,0,0,0,0,0,0,0,0,0,0,0,0,0,0,0,0,0,0,0,0,0,0,0,0,0,0,0,50,0.555556,0.434654,0.0491564,0.260564,0.498911,40,0.444444,0.576509,0.0463612,0.502898,0.745504,0,0,0,0,0,0,0,0,0,0,0,0,0,0,0,0,0,0,0,0,0,0,0,0,50,0.555556,50650.4,1294.98,47936,53258,40,0.444444,50902.8,1510.13,47125,53729,0,0,0,0,0,0,0,0,0,0,0,0,0,0,0,0,0,0,0,0,0,0,0,0
9,13,95,-135,92,92,0,0,0,0,0,0,0,0,0,0,0,0,0,0,0,0,0,0,0,0,0,0,0,0,0,0,0,0,0,0,0,0,0,0,0,0,0,0,0,0,0,0.92,92,0,0,0,0,0,0,0,0,0,0,0,0,0,0,0,0,0,0,0,0,0,0,0,0,0,0,0,0,0,0,0,0,0,0,0,0,0,0,0,0,0,0,0,0,0,0,0,0,0,0,0,0,0,64,0.695652,0.414146,0.0472643,0.299235,0.492671,28,0.304348,0.56394,0.0387982,0.502705,0.643894,0,0,0,0,0,0,0,0,0,0,0,0,0,0,0,0,0,0,0,0,0,0,0,0,64,0.695652,50759.5,1169.78,48200,53885,28,0.304348,51040,1276.42,47428,53164,0,0,0,0,0,0,0,0,0,0,0,0,0,0,0,0,0,0,0,0,0,0,0,0
10,13,105,-135,100,100,0,0,0,0,0,0,0,0,0,0,0,0,0,0,0,0,0,0,0,0,0,0,0,0,0,0,0,0,0,0,0,0,0,0,0,0,0,0,0,0,0,1,100,0,0,0,0,0,0,0,0,0,0,0,0,0,0,0,0,0,0,0,0,0,0,0,0,0,0,0,0,0,0,0,0,0,0,0,0,0,0,0,0,0,0,0,0,0,0,0,0,0,0,0,0,0,64,0.64,0.390589,0.0639814,0.260405,0.498778,36,0.36,0.566275,0.0433157,0.503898,0.684048,0,0,0,0,0,0,0,0,0,0,0,0,0,0,0,0,0,0,0,0,0,0,0,0,64,0.64,51152.1,1378.91,46737,54074,36,0.36,51510.9,1444.87,48499,54262,0,0,0,0,0,0,0,0,0,0,0,0,0,0,0,0,0,0,0,0,0,0,0,0
11,13,115,-135,92,92,0,0,0,0,0,0,0,0,0,0,0,0,0,0,0,0,0,0,0,0,0,0,0,0,0,0,0,0,0,0,0,0,0,0,0,0,0,0,0,0,0,0.92,92,0,0,0,0,0,0,0,0,0,0,0,0,0,0,0,0,0,0,0,0,0,0,0,0,0,0,0,0,0,0,0,0,0,0,0,0,0,0,0,0,0,0,0,0,0,0,0,0,0,0,0,0,0,54,0.586957,0.424029,0.0540082,0.297924,0.49983,38,0.413043,0.565091,0.0466963,0.500548,0.682601,0,0,0,0,0,0,0,0,0,0,0,0,0,0,0,0,0,0,0,0,0,0,0,0,54,0.586957,51794.8,1299.57,49395,55077,38,0.413043,52383.2,1991.03,48111,56111,0,0,0,0,0,0,0,0,0,0,0,0,0,0,0,0,0,0,0,0,0,0,0,0
12,13,125,-135,92,92,0,0,0,0,0,0,0,0,0,0,0,0,0,0,0,0,0,0,0,0,0,0,0,0,0,0,0,0,0,0,0,0,0,0,0,0,0,0,0,0,0,0.92,92,0,0,0,0,0,0,0,0,0,0,0,0,0,0,0,0,0,0,0,0,0,0,0,0,0,0,0,0,0,0,0,0,0,0,0,0,0,0,0,0,0,0,0,0,0,0,0,0,0,0,0,0,0,68,0.73913,0.411886,0.0452602,0.317659,0.498284,24,0.26087,0.583841,0.0936655,0.506147,0.841506,0,0,0,0,0,0,0,0,0,0,0,0,0,0,0,0,0,0,0,0,0,0,0,0,68,0.73913,51894,1945.88,48797,56645,24,0.26087,51769.6,1948.2,48827,56174,0,0,0,0,0,0,0,0,0,0,0,0,0,0,0,0,0,0,0,0,0,0,0,0
13,13,135,-135,95,95,0,0,0,0,0,0,0,0,0,0,0,0,0,0,0,0,0,0,0,0,0,0,0,0,0,0,0,0,0,0,0,0,0,0,0,0,0,0,0,0,0,0.95,95,0,0,0,0,0,0,0,0,0,0,0,0,0,0,0,0,0,0,0,0,0,0,0,0,0,0,0,0,0,0,0,0,0,0,0,0,0,0,0,0,0,0,0,0,0,0,0,0,0,0,0,0,0,81,0.852632,0.367668,0.0670002,0.182598,0.475099,14,0.147368,0.57384,0.0822726,0.504818,0.797526,0,0,0,0,0,0,0,0,0,0,0,0,0,0,0,0,0,0,0,0,0,0,0,0,81,0.852632,53006.9,1948.63,48021,57961,14,0.147368,52270.4,2063.96,49066,56323,0,0,0,0,0,0,0,0,0,0,0,0,0,0,0,0,0,0,0,0,0,0,0,0
14,13,145,-135,92,92,0,0,0,0,0,0,0,0,0,0,0,0,0,0,0,0,0,0,0,0,0,0,0,0,0,0,0,0,0,0,0,0,0,0,0,0,0,0,0,0,0,0.92,92,0,0,0,0,0,0,0,0,0,0,0,0,0,0,0,0,0,0,0,0,0,0,0,0,0,0,0,0,0,0,0,0,0,0,0,0,0,0,0,0,0,0,0,0,0,0,0,0,0,0,0,0,0,92,1,0.328624,0.0744644,0.153902,0.498057,0,0,0,0,0,0,0,0,0,0,0,0,0,0,0,0,0,0,0,0,0,0,0,0,0,0,0,0,0,0,92,1,52594,1825.44,48111,56206,0,0,0,0,0,0,0,0,0,0,0,0,0,0,0,0,0,0,0,0,0,0,0,0,0,0,0,0,0,0
15,13,155,-135,96,96,0,0,0,0,0,0,0,0,0,0,0,0,0,0,0,0,0,0,0,0,0,0,0,0,0,0,0,0,0,0,0,0,0,0,0,0,0,0,0,0,0,0.96,96,0,0,0,0,0,0,0,0,0,0,0,0,0,0,0,0,0,0,0,0,0,0,0,0,0,0,0,0,0,0,0,0,0,0,0,0,0,0,0,0,0,0,0,0,0,0,0,0,0,0,0,0,0,92,0.958333,0.386358,0.0525532,0.25931,0.485347,4,0.0416667,0.523651,0.0160606,0.50686,0.550103,0,0,0,0,0,0,0,0,0,0,0,0,0,0,0,0,0,0,0,0,0,0,0,0,92,0.958333,52642.2,1775.12,48409,56206,4,0.0416667,52395.8,1166.02,50500,53575,0,0,0,0,0,0,0,0,0,0,0,0,0,0,0,0,0,0,0,0,0,0,0,0
16,13,165,-135,92,92,0,0,0,0,0,0,0,0,0,0,0,0,0,0,0,0,0,0,0,0,0,0,0,0,0,0,0,0,0,0,0,0,0,0,0,0,0,0,0,0,0,0.92,92,0,0,0,0,0,0,0,0,0,0,0,0,0,0,0,0,0,0,0,0,0,0,0,0,0,0,0,0,0,0,0,0,0,0,0,0,0,0,0,0,0,0,0,0,0,0,0,0,0,0,0,0,0,49,0.532609,0.426439,0.0601081,0.290804,0.499864,43,0.467391,0.548212,0.0446656,0.50251,0.643869,0,0,0,0,0,0,0,0,0,0,0,0,0,0,0,0,0,0,0,0,0,0,0,0,49,0.532609,52075,1882.93,47125,56645,43,0.467391,50850.1,1620.44,47424,54199,0,0,0,0,0,0,0,0,0,0,0,0,0,0,0,0,0,0,0,0,0,0,0,0
17,13,175,-135,95,95,0,0,0,0,0,0,0,0,0,0,0,0,0,0,0,0,0,0,0,0,0,0,0,0,0,0,0,0,0,0,0,0,0,0,0,0,0,0,0,0,0,0.95,95,0,0,0,0,0,0,0,0,0,0,0,0,0,0,0,0,0,0,0,0,0,0,0,0,0,0,0,0,0,0,0,0,0,0,0,0,0,0,0,0,0,0,0,0,0,0,0,0,0,0,0,0,0,1,0.0105263,0.486809,0,0.486809,0.486809,94,0.989474,0.877745,0.333745,0.502012,1.78769,0,0,0,0,0,0,0,0,0,0,0,0,0,0,0,0,0,0,0,0,0,0,0,0,1,0.0105263,48200,0,48200,48200,94,0.989474,51045.5,2186.01,45641,55829,0,0,0,0,0,0,0,0,0,0,0,0,0,0,0,0,0,0,0,0,0,0,0,0
18,13,185,-135,90,88,4.05851,4.5693,4.31391,0.255392,0.13045,0.0592019,0,1,0.5,4.25,4.31391,0.255391,4.06362,4.08405,4.10959,4.16067,4.18621,4.21175,4.26283,4.31391,4.36498,4.41606,4.4416,4.46714,4.51822,4.54376,4.56419,0.255392,0.255392,0.255392,4.31391,0.255392,0,0,0.0592019,0,0,4.32146,4.32897,0.250284,2.22222,0.9,88,2,0,0,0,0,0,0,0,2.22222,2.27273,1.11111,1.11111,1.13636,1.13636,23622,34575,29098.5,5476.5,5.99841e+07,0.188206,0,1,0.5,23622.2,29098.5,5476.5,23731.5,24169.7,24717.3,25812.6,26360.2,26907.9,28003.2,29098.5,30193.8,31289.1,31836.8,32384.4,33479.7,34027.4,34465.5,5476.5,5476.5,5476.5,29098.5,5476.5,0,0,0.188206,0,0,29609.4,30094.7,0,0,0,0,0,0,88,0.977778,0.83692,0.181431,0.558191,1.58791,2,0.0222222,4.31391,0.255392,4.05851,4.5693,0,0,0,0,0,0,0,0,0,0,0,0,0,0,0,0,0,0,0,0,0,0,0,0,88,0.977778,50142.5,2077.63,41570,56645,2,0.0222222,29098.5,5476.5,23622,34575,0,0,0,0,0,0,0,0,0,0,0,0,0,0,0,0,0,0
19,13,195,-135,104,104,787.79,789.6,788.819,0.45989,0.219052,0.00058301,-0.278491,2.37235,0.568694,788.75,788.84,0.619995,787.866,788.112,788.19,788.416,788.52,788.61,788.756,788.84,788.996,789.094,789.14,789.18,789.414,789.53,789.592,0.376577,0.375863,0.383109,788.819,0.270888,-0.0182578,0.0259341,0.000343409,-0.0674,0.0957373,788.819,788.82,1.01886,27.8846,1.04,104,0,0,0,0,0,0,0,0,27.8846,27.8846,14.4231,16.3462,14.4231,16.3462,47662,54983,50941,1674.63,2.90455e+06,0.0328739,0.337614,3.23416,0.44789,50410.2,50828,1630,47794.7,48138,49048.2,49837,50061,50192,50410,50828,51245.8,51680.6,51691,51778,53010,54117.4,54789.8,1284.62,1280.72,1322.97,50941,951.133,47.3235,202.181,0.0186713,0.0497549,0.212569,50968.5,50996.2,0,0,0,0,0,0,75,0.721154,1.01061,0.128306,0.808202,1.41367,0,0,0,0,0,0,0,0,0,0,0,0,0,0,0,0,0,0,29,0.278846,788.819,0.45989,787.79,789.6,0,0,0,0,0,0,75,0.721154,50249.4,1636.93,46796,54763,0,0,0,0,0,0,0,0,0,0,0,0,0,0,0,0,0,0,29,0.278846,50941,1674.63,47662,54983
0,14,5,-145,97,97,0,0,0,0,0,0,0,0,0,0,0,0,0,0,0,0,0,0,0,0,0,0,0,0,0,0,0,0,0,0,0,0,0,0,0,0,0,0,0,0,0,0.97,97,0,0,0,0,0,0,0,0,0,0,0,0,0,0,0,0,0,0,0,0,0,0,0,0,0,0,0,0,0,0,0,0,0,0,0,0,0,0,0,0,0,0,0,0,0,0,0,0,0,0,0,0,0,5,0.0515464,0.357873,0.118986,0.129988,0.460007,92,0.948454,0.733032,0.141783,0.520007,1.31001,0,0,0,0,0,0,0,0,0,0,0,0,0,0,0,0,0,0,0,0,0,0,0,0,5,0.0515464,53156,1191.57,51216,54544,92,0.948454,52573.2,1784.11,47483,56707,0,0,0,0,0,0,0,0,0,0,0,0,0,0,0,0,0,0,0,0,0,0,0,0
1,14,15,-145,85,85,0,0,0,0,0,0,0,0,0,0,0,0,0,0,0,0,0,0,0,0,0,0,0,0,0,0,0,0,0,0,0,0,0,0,0,0,0,0,0,0,0,0.85,85,0,0,0,0,0,0,0,0,0,0,0,0,0,0,0,0,0,0,0,0,0,0,0,0,0,0,0,0,0,0,0,0,0,0,0,0,0,0,0,0,0,0,0,0,0,0,0,0,0,0,0,0,0,0,0,0,0,0,0,85,1,0.695841,0.0715401,0.572814,0.889633,0,0,0,0,0,0,0,0,0,0,0,0,0,0,0,0,0,0,0,0,0,0,0,0,0,0,0,0,0,0,85,1,50342.8,1621.18,46468,53666,0,0,0,0,0,0,0,0,0,0,0,0,0,0,0,0,0,0,0,0,0,0,0,0
2,14,25,-145,100,100,0,0,0,0,0,0,0,0,0,0,0,0,0,0,0,0,0,0,0,0,0,0,0,0,0,0,0,0,0,0,0,0,0,0,0,0,0,0,0,0,0,1,100,0,0,0,0,0,0,0,0,0,0,0,0,0,0,0,0,0,0,0,0,0,0,0,0,0,0,0,0,0,0,0,0,0,0,0,0,0,0,0,0,0,0,0,0,0,0,0,0,0,0,0,0,0,6,0.06,0.465405,0.0227747,0.423533,0.49577,94,0.94,0.692416,0.0843629,0.504855,0.86867,0,0,0,0,0,0,0,0,0,0,0,0,0,0,0,0,0,0,0,0,0,0,0,0,6,0.06,50279.5,764.477,49096,51485,94,0.94,51067.6,1506.77,47274,54888,0,0,0,0,0,0,0,0,0,0,0,0,0,0,0,0,0,0,0,0,0,0,0,0
3,14,35,-145,92,92,0,0,0,0,0,0,0,0,0,0,0,0,0,0,0,0,0,0,0,0,0,0,0,0,0,0,0,0,0,0,0,0,0,0,0,0,0,0,0,0,0,0.92,92,0,0,0,0,0,0,0,0,0,0,0,0,0,0,0,0,0,0,0,0,0,0,0,0,0,0,0,0,0,0,0,0,0,0,0,0,0,0,0,0,0,0,0,0,0,0,0,0,0,0,0,0,0,1,0.0108696,0.483667,0,0.483667,0.483667,91,0.98913,0.703624,0.109938,0.507973,1.03829,0,0,0,0,0,0,0,0,0,0,0,0,0,0,0,0,0,0,0,0,0,0,0,0,1,0.0108696,51784,0,51784,51784,91,0.98913,50645.8,1465.99,46528,53823,0,0,0,0,0,0,0,0,0,0,0,0,0,0,0,0,0,0,0,0,0,0,0,0
4,14,45,-145,91,90,4.33029,4.33029,4.33029,0,0,0,0,0,0,4.25,4.33029,0,4.33029,4.33029,4.33029,4.33029,4.33029,4.33029,4.33029,4.33029,4.33029,4.33029,4.33029,4.33029,4.33029,4.33029,4.33029,0,0,0.0802927,4.33029,0,0,0,0,0,0,4.33029,4.33029,0,1.0989,0.91,90,1,0,0,0,0,0,0,0,1.0989,1.11111,0,1.0989,0,1.11111,24388,24388,24388,0,0,0,0,0,0,24388.2,24388,0,24388,24388,24388,24388,24388,24388,24388,24388,24388,24388,24388,24388,24388,24388,24388,0,0,0.25,24388,0,0,0,0,0,0,24388,24388,4,0.043956,0.478402,0.013147,0.465319,0.493494,86,0.945055,0.659205,0.0709565,0.508867,0.802254,1,0.010989,4.33029,0,4.33029,4.33029,0,0,0,0,0,0,0,0,0,0,0,0,0,0,0,0,0,0,4,0.043956,51384,986.301,50142,52889,86,0.945055,50878,1482.91,48559,56049,1,0.010989,24388,0,24388,24388,0,0,0,0,0,0,0,0,0,0,0,0,0,0,0,0,0,0
5,14,55,-145,88,88,0,0,0,0,0,0,0,0,0,0,0,0,0,0,0,0,0,0,0,0,0,0,0,0,0,0,0,0,0,0,0,0,0,0,0,0,0,0,0,0,0,0.88,88,0,0,0,0,0,0,0,0,0,0,0,0,0,0,0,0,0,0,0,0,0,0,0,0,0,0,0,0,0,0,0,0,0,0,0,0,0,0,0,0,0,0,0,0,0,0,0,0,0,0,0,0,0,0,0,0,0,0,0,88,1,0.736899,0.0992253,0.519597,0.937773,0,0,0,0,0,0,0,0,0,0,0,0,0,0,0,0,0,0,0,0,0,0,0,0,0,0,0,0,0,0,88,1,50983.4,1373.26,47662,54920,0,0,0,0,0,0,0,0,0,0,0,0,0,0,0,0,0,0,0,0,0,0,0,0
6,14,65,-145,104,104,0,0,0,0,0,0,0,0,0,0,0,0,0,0,0,0,0,0,0,0,0,0,0,0,0,0,0,0,0,0,0,0,0,0,0,0,0,0,0,0,0,1.04,104,0,0,0,0,0,0,0,0,0,0,0,0,0,0,0,0,0,0,0,0,0,0,0,0,0,0,0,0,0,0,0,0,0,0,0,0,0,0,0,0,0,0,0,0,0,0,0,0,0,0,0,0,0,31,0.298077,0.458816,0.0264919,0.396876,0.499013,73,0.701923,0.572213,0.0423353,0.500027,0.694094,0,0,0,0,0,0,0,0,0,0,0,0,0,0,0,0,0,0,0,0,0,0,0,0,31,0.298077,51103.5,1596.42,48499,53792,73,0.701923,50256.7,1395.82,47782,53603,0,0,0,0,0,0,0,0,0,0,0,0,0,0,0,0,0,0,0,0,0,0,0,0
7,14,75,-145,84,84,0,0,0,0,0,0,0,0,0,0,0,0,0,0,0,0,0,0,0,0,0,0,0,0,0,0,0,0,0,0,0,0,0,0,0,0,0,0,0,0,0,0.84,84,0,0,0,0,0,0,0,0,0,0,0,0,0,0,0,0,0,0,0,0,0,0,0,0,0,0,0,0,0,0,0,0,0,0,0,0,0,0,0,0,0,0,0,0,0,0,0,0,0,0,0,0,0,39,0.464286,0.406272,0.0681296,0.233939,0.499276,45,0.535714,0.664592,0.134529,0.500464,1.0577,0,0,0,0,0,0,0,0,0,0,0,0,0,0,0,0,0,0,0,0,0,0,0,0,39,0.464286,50815.6,1547.92,48230,53540,45,0.535714,50426.3,1247.31,48320,53001,0,0,0,0,0,0,0,0,0,0,0,0,0,0,0,0,0,0,0,0,0,0,0,0
8,14,85,-145,87,87,0,0,0,0,0,0,0,0,0,0,0,0,0,0,0,0,0,0,0,0,0,0,0,0,0,0,0,0,0,0,0,0,0,0,0,0,0,0,0,0,0,0.87,87,0,0,0,0,0,0,0,0,0,0,0,0,0,0,0,0,0,0,0,0,0,0,0,0,0,0,0,0,0,0,0,0,0,0,0,0,0,0,0,0,0,0,0,0,0,0,0,0,0,0,0,0,0,34,0.390805,0.437166,0.0435528,0.32461,0.496256,53,0.609195,0.595195,0.063518,0.500084,0.710633,0,0,0,0,0,0,0,0,0,0,0,0,0,0,0,0,0,0,0,0,0,0,0,0,34,0.390805,50863.8,1733.48,47573,54411,53,0.609195,50968.1,1451.11,47679,53478,0,0,0,0,0,0,0,0,0,0,0,0,0,0,0,0,0,0,0,0,0,0,0,0
9,14,95,-145,94,94,0,0,0,0,0,0,0,0,0,0,0,0,0,0,0,0,0,0,0,0,0,0,0,0,0,0,0,0,0,0,0,0,0,0,0,0,0,0,0,0,0,0.94,94,0,0,0,0,0,0,0,0,0,0,0,0,0,0,0,0,0,0,0,0,0,0,0,0,0,0,0,0,0,0,0,0,0,0,0,0,0,0,0,0,0,0,0,0,0,0,0,0,0,0,0,0,0,27,0.287234,0.460284,0.0253539,0.415301,0.499701,67,0.712766,0.593211,0.058415,0.500246,0.694755,0,0,0,0,0,0,0,0,0,0,0,0,0,0,0,0,0,0,0,0,0,0,0,0,27,0.287234,51292.1,1147.46,48857,53101,67,0.712766,50772.6,1482.31,47359,54256,0,0,0,0,0,0,0,0,0,0,0,0,0,0,0,0,0,0,0,0,0,0,0,0
10,14,105,-145,94,94,0,0,0,0,0,0,0,0,0,0,0,0,0,0,0,0,0,0,0,0,0,0,0,0,0,0,0,0,0,0,0,0,0,0,0,0,0,0,0,0,0,0.94,94,0,0,0,0,0,0,0,0,0,0,0,0,0,0,0,0,0,0,0,0,0,0,0,0,0,0,0,0,0,0,0,0,0,0,0,0,0,0,0,0,0,0,0,0,0,0,0,0,0,0,0,0,0,38,0.404255,0.448309,0.0420276,0.340546,0.498388,56,0.595745,0.576177,0.0538399,0.50091,0.741221,0,0,0,0,0,0,0,0,0,0,0,0,0,0,0,0,0,0,0,0,0,0,0,0,38,0.404255,50826.5,1399.6,48021,53535,56,0.595745,50149,1602.85,45806,53503,0,0,0,0,0,0,0,0,0,0,0,0,0,0,0,0,0,0,0,0,0,0,0,0
11,14,115,-145,91,91,0,0,0,0,0,0,0,0,0,0,0,0,0,0,0,0,0,0,0,0,0,0,0,0,0,0,0,0,0,0,0,0,0,0,0,0,0,0,0,0,0,0.91,91,0,0,0,0,0,0,0,0,0,0,0,0,0,0,0,0,0,0,0,0,0,0,0,0,0,0,0,0,0,0,0,0,0,0,0,0,0,0,0,0,0,0,0,0,0,0,0,0,0,0,0,0,0,55,0.604396,0.403491,0.0590606,0.282159,0.495297,36,0.395604,0.560784,0.0475738,0.501806,0.675598,0,0,0,0,0,0,0,0,0,0,0,0,0,0,0,0,0,0,0,0,0,0,0,0,55,0.604396,51933.1,1523.07,47926,54601,36,0.395604,51319.2,1480.27,48792,53817,0,0,0,0,0,0,0,0,0,0,0,0,0,0,0,0,0,0,0,0,0,0,0,0
12,14,125,-145,96,95,2.47485,2.47485,2.47485,0,0,0,0,0,0,2.25,2.47485,0,2.47485,2.47485,2.47485,2.47485,2.47485,2.47485,2.47485,2.47485,2.47485,2.47485,2.47485,2.47485,2.47485,2.47485,2.47485,0,0,0.224851,2.47485,0,0,0,0,0,0,2.47485,2.47485,0,1.04167,0.96,95,1,0,0,0,0,0,0,0,1.04167,1.05263,0,1.04167,0,1.05263,31058,31058,31058,0,0,0,0,0,0,31058.2,31058,0,31058,31058,31058,31058,31058,31058,31058,31058,31058,31058,31058,31058,31058,31058,31058,0,0,0.25,31058,0,0,0,0,0,0,31058,31058,48,0.5,0.44139,0.033648,0.342235,0.495997,47,0.489583,0.573905,0.0540692,0.500903,0.719999,1,0.0104167,2.47485,0,2.47485,2.47485,0,0,0,0,0,0,0,0,0,0,0,0,0,0,0,0,0,0,48,0.5,50624.5,1632.7,45334,54199,47,0.489583,51203.4,1400.6,48738,54538,1,0.0104167,31058,0,31058,31058,0,0,0,0,0,0,0,0,0,0,0,0,0,0,0,0,0,0
13,14,135,-145,97,97,0,0,0,0,0,0,0,0,0,0,0,0,0,0,0,0,0,0,0,0,0,0,0,0,0,0,0,0,0,0,0,0,0,0,0,0,0,0,0,0,0,0.97,97,0,0,0,0,0,0,0,0,0,0,0,0,0,0,0,0,0,0,0,0,0,0,0,0,0,0,0,0,0,0,0,0,0,0,0,0,0,0,0,0,0,0,0,0,0,0,0,0,0,0,0,0,0,85,0.876289,0.387585,0.0604451,0.224812,0.492134,12,0.123711,0.524673,0.0159688,0.504909,0.558139,0,0,0,0,0,0,0,0,0,0,0,0,0,0,0,0,0,0,0,0,0,0,0,0,85,0.876289,51937.4,1767.02,48315,56483,12,0.123711,50779.9,1411.98,47777,53481,0,0,0,0,0,0,0,0,0,0,0,0,0,0,0,0,0,0,0,0,0,0,0,0
14,14,145,-145,88,88,0,0,0,0,0,0,0,0,0,0,0,0,0,0,0,0,0,0,0,0,0,0,0,0,0,0,0,0,0,0,0,0,0,0,0,0,0,0,0,0,0,0.88,88,0,0,0,0,0,0,0,0,0,0,0,0,0,0,0,0,0,0,0,0,0,0,0,0,0,0,0,0,0,0,0,0,0,0,0,0,0,0,0,0,0,0,0,0,0,0,0,0,0,0,0,0,0,84,0.954545,0.359421,0.0649899,0.251754,0.495586,4,0.0454545,0.528412,0.0168956,0.510913,0.556118,0,0,0,0,0,0,0,0,0,0,0,0,0,0,0,0,0,0,0,0,0,0,0,0,84,0.954545,52588.7,1730.71,49185,58050,4,0.0454545,53630,886.988,52594,54946,0,0,0,0,0,0,0,0,0,0,0,0,0,0,0,0,0,0,0,0,0,0,0,0
15,14,155,-145,94,94,0,0,0,0,0,0,0,0,0,0,0,0,0,0,0,0,0,0,0,0,0,0,0,0,0,0,0,0,0,0,0,0,0,0,0,0,0,0,0,0,0,0.94,94,0,0,0,0,0,0,0,0,0,0,0,0,0,0,0,0,0,0,0,0,0,0,0,0,0,0,0,0,0,0,0,0,0,0,0,0,0,0,0,0,0,0,0,0,0,0,0,0,0,0,0,0,0,83,0.882979,0.362599,0.0753953,0.209665,0.497505,11,0.117021,0.558125,0.0556286,0.503379,0.668882,0,0,0,0,0,0,0,0,0,0,0,0,0,0,0,0,0,0,0,0,0,0,0,0,83,0.882979,52131.9,1741.8,47300,56201,11,0.117021,51321,1671.57,48822,55071,0,0,0,0,0,0,0,0,0,0,0,0,0,0,0,0,0,0,0,0,0,0,0,0
16,14,165,-145,97,97,0,0,0,0,0,0,0,0,0,0,0,0,0,0,0,0,0,0,0,0,0,0,0,0,0,0,0,0,0,0,0,0,0,0,0,0,0,0,0,0,0,0.97,97,0,0,0,0,0,0,0,0,0,0,0,0,0,0,0,0,0,0,0,0,0,0,0,0,0,0,0,0,0,0,0,0,0,0,0,0,0,0,0,0,0,0,0,0,0,0,0,0,0,0,0,0,0,26,0.268041,0.431065,0.0489531,0.314766,0.495572,71,0.731959,0.61165,0.0788414,0.500393,0.836092,0,0,0,0,0,0,0,0,0,0,0,0,0,0,0,0,0,0,0,0,0,0,0,0,26,0.268041,52741.9,1576.7,48525,55735,71,0.731959,51172.1,1555.75,47777,54884,0,0,0,0,0,0,0,0,0,0,0,0,0,0,0,0,0,0,0,0,0,0,0,0
17,14,175,-145,92,92,0,0,0,0,0,0,0,0,0,0,0,0,0,0,0,0,0,0,0,0,0,0,0,0,0,0,0,0,0,0,0,0,0,0,0,0,0,0,0,0,0,0.92,92,0,0,0,0,0,0,0,0,0,0,0,0,0,0,0,0,0,0,0,0,0,0,0,0,0,0,0,0,0,0,0,0,0,0,0,0,0,0,0,0,0,0,0,0,0,0,0,0,0,0,0,0,0,2,0.0217391,0.487532,0.0116386,0.475893,0.499171,90,0.978261,0.734561,0.126283,0.543706,1.34338,0,0,0,0,0,0,0,0,0,0,0,0,0,0,0,0,0,0,0,0,0,0,0,0,2,0.0217391,49404.5,492.5,48912,49897,90,0.978261,50576.3,1834.38,45866,55140,0,0,0,0,0,0,0,0,0,0,0,0,0,0,0,0,0,0,0,0,0,0,0,0
18,14,185,-145,90,90,0,0,0,0,0,0,0,0,0,0,0,0,0,0,0,0,0,0,0,0,0,0,0,0,0,0,0,0,0,0,0,0,0,0,0,0,0,0,0,0,0,0.9,90,0,0,0,0,0,0,0,0,0,0,0,0,0,0,0,0,0,0,0,0,0,0,0,0,0,0,0,0,0,0,0,0,0,0,0,0,0,0,0,0,0,0,0,0,0,0,0,0,0,0,0,0,0,0,0,0,0,0,0,90,1,0.852124,0.244152,0.555399,1.94384,0,0,0,0,0,0,0,0,0,0,0,0,0,0,0,0,0,0,0,0,0,0,0,0,0,0,0,0,0,0,90,1,51007,1830.7,47210,56451,0,0,0,0,0,0,0,0,0,0,0,0,0,0,0,0,0,0,0,0,0,0,0,0
19,14,195,-145,106,106,786.81,788.55,787.62,0.407167,0.172993,0.000516959,0.475587,2.74317,0.465282,787.75,787.53,0.517456,786.893,787.174,787.2,787.3,787.323,787.393,787.5,787.53,787.616,787.709,787.84,788.018,788.22,788.284,788.49,0.322843,0.310415,0.366247,787.62,0.235379,0.0333066,0.0361265,0.000298849,0.141502,0.153482,787.62,787.62,0.790226,22.6415,1.06,106,0,0,0,0,0,0,0,0,22.6415,22.6415,9.43396,6.60377,9.43396,6.60377,50077,54852,52270.4,1293.61,1.74617e+06,0.0247483,0.319432,2.30649,0.459346,50584.2,52069,1931.75,50173.1,50508.4,50584,51235.4,51353.5,51630.1,51911.6,52069,52357.4,52838.8,53285.2,53537.8,53880.2,54635.6,54830.1,1054.44,1029.71,1735.88,52270.4,764.908,64.461,76.7425,0.0146337,0.0842729,0.100329,52286.4,52302.5,0,0,0,0,0,0,82,0.773585,0.925667,0.115016,0.685408,1.18019,0,0,0,0,0,0,0,0,0,0,0,0,0,0,0,0,0,0,24,0.226415,787.62,0.407167,786.81,788.55,0,0,0,0,0,0,82,0.773585,50606.9,1640.86,46941,54257,0,0,0,0,0,0,0,0,0,0,0,0,0,0,0,0,0,0,24,0.226415,52270.4,1293.61,50077,54852
0,15,5,-155,93,93,0,0,0,0,0,0,0,0,0,0,0,0,0,0,0,0,0,0,0,0,0,0,0,0,0,0,0,0,0,0,0,0,0,0,0,0,0,0,0,0,0,0.93,93,0,0,0,0,0,0,0,0,0,0,0,0,0,0,0,0,0,0,0,0,0,0,0,0,0,0,0,0,0,0,0,0,0,0,0,0,0,0,0,0,0,0,0,0,0,0,0,0,0,0,0,0,0,22,0.236559,0.398286,0.0797633,0.25998,0.497621,71,0.763441,0.669149,0.198893,0.500905,1.41003,0,0,0,0,0,0,0,0,0,0,0,0,0,0,0,0,0,0,0,0,0,0,0,0,22,0.236559,52527.1,1958.56,47270,56263,71,0.763441,52170.4,2061.38,48431,57396,0,0,0,0,0,0,0,0,0,0,0,0,0,0,0,0,0,0,0,0,0,0,0,0
1,15,15,-155,87,87,0,0,0,0,0,0,0,0,0,0,0,0,0,0,0,0,0,0,0,0,0,0,0,0,0,0,0,0,0,0,0,0,0,0,0,0,0,0,0,0,0,0.87,87,0,0,0,0,0,0,0,0,0,0,0,0,0,0,0,0,0,0,0,0,0,0,0,0,0,0,0,0,0,0,0,0,0,0,0,0,0,0,0,0,0,0,0,0,0,0,0,0,0,0,0,0,0,4,0.045977,0.491225,0.0137457,0.467429,0.499857,83,0.954023,0.597726,0.0597169,0.509667,0.788307,0,0,0,0,0,0,0,0,0,0,0,0,0,0,0,0,0,0,0,0,0,0,0,0,4,0.045977,52526,1919.33,50532,55515,83,0.954023,51763.3,1723.09,47777,55166,0,0,0,0,0,0,0,0,0,0,0,0,0,0,0,0,0,0,0,0,0,0,0,0
2,15,25,-155,93,93,0,0,0,0,0,0,0,0,0,0,0,0,0,0,0,0,0,0,0,0,0,0,0,0,0,0,0,0,0,0,0,0,0,0,0,0,0,0,0,0,0,0.93,93,0,0,0,0,0,0,0,0,0,0,0,0,0,0,0,0,0,0,0,0,0,0,0,0,0,0,0,0,0,0,0,0,0,0,0,0,0,0,0,0,0,0,0,0,0,0,0,0,0,0,0,0,0,0,0,0,0,0,0,93,1,0.716063,0.108656,0.534372,1.07129,0,0,0,0,0,0,0,0,0,0,0,0,0,0,0,0,0,0,0,0,0,0,0,0,0,0,0,0,0,0,93,1,50307.6,1746.54,46672,55661,0,0,0,0,0,0,0,0,0,0,0,0,0,0,0,0,0,0,0,0,0,0,0,0
3,15,35,-155,89,89,0,0,0,0,0,0,0,0,0,0,0,0,0,0,0,0,0,0,0,0,0,0,0,0,0,0,0,0,0,0,0,0,0,0,0,0,0,0,0,0,0,0.89,89,0,0,0,0,0,0,0,0,0,0,0,0,0,0,0,0,0,0,0,0,0,0,0,0,0,0,0,0,0,0,0,0,0,0,0,0,0,0,0,0,0,0,0,0,0,0,0,0,0,0,0,0,0,12,0.134831,0.445715,0.0371751,0.381231,0.489586,77,0.865169,0.648804,0.0910866,0.507824,0.969279,0,0,0,0,0,0,0,0,0,0,0,0,0,0,0,0,0,0,0,0,0,0,0,0,12,0.134831,50545.8,1386.24,48404,53253,77,0.865169,50893,1548.06,47240,53911,0,0,0,0,0,0,0,0,0,0,0,0,0,0,0,0,0,0,0,0,0,0,0,0
4,15,45,-155,90,90,0,0,0,0,0,0,0,0,0,0,0,0,0,0,0,0,0,0,0,0,0,0,0,0,0,0,0,0,0,0,0,0,0,0,0,0,0,0,0,0,0,0.9,90,0,0,0,0,0,0,0,0,0,0,0,0,0,0,0,0,0,0,0,0,0,0,0,0,0,0,0,0,0,0,0,0,0,0,0,0,0,0,0,0,0,0,0,0,0,0,0,0,0,0,0,0,0,2,0.0222222,0.466705,0.00880431,0.457901,0.47551,88,0.977778,0.670934,0.101025,0.506537,0.925947,0,0,0,0,0,0,0,0,0,0,0,0,0,0,0,0,0,0,0,0,0,0,0,0,2,0.0222222,51657,1157,50500,52814,88,0.977778,50111.5,1537.96,46254,53785,0,0,0,0,0,0,0,0,0,0,0,0,0,0,0,0,0,0,0,0,0,0,0,0
5,15,55,-155,88,88,0,0,0,0,0,0,0,0,0,0,0,0,0,0,0,0,0,0,0,0,0,0,0,0,0,0,0,0,0,0,0,0,0,0,0,0,0,0,0,0,0,0.88,88,0,0,0,0,0,0,0,0,0,0,0,0,0,0,0,0,0,0,0,0,0,0,0,0,0,0,0,0,0,0,0,0,0,0,0,0,0,0,0,0,0,0,0,0,0,0,0,0,0,0,0,0,0,3,0.0340909,0.450297,0.00675065,0.441937,0.458469,85,0.965909,0.683678,0.101353,0.507277,0.909147,0,0,0,0,0,0,0,0,0,0,0,0,0,0,0,0,0,0,0,0,0,0,0,0,3,0.0340909,50955.3,863.284,49748,51716,85,0.965909,50066.3,1442.48,46105,53629,0,0,0,0,0,0,0,0,0,0,0,0,0,0,0,0,0,0,0,0,0,0,0,0
6,15,65,-155,94,94,0,0,0,0,0,0,0,0,0,0,0,0,0,0,0,0,0,0,0,0,0,0,0,0,0,0,0,0,0,0,0,0,0,0,0,0,0,0,0,0,0,0.94,94,0,0,0,0,0,0,0,0,0,0,0,0,0,0,0,0,0,0,0,0,0,0,0,0,0,0,0,0,0,0,0,0,0,0,0,0,0,0,0,0,0,0,0,0,0,0,0,0,0,0,0,0,0,3,0.0319149,0.482782,0.0111626,0.47454,0.498563,91,0.968085,0.647555,0.0677383,0.526375,0.897169,0,0,0,0,0,0,0,0,0,0,0,0,0,0,0,0,0,0,0,0,0,0,0,0,3,0.0319149,52374,852.961,51510,53535,91,0.968085,50594.3,1315.75,47478,53472,0,0,0,0,0,0,0,0,0,0,0,0,0,0,0,0,0,0,0,0,0,0,0,0
7,15,75,-155,89,89,0,0,0,0,0,0,0,0,0,0,0,0,0,0,0,0,0,0,0,0,0,0,0,0,0,0,0,0,0,0,0,0,0,0,0,0,0,0,0,0,0,0.89,89,0,0,0,0,0,0,0,0,0,0,0,0,0,0,0,0,0,0,0,0,0,0,0,0,0,0,0,0,0,0,0,0,0,0,0,0,0,0,0,0,0,0,0,0,0,0,0,0,0,0,0,0,0,17,0.191011,0.436094,0.0320422,0.377134,0.482927,72,0.808989,0.652393,0.0932005,0.504526,0.838661,0,0,0,0,0,0,0,0,0,0,0,0,0,0,0,0,0,0,0,0,0,0,0,0,17,0.191011,51037.2,1584.74,48076,53629,72,0.808989,50527.9,1424,46638,54884,0,0,0,0,0,0,0,0,0,0,0,0,0,0,0,0,0,0,0,0,0,0,0,0
8,15,85,-155,85,85,0,0,0,0,0,0,0,0,0,0,0,0,0,0,0,0,0,0,0,0,0,0,0,0,0,0,0,0,0,0,0,0,0,0,0,0,0,0,0,0,0,0.85,85,0,0,0,0,0,0,0,0,0,0,0,0,0,0,0,0,0,0,0,0,0,0,0,0,0,0,0,0,0,0,0,0,0,0,0,0,0,0,0,0,0,0,0,0,0,0,0,0,0,0,0,0,0,7,0.0823529,0.483451,0.0076871,0.471128,0.495047,78,0.917647,0.655494,0.099512,0.503535,0.93296,0,0,0,0,0,0,0,0,0,0,0,0,0,0,0,0,0,0,0,0,0,0,0,0,7,0.0823529,50870,769.282,50046,52465,78,0.917647,51310.6,1600.55,47120,54538,0,0,0,0,0,0,0,0,0,0,0,0,0,0,0,0,0,0,0,0,0,0,0,0
9,15,95,-155,98,98,0,0,0,0,0,0,0,0,0,0,0,0,0,0,0,0,0,0,0,0,0,0,0,0,0,0,0,0,0,0,0,0,0,0,0,0,0,0,0,0,0,0.98,98,0,0,0,0,0,0,0,0,0,0,0,0,0,0,0,0,0,0,0,0,0,0,0,0,0,0,0,0,0,0,0,0,0,0,0,0,0,0,0,0,0,0,0,0,0,0,0,0,0,0,0,0,0,9,0.0918367,0.450848,0.0433987,0.337249,0.492944,89,0.908163,0.620478,0.0649023,0.503935,0.809935,0,0,0,0,0,0,0,0,0,0,0,0,0,0,0,0,0,0,0,0,0,0,0,0,9,0.0918367,51360.4,1070.93,49628,53421,89,0.908163,50409.2,1290.97,47653,53126,0,0,0,0,0,0,0,0,0,0,0,0,0,0,0,0,0,0,0,0,0,0,0,0
10,15,105,-155,93,93,0,0,0,0,0,0,0,0,0,0,0,0,0,0,0,0,0,0,0,0,0,0,0,0,0,0,0,0,0,0,0,0,0,0,0,0,0,0,0,0,0,0.93,93,0,0,0,0,0,0,0,0,0,0,0,0,0,0,0,0,0,0,0,0,0,0,0,0,0,0,0,0,0,0,0,0,0,0,0,0,0,0,0,0,0,0,0,0,0,0,0,0,0,0,0,0,0,31,0.333333,0.458974,0.0272117,0.411075,0.499357,62,0.666667,0.611148,0.0856277,0.500956,0.834243,0,0,0,0,0,0,0,0,0,0,0,0,0,0,0,0,0,0,0,0,0,0,0,0,31,0.333333,51138.3,1556.77,48464,55009,62,0.666667,50764.6,1750.04,47478,56169,0,0,0,0,0,0,0,0,0,0,0,0,0,0,0,0,0,0,0,0,0,0,0,0
11,15,115,-155,94,94,0,0,0,0,0,0,0,0,0,0,0,0,0,0,0,0,0,0,0,0,0,0,0,0,0,0,0,0,0,0,0,0,0,0,0,0,0,0,0,0,0,0.94,94,0,0,0,0,0,0,0,0,0,0,0,0,0,0,0,0,0,0,0,0,0,0,0,0,0,0,0,0,0,0,0,0,0,0,0,0,0,0,0,0,0,0,0,0,0,0,0,0,0,0,0,0,0,4,0.0425532,0.478378,0.0125288,0.457838,0.491758,90,0.957447,0.625048,0.0721141,0.503591,0.861689,0,0,0,0,0,0,0,0,0,0,0,0,0,0,0,0,0,0,0,0,0,0,0,0,4,0.0425532,51507.2,774.384,50345,52316,90,0.957447,50720.6,1601.65,47329,54161,0,0,0,0,0,0,0,0,0,0,0,0,0,0,0,0,0,0,0,0,0,0,0,0
12,15,125,-155,93,93,0,0,0,0,0,0,0,0,0,0,0,0,0,0,0,0,0,0,0,0,0,0,0,0,0,0,0,0,0,0,0,0,0,0,0,0,0,0,0,0,0,0.93,93,0,0,0,0,0,0,0,0,0,0,0,0,0,0,0,0,0,0,0,0,0,0,0,0,0,0,0,0,0,0,0,0,0,0,0,0,0,0,0,0,0,0,0,0,0,0,0,0,0,0,0,0,0,49,0.526882,0.426652,0.0521796,0.334893,0.499791,44,0.473118,0.579581,0.0559459,0.502132,0.748729,0,0,0,0,0,0,0,0,0,0,0,0,0,0,0,0,0,0,0,0,0,0,0,0,49,0.526882,51163.1,1620.85,47986,54161,44,0.473118,51286.8,1325.71,48225,53942,0,0,0,0,0,0,0,0,0,0,0,0,0,0,0,0,0,0,0,0,0,0,0,0
13,15,135,-155,92,92,0,0,0,0,0,0,0,0,0,0,0,0,0,0,0,0,0,0,0,0,0,0,0,0,0,0,0,0,0,0,0,0,0,0,0,0,0,0,0,0,0,0.92,92,0,0,0,0,0,0,0,0,0,0,0,0,0,0,0,0,0,0,0,0,0,0,0,0,0,0,0,0,0,0,0,0,0,0,0,0,0,0,0,0,0,0,0,0,0,0,0,0,0,0,0,0,0,82,0.891304,0.406626,0.0532097,0.241922,0.498529,10,0.108696,0.535123,0.0227346,0.505321,0.573226,0,0,0,0,0,0,0,0,0,0,0,0,0,0,0,0,0,0,0,0,0,0,0,0,82,0.891304,51882.7,1348.37,48519,56201,10,0.108696,50926.8,1315.59,49236,53063,0,0,0,0,0,0,0,0,0,0,0,0,0,0,0,0,0,0,0,0,0,0,0,0
14,15,145,-155,96,96,0,0,0,0,0,0,0,0,0,0,0,0,0,0,0,0,0,0,0,0,0,0,0,0,0,0,0,0,0,0,0,0,0,0,0,0,0,0,0,0,0,0.96,96,0,0,0,0,0,0,0,0,0,0,0,0,0,0,0,0,0,0,0,0,0,0,0,0,0,0,0,0,0,0,0,0,0,0,0,0,0,0,0,0,0,0,0,0,0,0,0,0,0,0,0,0,0,77,0.802083,0.403565,0.0564695,0.254991,0.492721,19,0.197917,0.557322,0.0561361,0.505264,0.705902,0,0,0,0,0,0,0,0,0,0,0,0,0,0,0,0,0,0,0,0,0,0,0,0,77,0.802083,52084.8,1528.19,48519,55441,19,0.197917,52129,1847.72,49207,55855,0,0,0,0,0,0,0,0,0,0,0,0,0,0,0,0,0,0,0,0,0,0,0,0
15,15,155,-155,95,95,0,0,0,0,0,0,0,0,0,0,0,0,0,0,0,0,0,0,0,0,0,0,0,0,0,0,0,0,0,0,0,0,0,0,0,0,0,0,0,0,0,0.95,95,0,0,0,0,0,0,0,0,0,0,0,0,0,0,0,0,0,0,0,0,0,0,0,0,0,0,0,0,0,0,0,0,0,0,0,0,0,0,0,0,0,0,0,0,0,0,0,0,0,0,0,0,0,60,0.631579,0.450457,0.0335162,0.370091,0.498917,35,0.368421,0.553728,0.0392182,0.506777,0.64975,0,0,0,0,0,0,0,0,0,0,0,0,0,0,0,0,0,0,0,0,0,0,0,0,60,0.631579,53011.6,1387.84,49773,56947,35,0.368421,52500,1682,49957,55912,0,0,0,0,0,0,0,0,0,0,0,0,0,0,0,0,0,0,0,0,0,0,0,0
16,15,165,-155,94,94,0,0,0,0,0,0,0,0,0,0,0,0,0,0,0,0,0,0,0,0,0,0,0,0,0,0,0,0,0,0,0,0,0,0,0,0,0,0,0,0,0,0.94,94,0,0,0,0,0,0,0,0,0,0,0,0,0,0,0,0,0,0,0,0,0,0,0,0,0,0,0,0,0,0,0,0,0,0,0,0,0,0,0,0,0,0,0,0,0,0,0,0,0,0,0,0,0,47,0.5,0.440344,0.0487689,0.309137,0.498914,47,0.5,0.608425,0.121124,0.500207,1.01392,0,0,0,0,0,0,0,0,0,0,0,0,0,0,0,0,0,0,0,0,0,0,0,0,47,0.5,51909.3,1706.63,47777,55117,47,0.5,51730.6,1581.88,48046,54538,0,0,0,0,0,0,0,0,0,0,0,0,0,0,0,0,0,0,0,0,0,0,0,0
17,15,175,-155,86,86,0,0,0,0,0,0,0,0,0,0,0,0,0,0,0,0,0,0,0,0,0,0,0,0,0,0,0,0,0,0,0,0,0,0,0,0,0,0,0,0,0,0.86,86,0,0,0,0,0,0,0,0,0,0,0,0,0,0,0,0,0,0,0,0,0,0,0,0,0,0,0,0,0,0,0,0,0,0,0,0,0,0,0,0,0,0,0,0,0,0,0,0,0,0,0,0,0,12,0.139535,0.372265,0.0652006,0.214657,0.457261,74,0.860465,0.770477,0.149649,0.509661,1.27749,0,0,0,0,0,0,0,0,0,0,0,0,0,0,0,0,0,0,0,0,0,0,0,0,12,0.139535,51312.2,1859.35,46877,54908,74,0.860465,51835.6,1465.19,49002,54813,0,0,0,0,0,0,0,0,0,0,0,0,0,0,0,0,0,0,0,0,0,0,0,0
18,15,185,-155,86,86,2.03278,2.4631,2.27079,0.159173,0.0337814,0.0700959,-0.365107,1.79946,0.5531,2.25,2.29364,0.194198,2.03887,2.06325,2.09372,2.15465,2.18512,2.21558,2.25899,2.29364,2.32829,2.36256,2.37931,2.39607,2.42958,2.44634,2.45975,0.136452,0.136452,0.136452,2.27079,0.117204,-0.02285,0.0209602,0.0516136,-0.19496,0.178836,2.27636,2.2818,0.241004,4.65116,0.86,86,0,0,0,0,0,0,0,0,4.65116,4.65116,2.32558,2.32558,2.32558,2.32558,52782,55009,53819.8,1013.45,1.36945e+06,0.0188305,0.0477101,1.06749,0.465986,52782.2,53744,1900.75,52784,52791.9,52801.8,52821.6,52831.5,52841.4,53206.4,53744,54281.6,54676.9,54732.2,54787.6,54898.3,54953.6,54997.9,1004.75,1004.75,1037.62,53819.8,706.083,75.75,-787.25,0.0131194,0.107282,-1.11495,53829.3,53838.8,0,0,0,0,0,0,82,0.953488,0.905543,0.297424,0.519477,1.76142,4,0.0465116,2.27079,0.159173,2.03278,2.4631,0,0,0,0,0,0,0,0,0,0,0,0,0,0,0,0,0,0,0,0,0,0,0,0,82,0.953488,51156.1,1671.79,48101,56326,4,0.0465116,53819.8,1013.45,52782,55009,0,0,0,0,0,0,0,0,0,0,0,0,0,0,0,0,0,0
19,15,195,-155,102,102,785.92,787.24,786.576,0.397982,0.164989,0.000505967,0.0431078,1.72962,0.497286,786.25,786.51,0.72998,785.93,785.978,786.066,786.23,786.28,786.294,786.392,786.51,786.692,786.84,787.01,787.016,787.088,787.132,787.216,0.349855,0.3472,0.4128,786.576,0.238065,0.00270351,-0.00443848,0.00030266,0.0113562,-0.0186439,786.576,786.577,0.640231,24.5098,1.02,102,0,0,0,0,0,0,0,0,24.5098,24.5098,11.7647,18.6275,11.7647,18.6275,48255,54695,50980.2,1317.51,1.80815e+06,0.0258435,0.566341,3.86926,0.423174,50281.2,51027,1558,48468.8,49233.4,49683,49938.2,50191,50281,50468,51027,51251,51612,51749,51787.4,52475.8,52850.6,54265.9,1031.43,1029.56,1110.29,50980.2,750.49,66.7639,142.508,0.0147212,0.0889604,0.189887,50997.3,51014.4,0,0,0,0,0,0,77,0.754902,0.885006,0.165553,0.595304,1.50905,0,0,0,0,0,0,0,0,0,0,0,0,0,0,0,0,0,0,25,0.245098,786.576,0.397982,785.92,787.24,0,0,0,0,0,0,77,0.754902,50775.1,1546.76,47926,54193,0,0,0,0,0,0,0,0,0,0,0,0,0,0,0,0,0,0,25,0.245098,50980.2,1317.51,48255,54695
0,16,5,-165,91,91,0,0,0,0,0,0,0,0,0,0,0,0,0,0,0,0,0,0,0,0,0,0,0,0,0,0,0,0,0,0,0,0,0,0,0,0,0,0,0,0,0,0.91,91,0,0,0,0,0,0,0,0,0,0,0,0,0,0,0,0,0,0,0,0,0,0,0,0,0,0,0,0,0,0,0,0,0,0,0,0,0,0,0,0,0,0,0,0,0,0,0,0,0,0,0,0,0,9,0.0989011,0.438817,0.0681344,0.299985,0.49634,82,0.901099,0.714481,0.194018,0.503112,1.35003,0,0,0,0,0,0,0,0,0,0,0,0,0,0,0,0,0,0,0,0,0,0,0,0,9,0.0989011,51555.7,2259.92,48519,55510,82,0.901099,50425.2,1600.91,46578,54789,0,0,0,0,0,0,0,0,0,0,0,0,0,0,0,0,0,0,0,0,0,0,0,0
1,16,15,-165,94,94,0,0,0,0,0,0,0,0,0,0,0,0,0,0,0,0,0,0,0,0,0,0,0,0,0,0,0,0,0,0,0,0,0,0,0,0,0,0,0,0,0,0.94,94,0,0,0,0,0,0,0,0,0,0,0,0,0,0,0,0,0,0,0,0,0,0,0,0,0,0,0,0,0,0,0,0,0,0,0,0,0,0,0,0,0,0,0,0,0,0,0,0,0,0,0,0,0,12,0.12766,0.431923,0.0614183,0.287666,0.499363,82,0.87234,0.679681,0.110025,0.500338,0.980713,0,0,0,0,0,0,0,0,0,0,0,0,0,0,0,0,0,0,0,0,0,0,0,0,12,0.12766,52984.6,1721.74,50994,57079,82,0.87234,51540.6,1815.84,48071,57079,0,0,0,0,0,0,0,0,0,0,0,0,0,0,0,0,0,0,0,0,0,0,0,0
2,16,25,-165,93,93,0,0,0,0,0,0,0,0,0,0,0,0,0,0,0,0,0,0,0,0,0,0,0,0,0,0,0,0,0,0,0,0,0,0,0,0,0,0,0,0,0,0.93,93,0,0,0,0,0,0,0,0,0,0,0,0,0,0,0,0,0,0,0,0,0,0,0,0,0,0,0,0,0,0,0,0,0,0,0,0,0,0,0,0,0,0,0,0,0,0,0,0,0,0,0,0,0,6,0.0645161,0.450704,0.0300871,0.41206,0.492375,87,0.935484,0.667649,0.0781529,0.503149,0.885326,0,0,0,0,0,0,0,0,0,0,0,0,0,0,0,0,0,0,0,0,0,0,0,0,6,0.0645161,53012.5,1695.72,51027,55894,87,0.935484,51914.3,1774.87,46996,56169,0,0,0,0,0,0,0,0,0,0,0,0,0,0,0,0,0,0,0,0,0,0,0,0
3,16,35,-165,94,92,2.5227,3.83803,3.18037,0.657663,0.86504,0.206788,0,1,0.5,2.75,3.18037,0.657663,2.53586,2.58847,2.65424,2.78577,2.85153,2.9173,3.04883,3.18037,3.3119,3.44343,3.5092,3.57496,3.7065,3.77226,3.82488,0.657663,0.657663,0.657663,3.18037,0.657663,0,0,0.206788,0,0,3.24765,3.31093,0.644509,2.12766,0.94,92,2,0,0,0,0,0,0,0,2.12766,2.17391,1.06383,1.06383,1.08696,1.08696,28753,33533,31143,2390,1.14242e+07,0.0767428,0,1,0.5,28753.2,31143,2390,28800.8,28992,29231,29709,29948,30187,30665,31143,31621,32099,32338,32577,33055,33294,33485.2,2390,2390,2390,31143,2390,0,0,0.0767428,0,0,31234.6,31325.3,1,0.0106383,0.476986,0,0.476986,0.476986,91,0.968085,0.700594,0.107266,0.508302,1.04272,2,0.0212766,3.18037,0.657663,2.5227,3.83803,0,0,0,0,0,0,0,0,0,0,0,0,0,0,0,0,0,0,1,0.0106383,48101,0,48101,48101,91,0.968085,50691,1686.62,45623,54939,2,0.0212766,31143,2390,28753,33533,0,0,0,0,0,0,0,0,0,0,0,0,0,0,0,0,0,0
4,16,45,-165,91,89,3.62505,3.92544,3.77525,0.150192,0.0451151,0.0397833,0,1,0.5,3.75,3.77525,0.150192,3.62806,3.64007,3.65509,3.68513,3.70015,3.71517,3.74521,3.77525,3.80528,3.83532,3.85034,3.86536,3.8954,3.91042,3.92243,0.150192,0.150192,0.150192,3.77525,0.150192,0,0,0.0397833,0,0,3.77823,3.78121,0.147188,2.1978,0.91,89,2,0,0,0,0,0,0,0,2.1978,2.24719,1.0989,1.0989,1.1236,1.1236,22580,27171,24875.5,2295.5,1.05386e+07,0.0922796,0,1,0.5,22580.2,24875.5,2295.5,22625.9,22809.6,23039.1,23498.2,23727.8,23957.3,24416.4,24875.5,25334.6,25793.7,26023.2,26252.8,26711.9,26941.4,27125.1,2295.5,2295.5,2295.5,24875.5,2295.5,0,0,0.0922796,0,0,24981.2,25085.5,3,0.032967,0.464978,0.0131051,0.446866,0.477437,86,0.945055,0.710717,0.112467,0.511301,1.02613,2,0.021978,3.77525,0.150192,3.62505,3.92544,0,0,0,0,0,0,0,0,0,0,0,0,0,0,0,0,0,0,3,0.032967,49026.3,911.691,48280,50310,86,0.945055,49490.2,1433.4,46011,53064,2,0.021978,24875.5,2295.5,22580,27171,0,0,0,0,0,0,0,0,0,0,0,0,0,0,0,0,0,0
5,16,55,-165,97,97,0,0,0,0,0,0,0,0,0,0,0,0,0,0,0,0,0,0,0,0,0,0,0,0,0,0,0,0,0,0,0,0,0,0,0,0,0,0,0,0,0,0.97,97,0,0,0,0,0,0,0,0,0,0,0,0,0,0,0,0,0,0,0,0,0,0,0,0,0,0,0,0,0,0,0,0,0,0,0,0,0,0,0,0,0,0,0,0,0,0,0,0,0,0,0,0,0,29,0.298969,0.432967,0.0433305,0.347858,0.492269,68,0.701031,0.674264,0.106687,0.506527,1.0503,0,0,0,0,0,0,0,0,0,0,0,0,0,0,0,0,0,0,0,0,0,0,0,0,29,0.298969,50303.8,1153.17,47982,52311,68,0.701031,49992.7,1478.55,46280,53565,0,0,0,0,0,0,0,0,0,0,0,0,0,0,0,0,0,0,0,0,0,0,0,0
6,16,65,-165,89,89,0,0,0,0,0,0,0,0,0,0,0,0,0,0,0,0,0,0,0,0,0,0,0,0,0,0,0,0,0,0,0,0,0,0,0,0,0,0,0,0,0,0.89,89,0,0,0,0,0,0,0,0,0,0,0,0,0,0,0,0,0,0,0,0,0,0,0,0,0,0,0,0,0,0,0,0,0,0,0,0,0,0,0,0,0,0,0,0,0,0,0,0,0,0,0,0,0,15,0.168539,0.461959,0.0330338,0.389131,0.497443,74,0.831461,0.578781,0.0597058,0.502073,0.785862,0,0,0,0,0,0,0,0,0,0,0,0,0,0,0,0,0,0,0,0,0,0,0,0,15,0.168539,50433.1,1548.74,47952,53158,74,0.831461,50454,1344.92,47534,54664,0,0,0,0,0,0,0,0,0,0,0,0,0,0,0,0,0,0,0,0,0,0,0,0
7,16,75,-165,90,90,0,0,0,0,0,0,0,0,0,0,0,0,0,0,0,0,0,0,0,0,0,0,0,0,0,0,0,0,0,0,0,0,0,0,0,0,0,0,0,0,0,0.9,90,0,0,0,0,0,0,0,0,0,0,0,0,0,0,0,0,0,0,0,0,0,0,0,0,0,0,0,0,0,0,0,0,0,0,0,0,0,0,0,0,0,0,0,0,0,0,0,0,0,0,0,0,0,12,0.133333,0.476888,0.0122634,0.450576,0.493757,78,0.866667,0.589887,0.0555417,0.50183,0.734007,0,0,0,0,0,0,0,0,0,0,0,0,0,0,0,0,0,0,0,0,0,0,0,0,12,0.133333,50230.5,1160.35,48131,52061,78,0.866667,50063.7,1316.08,47534,52550,0,0,0,0,0,0,0,0,0,0,0,0,0,0,0,0,0,0,0,0,0,0,0,0
8,16,85,-165,85,83,3.02267,3.02267,3.02267,0,0,0,0,0,0,3.25,3.02267,0,3.02267,3.02267,3.02267,3.02267,3.02267,3.02267,3.02267,3.02267,3.02267,3.02267,3.02267,3.02267,3.02267,3.02267,3.02267,0,0,0.227329,3.02267,0,0,0,0,0,0,3.02267,3.02267,0,1.17647,0.85,83,2,0,0,0,0,0,0,0,1.17647,1.20482,0,0,0,0,32038,32038,32038,0,0,0,0,0,0,32038.2,32038,0,32038,32038,32038,32038,32038,32038,32038,32038,32038,32038,32038,32038,32038,32038,32038,0,0,0.25,32038,0,0,0,0,0,0,32038,32038,1,0.0117647,0.499735,0,0.499735,0.499735,83,0.976471,0.633612,0.0543685,0.51391,0.735238,1,0.0117647,3.02267,0,3.02267,3.02267,0,0,0,0,0,0,0,0,0,0,0,0,0,0,0,0,0,0,1,0.0117647,50370,0,50370,50370,83,0.976471,50374.9,1450.27,46593,54068,1,0.0117647,32038,0,32038,32038,0,0,0,0,0,0,0,0,0,0,0,0,0,0,0,0,0,0
9,16,95,-165,99,98,3.96279,3.96279,3.96279,0,0,0,0,0,0,3.75,3.96279,0,3.96279,3.96279,3.96279,3.96279,3.96279,3.96279,3.96279,3.96279,3.96279,3.96279,3.96279,3.96279,3.96279,3.96279,3.96279,0,0,0.212793,3.96279,0,0,0,0,0,0,3.96279,3.96279,0,1.0101,0.99,98,1,0,0,0,0,0,0,0,1.0101,1.02041,0,1.0101,0,1.02041,25946,25946,25946,0,0,0,0,0,0,25946.2,25946,0,25946,25946,25946,25946,25946,25946,25946,25946,25946,25946,25946,25946,25946,25946,25946,0,0,0.25,25946,0,0,0,0,0,0,25946,25946,12,0.121212,0.467058,0.0181435,0.44014,0.496424,86,0.868687,0.626184,0.0828421,0.510807,0.858643,1,0.010101,3.96279,0,3.96279,3.96279,0,0,0,0,0,0,0,0,0,0,0,0,0,0,0,0,0,0,12,0.121212,51364.3,1475.64,48848,53809,86,0.868687,50784.6,1704.82,47146,55347,1,0.010101,25946,0,25946,25946,0,0,0,0,0,0,0,0,0,0,0,0,0,0,0,0,0,0
10,16,105,-165,95,95,0,0,0,0,0,0,0,0,0,0,0,0,0,0,0,0,0,0,0,0,0,0,0,0,0,0,0,0,0,0,0,0,0,0,0,0,0,0,0,0,0,0.95,95,0,0,0,0,0,0,0,0,0,0,0,0,0,0,0,0,0,0,0,0,0,0,0,0,0,0,0,0,0,0,0,0,0,0,0,0,0,0,0,0,0,0,0,0,0,0,0,0,0,0,0,0,0,39,0.410526,0.465781,0.0275711,0.409753,0.499382,56,0.589474,0.569215,0.062079,0.500599,0.737714,0,0,0,0,0,0,0,0,0,0,0,0,0,0,0,0,0,0,0,0,0,0,0,0,39,0.410526,51267.4,1554.07,48430,54437,56,0.589474,50928.5,1480.29,48370,54531,0,0,0,0,0,0,0,0,0,0,0,0,0,0,0,0,0,0,0,0,0,0,0,0
11,16,115,-165,92,92,0,0,0,0,0,0,0,0,0,0,0,0,0,0,0,0,0,0,0,0,0,0,0,0,0,0,0,0,0,0,0,0,0,0,0,0,0,0,0,0,0,0.92,92,0,0,0,0,0,0,0,0,0,0,0,0,0,0,0,0,0,0,0,0,0,0,0,0,0,0,0,0,0,0,0,0,0,0,0,0,0,0,0,0,0,0,0,0,0,0,0,0,0,0,0,0,0,18,0.195652,0.446659,0.0379234,0.380836,0.498907,74,0.804348,0.657804,0.0817217,0.504562,0.863896,0,0,0,0,0,0,0,0,0,0,0,0,0,0,0,0,0,0,0,0,0,0,0,0,18,0.195652,50840.1,1613.68,48071,53684,74,0.804348,50711.9,1442,47146,54342,0,0,0,0,0,0,0,0,0,0,0,0,0,0,0,0,0,0,0,0,0,0,0,0
12,16,125,-165,94,94,0,0,0,0,0,0,0,0,0,0,0,0,0,0,0,0,0,0,0,0,0,0,0,0,0,0,0,0,0,0,0,0,0,0,0,0,0,0,0,0,0,0.94,94,0,0,0,0,0,0,0,0,0,0,0,0,0,0,0,0,0,0,0,0,0,0,0,0,0,0,0,0,0,0,0,0,0,0,0,0,0,0,0,0,0,0,0,0,0,0,0,0,0,0,0,0,0,20,0.212766,0.473008,0.0202333,0.43881,0.498527,74,0.787234,0.607128,0.0709495,0.509731,0.911075,0,0,0,0,0,0,0,0,0,0,0,0,0,0,0,0,0,0,0,0,0,0,0,0,20,0.212766,50808.6,2082.91,47384,56570,74,0.787234,50821.5,1739.79,47116,55252,0,0,0,0,0,0,0,0,0,0,0,0,0,0,0,0,0,0,0,0,0,0,0,0
13,16,135,-165,94,94,0,0,0,0,0,0,0,0,0,0,0,0,0,0,0,0,0,0,0,0,0,0,0,0,0,0,0,0,0,0,0,0,0,0,0,0,0,0,0,0,0,0.94,94,0,0,0,0,0,0,0,0,0,0,0,0,0,0,0,0,0,0,0,0,0,0,0,0,0,0,0,0,0,0,0,0,0,0,0,0,0,0,0,0,0,0,0,0,0,0,0,0,0,0,0,0,0,72,0.765957,0.39103,0.0470143,0.292352,0.489362,22,0.234043,0.548273,0.0523669,0.50009,0.699205,0,0,0,0,0,0,0,0,0,0,0,0,0,0,0,0,0,0,0,0,0,0,0,0,72,0.765957,50871.7,1487.11,45682,54939,22,0.234043,50489,1642.47,46339,53684,0,0,0,0,0,0,0,0,0,0,0,0,0,0,0,0,0,0,0,0,0,0,0,0
14,16,145,-165,91,91,0,0,0,0,0,0,0,0,0,0,0,0,0,0,0,0,0,0,0,0,0,0,0,0,0,0,0,0,0,0,0,0,0,0,0,0,0,0,0,0,0,0.91,91,0,0,0,0,0,0,0,0,0,0,0,0,0,0,0,0,0,0,0,0,0,0,0,0,0,0,0,0,0,0,0,0,0,0,0,0,0,0,0,0,0,0,0,0,0,0,0,0,0,0,0,0,0,73,0.802198,0.387667,0.0709373,0.221717,0.498797,18,0.197802,0.529435,0.028832,0.504028,0.595427,0,0,0,0,0,0,0,0,0,0,0,0,0,0,0,0,0,0,0,0,0,0,0,0,73,0.802198,51516.2,1493.82,48007,55347,18,0.197802,51658.2,1586.3,47295,54562,0,0,0,0,0,0,0,0,0,0,0,0,0,0,0,0,0,0,0,0,0,0,0,0
15,16,155,-165,93,93,0,0,0,0,0,0,0,0,0,0,0,0,0,0,0,0,0,0,0,0,0,0,0,0,0,0,0,0,0,0,0,0,0,0,0,0,0,0,0,0,0,0.93,93,0,0,0,0,0,0,0,0,0,0,0,0,0,0,0,0,0,0,0,0,0,0,0,0,0,0,0,0,0,0,0,0,0,0,0,0,0,0,0,0,0,0,0,0,0,0,0,0,0,0,0,0,0,57,0.612903,0.441291,0.0397848,0.318358,0.499437,36,0.387097,0.54274,0.0288874,0.503109,0.612432,0,0,0,0,0,0,0,0,0,0,0,0,0,0,0,0,0,0,0,0,0,0,0,0,57,0.612903,52823.9,1577.03,48340,56947,36,0.387097,52467,1373.26,49982,54656,0,0,0,0,0,0,0,0,0,0,0,0,0,0,0,0,0,0,0,0,0,0,0,0
16,16,165,-165,101,101,0,0,0,0,0,0,0,0,0,0,0,0,0,0,0,0,0,0,0,0,0,0,0,0,0,0,0,0,0,0,0,0,0,0,0,0,0,0,0,0,0,1.01,101,0,0,0,0,0,0,0,0,0,0,0,0,0,0,0,0,0,0,0,0,0,0,0,0,0,0,0,0,0,0,0,0,0,0,0,0,0,0,0,0,0,0,0,0,0,0,0,0,0,0,0,0,0,23,0.227723,0.449799,0.0325756,0.38758,0.499231,78,0.772277,0.616762,0.0793532,0.501718,0.830813,0,0,0,0,0,0,0,0,0,0,0,0,0,0,0,0,0,0,0,0,0,0,0,0,23,0.227723,52654.7,1333.4,49593,54876,78,0.772277,51050.6,1582.3,47564,54312,0,0,0,0,0,0,0,0,0,0,0,0,0,0,0,0,0,0,0,0,0,0,0,0
17,16,175,-165,88,88,0,0,0,0,0,0,0,0,0,0,0,0,0,0,0,0,0,0,0,0,0,0,0,0,0,0,0,0,0,0,0,0,0,0,0,0,0,0,0,0,0,0.88,88,0,0,0,0,0,0,0,0,0,0,0,0,0,0,0,0,0,0,0,0,0,0,0,0,0,0,0,0,0,0,0,0,0,0,0,0,0,0,0,0,0,0,0,0,0,0,0,0,0,0,0,0,0,0,0,0,0,0,0,88,1,0.722428,0.120396,0.500173,1.01844,0,0,0,0,0,0,0,0,0,0,0,0,0,0,0,0,0,0,0,0,0,0,0,0,0,0,0,0,0,0,88,1,50899.2,1813.35,47534,55786,0,0,0,0,0,0,0,0,0,0,0,0,0,0,0,0,0,0,0,0,0,0,0,0
18,16,185,-165,92,92,0,0,0,0,0,0,0,0,0,0,0,0,0,0,0,0,0,0,0,0,0,0,0,0,0,0,0,0,0,0,0,0,0,0,0,0,0,0,0,0,0,0.92,92,0,0,0,0,0,0,0,0,0,0,0,0,0,0,0,0,0,0,0,0,0,0,0,0,0,0,0,0,0,0,0,0,0,0,0,0,0,0,0,0,0,0,0,0,0,0,0,0,0,0,0,0,0,0,0,0,0,0,0,92,1,0.884884,0.107034,0.610179,1.07102,0,0,0,0,0,0,0,0,0,0,0,0,0,0,0,0,0,0,0,0,0,0,0,0,0,0,0,0,0,0,92,1,50662.9,1360.28,47653,53873,0,0,0,0,0,0,0,0,0,0,0,0,0,0,0,0,0,0,0,0,0,0,0,0
19,16,195,-165,104,103,784.81,788.12,785.555,0.677455,0.480801,0.00086239,2.36417,9.57838,0.225213,785.25,785.35,0.625061,784.831,784.914,785.004,785.114,785.17,785.179,785.282,785.35,785.584,785.672,785.795,785.83,786.1,786.244,787.727,0.454135,0.437275,0.450914,785.555,0.333596,0.113933,0.0973161,0.000424662,0.341531,0.291719,785.556,785.556,0.676749,21.1538,1.04,103,1,0,0,0,0,0,0,0,21.1538,21.3592,9.61539,13.4615,9.70874,13.5922,33139,55134,51519,4357.83,1.9895e+07,0.084587,-3.33617,14.4515,0.835642,33139.2,52475,3131.25,36493.3,49136.1,49599.1,50064.4,50843,51542.9,52046.4,52475,52945.4,53746.4,53974.2,54004.4,54169.5,54483.3,55000.6,2464.43,2252.95,18379.7,51519,1816.03,-851.652,732.827,0.0352497,-0.468964,0.403533,51702.9,51850.8,0,0,0,0,0,0,82,0.788462,0.847671,0.0815253,0.575882,1.02444,0,0,0,0,0,0,0,0,0,0,0,0,0,0,0,0,0,0,22,0.211538,785.555,0.677455,784.81,788.12,0,0,0,0,0,0,82,0.788462,50928,1803.38,42902,56383,0,0,0,0,0,0,0,0,0,0,0,0,0,0,0,0,0,0,22,0.211538,51519,4357.83,33139,55134
0,17,5,-175,94,93,4.27504,4.27504,4.27504,0,0,0,0,0,0,4.25,4.27504,0,4.27504,4.27504,4.27504,4.27504,4.27504,4.27504,4.27504,4.27504,4.27504,4.27504,4.27504,4.27504,4.27504,4.27504,4.27504,0,0,0.0250359,4.27504,0,0,0,0,0,0,4.27504,4.27504,0,1.06383,0.94,93,1,0,0,0,0,0,0,0,1.06383,1.07527,0,1.06383,0,1.07527,27646,27646,27646,0,0,0,0,0,0,27646.2,27646,0,27646,27646,27646,27646,27646,27646,27646,27646,27646,27646,27646,27646,27646,27646,27646,0,0,0.25,27646,0,0,0,0,0,0,27646,27646,10,0.106383,0.443254,0.0673016,0.270029,0.496386,83,0.882979,0.677848,0.154527,0.503104,1.24999,1,0.0106383,4.27504,0,4.27504,4.27504,0,0,0,0,0,0,0,0,0,0,0,0,0,0,0,0,0,0,10,0.106383,50806.8,1228.28,48400,52665,83,0.882979,50483.3,1915.7,44543,54217,1,0.0106383,27646,0,27646,27646,0,0,0,0,0,0,0,0,0,0,0,0,0,0,0,0,0,0
1,17,15,-175,91,91,0,0,0,0,0,0,0,0,0,0,0,0,0,0,0,0,0,0,0,0,0,0,0,0,0,0,0,0,0,0,0,0,0,0,0,0,0,0,0,0,0,0.91,91,0,0,0,0,0,0,0,0,0,0,0,0,0,0,0,0,0,0,0,0,0,0,0,0,0,0,0,0,0,0,0,0,0,0,0,0,0,0,0,0,0,0,0,0,0,0,0,0,0,0,0,0,0,7,0.0769231,0.471857,0.0219439,0.428155,0.493635,84,0.923077,0.696647,0.0918921,0.508631,0.939923,0,0,0,0,0,0,0,0,0,0,0,0,0,0,0,0,0,0,0,0,0,0,0,0,7,0.0769231,49589.6,1151.51,47230,50664,84,0.923077,50131.3,1591.61,46966,54249,0,0,0,0,0,0,0,0,0,0,0,0,0,0,0,0,0,0,0,0,0,0,0,0
2,17,25,-175,89,89,0,0,0,0,0,0,0,0,0,0,0,0,0,0,0,0,0,0,0,0,0,0,0,0,0,0,0,0,0,0,0,0,0,0,0,0,0,0,0,0,0,0.89,89,0,0,0,0,0,0,0,0,0,0,0,0,0,0,0,0,0,0,0,0,0,0,0,0,0,0,0,0,0,0,0,0,0,0,0,0,0,0,0,0,0,0,0,0,0,0,0,0,0,0,0,0,0,3,0.0337079,0.474034,0.0187964,0.452516,0.498309,86,0.966292,0.661954,0.0661394,0.506046,0.826562,0,0,0,0,0,0,0,0,0,0,0,0,0,0,0,0,0,0,0,0,0,0,0,0,3,0.0337079,53956,1194.45,52554,55473,86,0.966292,51787.4,1868.61,48066,56012,0,0,0,0,0,0,0,0,0,0,0,0,0,0,0,0,0,0,0,0,0,0,0,0
3,17,35,-175,84,84,0,0,0,0,0,0,0,0,0,0,0,0,0,0,0,0,0,0,0,0,0,0,0,0,0,0,0,0,0,0,0,0,0,0,0,0,0,0,0,0,0,0.84,84,0,0,0,0,0,0,0,0,0,0,0,0,0,0,0,0,0,0,0,0,0,0,0,0,0,0,0,0,0,0,0,0,0,0,0,0,0,0,0,0,0,0,0,0,0,0,0,0,0,0,0,0,0,8,0.0952381,0.474623,0.0235748,0.432816,0.499687,76,0.904762,0.631884,0.0801162,0.506201,0.870129,0,0,0,0,0,0,0,0,0,0,0,0,0,0,0,0,0,0,0,0,0,0,0,0,8,0.0952381,53032.2,1288.2,51769,55786,76,0.904762,51399.6,1928.92,47086,54939,0,0,0,0,0,0,0,0,0,0,0,0,0,0,0,0,0,0,0,0,0,0,0,0
4,17,45,-175,90,89,3.6151,3.6151,3.6151,0,0,0,0,0,0,3.75,3.6151,0,3.6151,3.6151,3.6151,3.6151,3.6151,3.6151,3.6151,3.6151,3.6151,3.6151,3.6151,3.6151,3.6151,3.6151,3.6151,0,0,0.1349,3.6151,0,0,0,0,0,0,3.6151,3.6151,0,1.11111,0.9,89,1,0,0,0,0,0,0,0,1.11111,1.1236,0,0,0,0,33468,33468,33468,0,0,0,0,0,0,33468.2,33468,0,33468,33468,33468,33468,33468,33468,33468,33468,33468,33468,33468,33468,33468,33468,33468,0,0,0.25,33468,0,0,0,0,0,0,33468,33468,1,0.0111111,0.497748,0,0.497748,0.497748,88,0.977778,0.704851,0.101489,0.524792,0.985881,1,0.0111111,3.6151,0,3.6151,3.6151,0,0,0,0,0,0,0,0,0,0,0,0,0,0,0,0,0,0,1,0.0111111,49709,0,49709,49709,88,0.977778,49848.3,2150.51,36333,53873,1,0.0111111,33468,0,33468,33468,0,0,0,0,0,0,0,0,0,0,0,0,0,0,0,0,0,0
5,17,55,-175,94,94,0,0,0,0,0,0,0,0,0,0,0,0,0,0,0,0,0,0,0,0,0,0,0,0,0,0,0,0,0,0,0,0,0,0,0,0,0,0,0,0,0,0.94,94,0,0,0,0,0,0,0,0,0,0,0,0,0,0,0,0,0,0,0,0,0,0,0,0,0,0,0,0,0,0,0,0,0,0,0,0,0,0,0,0,0,0,0,0,0,0,0,0,0,0,0,0,0,11,0.117021,0.459053,0.0344585,0.391728,0.495218,83,0.882979,0.592425,0.0550526,0.501811,0.826006,0,0,0,0,0,0,0,0,0,0,0,0,0,0,0,0,0,0,0,0,0,0,0,0,11,0.117021,49111.4,1054.16,47022,51171,83,0.882979,49763.7,1606.54,46245,52925,0,0,0,0,0,0,0,0,0,0,0,0,0,0,0,0,0,0,0,0,0,0,0,0
6,17,65,-175,84,84,0,0,0,0,0,0,0,0,0,0,0,0,0,0,0,0,0,0,0,0,0,0,0,0,0,0,0,0,0,0,0,0,0,0,0,0,0,0,0,0,0,0.84,84,0,0,0,0,0,0,0,0,0,0,0,0,0,0,0,0,0,0,0,0,0,0,0,0,0,0,0,0,0,0,0,0,0,0,0,0,0,0,0,0,0,0,0,0,0,0,0,0,0,0,0,0,0,36,0.428571,0.445725,0.0377386,0.348627,0.497767,48,0.571429,0.61537,0.0797722,0.503835,0.847031,0,0,0,0,0,0,0,0,0,0,0,0,0,0,0,0,0,0,0,0,0,0,0,0,36,0.428571,49984.1,1186.51,47858,52931,48,0.571429,50184.5,1355.51,46817,52837,0,0,0,0,0,0,0,0,0,0,0,0,0,0,0,0,0,0,0,0,0,0,0,0
7,17,75,-175,93,93,0,0,0,0,0,0,0,0,0,0,0,0,0,0,0,0,0,0,0,0,0,0,0,0,0,0,0,0,0,0,0,0,0,0,0,0,0,0,0,0,0,0.93,93,0,0,0,0,0,0,0,0,0,0,0,0,0,0,0,0,0,0,0,0,0,0,0,0,0,0,0,0,0,0,0,0,0,0,0,0,0,0,0,0,0,0,0,0,0,0,0,0,0,0,0,0,0,31,0.333333,0.450858,0.0322683,0.378819,0.499053,62,0.666667,0.586852,0.0531361,0.501097,0.712818,0,0,0,0,0,0,0,0,0,0,0,0,0,0,0,0,0,0,0,0,0,0,0,0,31,0.333333,51127.3,1522.02,47618,54092,62,0.666667,49752.3,1476.49,46574,53589,0,0,0,0,0,0,0,0,0,0,0,0,0,0,0,0,0,0,0,0,0,0,0,0
8,17,85,-175,88,86,3.45372,3.70923,3.57607,0.10459,0.0164087,0.0292473,0.153888,1.5,0.478852,3.75,3.56526,0.127754,3.45595,3.46487,3.47603,3.49833,3.50949,3.52064,3.54295,3.56526,3.59405,3.62285,3.63724,3.65164,3.68043,3.69483,3.70635,0.0887718,0.0851695,0.173932,3.57607,0.0851695,0.010807,0,0.0238165,0.126889,0,3.5776,3.57913,0.117097,3.40909,0.88,86,2,0,0,0,0,0,0,0,3.40909,3.48837,1.13636,0,1.16279,0,23110,26036,25050.7,1372.31,2.82487e+06,0.0547815,-0.706853,1.5,0.663249,23110.2,26006,1463,23167.9,23399.6,23689.2,24268.4,24558,24847.6,25426.8,26006,26012,26018,26021,26024,26030,26033,26035.4,1293.78,975.333,1940.58,25050.7,975.333,-955.333,0,0.0389344,-0.979494,0,25088.2,25124.7,13,0.147727,0.480413,0.014918,0.451442,0.498786,72,0.818182,0.606545,0.0716718,0.500435,0.773615,3,0.0340909,3.57607,0.10459,3.45372,3.70923,0,0,0,0,0,0,0,0,0,0,0,0,0,0,0,0,0,0,13,0.147727,49026.2,1388.59,45902,51052,72,0.818182,49645.5,1435.51,44846,52988,3,0.0340909,25050.7,1372.31,23110,26036,0,0,0,0,0,0,0,0,0,0,0,0,0,0,0,0,0,0
9,17,95,-175,97,97,0,0,0,0,0,0,0,0,0,0,0,0,0,0,0,0,0,0,0,0,0,0,0,0,0,0,0,0,0,0,0,0,0,0,0,0,0,0,0,0,0,0.97,97,0,0,0,0,0,0,0,0,0,0,0,0,0,0,0,0,0,0,0,0,0,0,0,0,0,0,0,0,0,0,0,0,0,0,0,0,0,0,0,0,0,0,0,0,0,0,0,0,0,0,0,0,0,34,0.350515,0.460639,0.0327716,0.387125,0.499964,63,0.649485,0.589701,0.0694012,0.502662,0.829668,0,0,0,0,0,0,0,0,0,0,0,0,0,0,0,0,0,0,0,0,0,0,0,0,34,0.350515,50648.4,1623.16,45678,55531,63,0.649485,50670.7,1604.94,46574,54211,0,0,0,0,0,0,0,0,0,0,0,0,0,0,0,0,0,0,0,0,0,0,0,0
10,17,105,-175,94,94,0,0,0,0,0,0,0,0,0,0,0,0,0,0,0,0,0,0,0,0,0,0,0,0,0,0,0,0,0,0,0,0,0,0,0,0,0,0,0,0,0,0.94,94,0,0,0,0,0,0,0,0,0,0,0,0,0,0,0,0,0,0,0,0,0,0,0,0,0,0,0,0,0,0,0,0,0,0,0,0,0,0,0,0,0,0,0,0,0,0,0,0,0,0,0,0,0,20,0.212766,0.452378,0.0358968,0.377893,0.498382,74,0.787234,0.582754,0.0660612,0.502643,0.887181,0,0,0,0,0,0,0,0,0,0,0,0,0,0,0,0,0,0,0,0,0,0,0,0,20,0.212766,50564.6,1609.21,48246,54908,74,0.787234,50870.8,1734.48,47171,54249,0,0,0,0,0,0,0,0,0,0,0,0,0,0,0,0,0,0,0,0,0,0,0,0
11,17,115,-175,88,88,0,0,0,0,0,0,0,0,0,0,0,0,0,0,0,0,0,0,0,0,0,0,0,0,0,0,0,0,0,0,0,0,0,0,0,0,0,0,0,0,0,0.88,88,0,0,0,0,0,0,0,0,0,0,0,0,0,0,0,0,0,0,0,0,0,0,0,0,0,0,0,0,0,0,0,0,0,0,0,0,0,0,0,0,0,0,0,0,0,0,0,0,0,0,0,0,0,23,0.261364,0.456889,0.0335338,0.388733,0.497335,65,0.738636,0.637693,0.0866553,0.506283,0.826531,0,0,0,0,0,0,0,0,0,0,0,0,0,0,0,0,0,0,0,0,0,0,0,0,23,0.261364,52461.3,1626.51,48962,55943,65,0.738636,51223.3,1551.6,47440,55091,0,0,0,0,0,0,0,0,0,0,0,0,0,0,0,0,0,0,0,0,0,0,0,0
12,17,125,-175,90,90,0,0,0,0,0,0,0,0,0,0,0,0,0,0,0,0,0,0,0,0,0,0,0,0,0,0,0,0,0,0,0,0,0,0,0,0,0,0,0,0,0,0.9,90,0,0,0,0,0,0,0,0,0,0,0,0,0,0,0,0,0,0,0,0,0,0,0,0,0,0,0,0,0,0,0,0,0,0,0,0,0,0,0,0,0,0,0,0,0,0,0,0,0,0,0,0,0,9,0.1,0.466297,0.0264801,0.413185,0.496852,81,0.9,0.608822,0.0689887,0.501442,0.788284,0,0,0,0,0,0,0,0,0,0,0,0,0,0,0,0,0,0,0,0,0,0,0,0,9,0.1,50944,1311.14,48843,53410,81,0.9,50598.8,1548.93,47320,53769,0,0,0,0,0,0,0,0,0,0,0,0,0,0,0,0,0,0,0,0,0,0,0,0
13,17,135,-175,94,94,0,0,0,0,0,0,0,0,0,0,0,0,0,0,0,0,0,0,0,0,0,0,0,0,0,0,0,0,0,0,0,0,0,0,0,0,0,0,0,0,0,0.94,94,0,0,0,0,0,0,0,0,0,0,0,0,0,0,0,0,0,0,0,0,0,0,0,0,0,0,0,0,0,0,0,0,0,0,0,0,0,0,0,0,0,0,0,0,0,0,0,0,0,0,0,0,0,61,0.648936,0.429402,0.0470911,0.308549,0.499574,33,0.351064,0.542656,0.0386381,0.500657,0.654862,0,0,0,0,0,0,0,0,0,0,0,0,0,0,0,0,0,0,0,0,0,0,0,0,61,0.648936,52154.1,1833.32,47887,57320,33,0.351064,50942.9,1590.64,46365,55002,0,0,0,0,0,0,0,0,0,0,0,0,0,0,0,0,0,0,0,0,0,0,0,0
14,17,145,-175,91,91,0,0,0,0,0,0,0,0,0,0,0,0,0,0,0,0,0,0,0,0,0,0,0,0,0,0,0,0,0,0,0,0,0,0,0,0,0,0,0,0,0,0.91,91,0,0,0,0,0,0,0,0,0,0,0,0,0,0,0,0,0,0,0,0,0,0,0,0,0,0,0,0,0,0,0,0,0,0,0,0,0,0,0,0,0,0,0,0,0,0,0,0,0,0,0,0,0,50,0.549451,0.4281,0.0481553,0.327989,0.496664,41,0.450549,0.591018,0.0671954,0.506939,0.784978,0,0,0,0,0,0,0,0,0,0,0,0,0,0,0,0,0,0,0,0,0,0,0,0,50,0.549451,51715.8,1461.45,48753,55127,41,0.450549,51538.9,1781.9,47858,56037,0,0,0,0,0,0,0,0,0,0,0,0,0,0,0,0,0,0,0,0,0,0,0,0
15,17,155,-175,92,92,0,0,0,0,0,0,0,0,0,0,0,0,0,0,0,0,0,0,0,0,0,0,0,0,0,0,0,0,0,0,0,0,0,0,0,0,0,0,0,0,0,0.92,92,0,0,0,0,0,0,0,0,0,0,0,0,0,0,0,0,0,0,0,0,0,0,0,0,0,0,0,0,0,0,0,0,0,0,0,0,0,0,0,0,0,0,0,0,0,0,0,0,0,0,0,0,0,59,0.641304,0.427686,0.0414914,0.328846,0.498927,33,0.358696,0.550185,0.0446999,0.501506,0.7221,0,0,0,0,0,0,0,0,0,0,0,0,0,0,0,0,0,0,0,0,0,0,0,0,59,0.641304,53401.8,1692.81,47768,56540,33,0.358696,52733,1506.43,49887,56692,0,0,0,0,0,0,0,0,0,0,0,0,0,0,0,0,0,0,0,0,0,0,0,0
16,17,165,-175,97,97,0,0,0,0,0,0,0,0,0,0,0,0,0,0,0,0,0,0,0,0,0,0,0,0,0,0,0,0,0,0,0,0,0,0,0,0,0,0,0,0,0,0.97,97,0,0,0,0,0,0,0,0,0,0,0,0,0,0,0,0,0,0,0,0,0,0,0,0,0,0,0,0,0,0,0,0,0,0,0,0,0,0,0,0,0,0,0,0,0,0,0,0,0,0,0,0,0,39,0.402062,0.447533,0.0529628,0.276155,0.499672,58,0.597938,0.602518,0.0848475,0.502252,0.86113,0,0,0,0,0,0,0,0,0,0,0,0,0,0,0,0,0,0,0,0,0,0,0,0,39,0.402062,50839,1765.8,46215,54243,58,0.597938,51376.4,1536.45,48395,54908,0,0,0,0,0,0,0,0,0,0,0,0,0,0,0,0,0,0,0,0,0,0,0,0
17,17,175,-175,84,84,0,0,0,0,0,0,0,0,0,0,0,0,0,0,0,0,0,0,0,0,0,0,0,0,0,0,0,0,0,0,0,0,0,0,0,0,0,0,0,0,0,0.84,84,0,0,0,0,0,0,0,0,0,0,0,0,0,0,0,0,0,0,0,0,0,0,0,0,0,0,0,0,0,0,0,0,0,0,0,0,0,0,0,0,0,0,0,0,0,0,0,0,0,0,0,0,0,1,0.0119048,0.472762,0,0.472762,0.472762,83,0.988095,0.717197,0.0926931,0.516494,0.950366,0,0,0,0,0,0,0,0,0,0,0,0,0,0,0,0,0,0,0,0,0,0,0,0,1,0.0119048,50723,0,50723,50723,83,0.988095,51149.8,1562.43,46245,55091,0,0,0,0,0,0,0,0,0,0,0,0,0,0,0,0,0,0,0,0,0,0,0,0
18,17,185,-175,92,91,3.89886,3.89886,3.89886,0,0,0,0,0,0,3.75,3.89886,0,3.89886,3.89886,3.89886,3.89886,3.89886,3.89886,3.89886,3.89886,3.89886,3.89886,3.89886,3.89886,3.89886,3.89886,3.89886,0,0,0.14886,3.89886,0,0,0,0,0,0,3.89886,3.89886,0,1.08696,0.92,91,1,0,0,0,0,0,0,0,1.08696,1.0989,0,1.08696,0,1.0989,29228,29228,29228,0,0,0,0,0,0,29228.2,29228,0,29228,29228,29228,29228,29228,29228,29228,29228,29228,29228,29228,29228,29228,29228,29228,0,0,0.25,29228,0,0,0,0,0,0,29228,29228,0,0,0,0,0,0,91,0.98913,0.86629,0.106187,0.627765,1.07353,1,0.0108696,3.89886,0,3.89886,3.89886,0,0,0,0,0,0,0,0,0,0,0,0,0,0,0,0,0,0,0,0,0,0,0,0,91,0.98913,51099.2,1620.8,48425,56221,1,0.0108696,29228,0,29228,29228,0,0,0,0,0,0,0,0,0,0,0,0,0,0,0,0,0,0
19,17,195,-175,97,97,782.87,784.64,783.937,0.528762,0.292297,0.000674495,-0.608702,2.05852,0.602796,784.25,783.99,0.789978,782.892,782.99,783.176,783.37,783.56,783.732,783.884,783.99,784.294,784.35,784.35,784.41,784.45,784.477,784.605,0.452137,0.447826,0.45913,783.937,0.307036,-0.0659529,0.00208095,0.000391659,-0.214805,0.00677754,783.937,783.937,1.04725,23.7113,0.97,97,0,0,0,0,0,0,0,0,23.7113,23.7113,13.4021,11.3402,13.4021,11.3402,47252,52963,50360,1408.47,2.07395e+06,0.0279679,-0.186278,2.72328,0.544221,50455.2,50455,1443.5,47385.3,47944.6,48729.8,49419.6,49604.5,49750.4,50110.2,50455,50734.4,50969.2,51048,51405.2,52371.4,52547.8,52873,1104.91,1100.78,1100.82,50360,827.336,-27.0672,140.83,0.0164284,-0.0327161,0.170221,50379.7,50399.3,0,0,0,0,0,0,74,0.762887,0.909485,0.0843023,0.734502,1.11064,0,0,0,0,0,0,0,0,0,0,0,0,0,0,0,0,0,0,23,0.237113,783.937,0.528762,782.87,784.64,0,0,0,0,0,0,74,0.762887,51041.3,1497.44,47320,53716,0,0,0,0,0,0,0,0,0,0,0,0,0,0,0,0,0,0,23,0.237113,50360,1408.47,47252,52963
0,18,5,-185,88,88,0,0,0,0,0,0,0,0,0,0,0,0,0,0,0,0,0,0,0,0,0,0,0,0,0,0,0,0,0,0,0,0,0,0,0,0,0,0,0,0,0,0.88,88,0,0,0,0,0,0,0,0,0,0,0,0,0,0,0,0,0,0,0,0,0,0,0,0,0,0,0,0,0,0,0,0,0,0,0,0,0,0,0,0,0,0,0,0,0,0,0,0,0,0,0,0,0,21,0.238636,0.425203,0.0636294,0.19999,0.497636,67,0.761364,0.646124,0.130377,0.50047,1.02002,0,0,0,0,0,0,0,0,0,0,0,0,0,0,0,0,0,0,0,0,0,0,0,0,21,0.238636,50607.4,1347.36,47977,53207,67,0.761364,51072.4,1767.85,47942,55531,0,0,0,0,0,0,0,0,0,0,0,0,0,0,0,0,0,0,0,0,0,0,0,0
1,18,15,-185,101,101,0,0,0,0,0,0,0,0,0,0,0,0,0,0,0,0,0,0,0,0,0,0,0,0,0,0,0,0,0,0,0,0,0,0,0,0,0,0,0,0,0,1.01,101,0,0,0,0,0,0,0,0,0,0,0,0,0,0,0,0,0,0,0,0,0,0,0,0,0,0,0,0,0,0,0,0,0,0,0,0,0,0,0,0,0,0,0,0,0,0,0,0,0,0,0,0,0,4,0.039604,0.486552,0.00418644,0.48153,0.49114,97,0.960396,0.653044,0.0801484,0.501882,0.931044,0,0,0,0,0,0,0,0,0,0,0,0,0,0,0,0,0,0,0,0,0,0,0,0,4,0.039604,51341,1899.8,50156,54626,97,0.960396,50559.3,1428.26,46450,53459,0,0,0,0,0,0,0,0,0,0,0,0,0,0,0,0,0,0,0,0,0,0,0,0
2,18,25,-185,91,90,4.48693,4.48693,4.48693,0,0,0,0,0,0,4.25,4.48693,0,4.48693,4.48693,4.48693,4.48693,4.48693,4.48693,4.48693,4.48693,4.48693,4.48693,4.48693,4.48693,4.48693,4.48693,4.48693,0,0,0.236932,4.48693,0,0,0,0,0,0,4.48693,4.48693,0,1.0989,0.91,90,1,0,0,0,0,0,0,0,1.0989,1.11111,0,1.0989,0,1.11111,34984,34984,34984,0,0,0,0,0,0,34984.2,34984,0,34984,34984,34984,34984,34984,34984,34984,34984,34984,34984,34984,34984,34984,34984,34984,0,0,0.25,34984,0,0,0,0,0,0,34984,34984,4,0.043956,0.4792,0.00834183,0.46704,0.488194,86,0.945055,0.704509,0.0985419,0.522571,0.902395,1,0.010989,4.48693,0,4.48693,4.48693,0,0,0,0,0,0,0,0,0,0,0,0,0,0,0,0,0,0,4,0.043956,50962.8,302.616,50609,51321,86,0.945055,50508.2,1569.39,47033,54656,1,0.010989,34984,0,34984,34984,0,0,0,0,0,0,0,0,0,0,0,0,0,0,0,0,0,0
3,18,35,-185,91,91,0,0,0,0,0,0,0,0,0,0,0,0,0,0,0,0,0,0,0,0,0,0,0,0,0,0,0,0,0,0,0,0,0,0,0,0,0,0,0,0,0,0.91,91,0,0,0,0,0,0,0,0,0,0,0,0,0,0,0,0,0,0,0,0,0,0,0,0,0,0,0,0,0,0,0,0,0,0,0,0,0,0,0,0,0,0,0,0,0,0,0,0,0,0,0,0,0,20,0.21978,0.441764,0.045178,0.348088,0.497407,71,0.78022,0.644753,0.0865984,0.505637,0.821153,0,0,0,0,0,0,0,0,0,0,0,0,0,0,0,0,0,0,0,0,0,0,0,0,20,0.21978,51735,1792.3,48603,55095,71,0.78022,51621.7,1895.18,46599,55624,0,0,0,0,0,0,0,0,0,0,0,0,0,0,0,0,0,0,0,0,0,0,0,0
4,18,45,-185,87,87,0,0,0,0,0,0,0,0,0,0,0,0,0,0,0,0,0,0,0,0,0,0,0,0,0,0,0,0,0,0,0,0,0,0,0,0,0,0,0,0,0,0.87,87,0,0,0,0,0,0,0,0,0,0,0,0,0,0,0,0,0,0,0,0,0,0,0,0,0,0,0,0,0,0,0,0,0,0,0,0,0,0,0,0,0,0,0,0,0,0,0,0,0,0,0,0,0,1,0.0114943,0.498975,0,0.498975,0.498975,86,0.988506,0.676381,0.0954823,0.518547,0.931372,0,0,0,0,0,0,0,0,0,0,0,0,0,0,0,0,0,0,0,0,0,0,0,0,1,0.0114943,51465,0,51465,51465,86,0.988506,51419.5,1825.89,46334,55938,0,0,0,0,0,0,0,0,0,0,0,0,0,0,0,0,0,0,0,0,0,0,0,0
5,18,55,-185,103,99,3.14077,4.45275,3.98754,0.502193,0.336264,0.12594,-0.969457,2.21754,0.645416,4.25,4.17833,0.381533,3.17083,3.29105,3.44133,3.74189,3.89217,4.04245,4.15691,4.17833,4.19974,4.23789,4.2737,4.30951,4.38113,4.41694,4.44559,0.423388,0.345842,0.363832,3.98754,0.333945,-0.190783,0.274459,0.083747,-0.571302,0.82187,4.01904,4.04732,0.894592,3.8835,1.03,99,4,0,0,0,0,0,0,0,3.8835,4.0404,2.91262,0.970874,3.0303,1.0101,23974,31516,28890.2,2989.22,1.19139e+07,0.103468,-0.848539,2.04598,0.65185,23974.2,30035.5,3405.75,24125.4,24731.2,25488.4,27002.8,27760,28517.2,29427.4,30035.5,30643.6,31095.7,31165.8,31235.8,31375.9,31445.9,31502,2458.12,2392.25,4916.12,28890.2,2054.42,-1145.25,365.25,0.0711111,-0.557458,0.177788,29044.5,29187.4,10,0.0970874,0.479612,0.0155349,0.449887,0.499708,89,0.864078,0.655844,0.0933802,0.506725,0.921455,4,0.038835,3.98754,0.502193,3.14077,4.45275,0,0,0,0,0,0,0,0,0,0,0,0,0,0,0,0,0,0,10,0.0970874,51095.1,1761.54,47141,53142,89,0.864078,50536.9,1978.32,44888,54431,4,0.038835,28890.2,2989.22,23974,31516,0,0,0,0,0,0,0,0,0,0,0,0,0,0,0,0,0,0
6,18,65,-185,83,83,0,0,0,0,0,0,0,0,0,0,0,0,0,0,0,0,0,0,0,0,0,0,0,0,0,0,0,0,0,0,0,0,0,0,0,0,0,0,0,0,0,0.83,83,0,0,0,0,0,0,0,0,0,0,0,0,0,0,0,0,0,0,0,0,0,0,0,0,0,0,0,0,0,0,0,0,0,0,0,0,0,0,0,0,0,0,0,0,0,0,0,0,0,0,0,0,0,2,0.0240964,0.488915,0.000206321,0.488709,0.489122,81,0.975904,0.668093,0.0821126,0.516392,0.926241,0,0,0,0,0,0,0,0,0,0,0,0,0,0,0,0,0,0,0,0,0,0,0,0,2,0.0240964,49425,105,49320,49530,81,0.975904,49819.7,1772.23,46215,54808,0,0,0,0,0,0,0,0,0,0,0,0,0,0,0,0,0,0,0,0,0,0,0,0
7,18,75,-185,94,94,0,0,0,0,0,0,0,0,0,0,0,0,0,0,0,0,0,0,0,0,0,0,0,0,0,0,0,0,0,0,0,0,0,0,0,0,0,0,0,0,0,0.94,94,0,0,0,0,0,0,0,0,0,0,0,0,0,0,0,0,0,0,0,0,0,0,0,0,0,0,0,0,0,0,0,0,0,0,0,0,0,0,0,0,0,0,0,0,0,0,0,0,0,0,0,0,0,2,0.0212766,0.484055,0.00203845,0.482016,0.486093,92,0.978723,0.62608,0.0653428,0.519456,0.867765,0,0,0,0,0,0,0,0,0,0,0,0,0,0,0,0,0,0,0,0,0,0,0,0,2,0.0212766,48880.5,350.5,48530,49231,92,0.978723,49782,1425.44,46066,52711,0,0,0,0,0,0,0,0,0,0,0,0,0,0,0,0,0,0,0,0,0,0,0,0
8,18,85,-185,91,91,0,0,0,0,0,0,0,0,0,0,0,0,0,0,0,0,0,0,0,0,0,0,0,0,0,0,0,0,0,0,0,0,0,0,0,0,0,0,0,0,0,0.91,91,0,0,0,0,0,0,0,0,0,0,0,0,0,0,0,0,0,0,0,0,0,0,0,0,0,0,0,0,0,0,0,0,0,0,0,0,0,0,0,0,0,0,0,0,0,0,0,0,0,0,0,0,0,5,0.0549451,0.471389,0.0154461,0.448548,0.495479,86,0.945055,0.619605,0.0868359,0.505415,0.854312,0,0,0,0,0,0,0,0,0,0,0,0,0,0,0,0,0,0,0,0,0,0,0,0,5,0.0549451,49703.4,980.144,48360,50987,86,0.945055,50021.7,1594.67,45708,53019,0,0,0,0,0,0,0,0,0,0,0,0,0,0,0,0,0,0,0,0,0,0,0,0
9,18,95,-185,95,95,0,0,0,0,0,0,0,0,0,0,0,0,0,0,0,0,0,0,0,0,0,0,0,0,0,0,0,0,0,0,0,0,0,0,0,0,0,0,0,0,0,0.95,95,0,0,0,0,0,0,0,0,0,0,0,0,0,0,0,0,0,0,0,0,0,0,0,0,0,0,0,0,0,0,0,0,0,0,0,0,0,0,0,0,0,0,0,0,0,0,0,0,0,0,0,0,0,11,0.115789,0.477006,0.0209407,0.435502,0.498658,84,0.884211,0.625446,0.0913406,0.500469,0.872306,0,0,0,0,0,0,0,0,0,0,0,0,0,0,0,0,0,0,0,0,0,0,0,0,11,0.115789,50680.1,1649.81,47440,53778,84,0.884211,50929.8,1535.54,47141,54117,0,0,0,0,0,0,0,0,0,0,0,0,0,0,0,0,0,0,0,0,0,0,0,0
10,18,105,-185,93,93,0,0,0,0,0,0,0,0,0,0,0,0,0,0,0,0,0,0,0,0,0,0,0,0,0,0,0,0,0,0,0,0,0,0,0,0,0,0,0,0,0,0.93,93,0,0,0,0,0,0,0,0,0,0,0,0,0,0,0,0,0,0,0,0,0,0,0,0,0,0,0,0,0,0,0,0,0,0,0,0,0,0,0,0,0,0,0,0,0,0,0,0,0,0,0,0,0,0,0,0,0,0,0,93,1,0.692948,0.110062,0.510406,0.975564,0,0,0,0,0,0,0,0,0,0,0,0,0,0,0,0,0,0,0,0,0,0,0,0,0,0,0,0,0,0,93,1,50125.1,1502.04,46450,54181,0,0,0,0,0,0,0,0,0,0,0,0,0,0,0,0,0,0,0,0,0,0,0,0
11,18,115,-185,98,98,0,0,0,0,0,0,0,0,0,0,0,0,0,0,0,0,0,0,0,0,0,0,0,0,0,0,0,0,0,0,0,0,0,0,0,0,0,0,0,0,0,0.98,98,0,0,0,0,0,0,0,0,0,0,0,0,0,0,0,0,0,0,0,0,0,0,0,0,0,0,0,0,0,0,0,0,0,0,0,0,0,0,0,0,0,0,0,0,0,0,0,0,0,0,0,0,0,3,0.0306122,0.478147,0.0153721,0.462518,0.499048,95,0.969388,0.645931,0.0686782,0.515008,0.861743,0,0,0,0,0,0,0,0,0,0,0,0,0,0,0,0,0,0,0,0,0,0,0,0,3,0.0306122,49637.3,712.285,48719,50455,95,0.969388,50419,1281.23,46843,53521,0,0,0,0,0,0,0,0,0,0,0,0,0,0,0,0,0,0,0,0,0,0,0,0
12,18,125,-185,89,89,0,0,0,0,0,0,0,0,0,0,0,0,0,0,0,0,0,0,0,0,0,0,0,0,0,0,0,0,0,0,0,0,0,0,0,0,0,0,0,0,0,0.89,89,0,0,0,0,0,0,0,0,0,0,0,0,0,0,0,0,0,0,0,0,0,0,0,0,0,0,0,0,0,0,0,0,0,0,0,0,0,0,0,0,0,0,0,0,0,0,0,0,0,0,0,0,0,29,0.325843,0.454499,0.0308921,0.379615,0.499536,60,0.674157,0.57179,0.0492481,0.503267,0.682596,0,0,0,0,0,0,0,0,0,0,0,0,0,0,0,0,0,0,0,0,0,0,0,0,29,0.325843,51462.3,1272.83,48838,53992,60,0.674157,51633.6,1615.48,48659,55028,0,0,0,0,0,0,0,0,0,0,0,0,0,0,0,0,0,0,0,0,0,0,0,0
13,18,135,-185,88,88,0,0,0,0,0,0,0,0,0,0,0,0,0,0,0,0,0,0,0,0,0,0,0,0,0,0,0,0,0,0,0,0,0,0,0,0,0,0,0,0,0,0.88,88,0,0,0,0,0,0,0,0,0,0,0,0,0,0,0,0,0,0,0,0,0,0,0,0,0,0,0,0,0,0,0,0,0,0,0,0,0,0,0,0,0,0,0,0,0,0,0,0,0,0,0,0,0,66,0.75,0.422334,0.0518564,0.255993,0.499856,22,0.25,0.559354,0.0352194,0.509645,0.615893,0,0,0,0,0,0,0,0,0,0,0,0,0,0,0,0,0,0,0,0,0,0,0,0,66,0.75,51333.6,1687.68,47494,54808,22,0.25,50877.4,1455.47,48540,53530,0,0,0,0,0,0,0,0,0,0,0,0,0,0,0,0,0,0,0,0,0,0,0,0
14,18,145,-185,91,91,0,0,0,0,0,0,0,0,0,0,0,0,0,0,0,0,0,0,0,0,0,0,0,0,0,0,0,0,0,0,0,0,0,0,0,0,0,0,0,0,0,0.91,91,0,0,0,0,0,0,0,0,0,0,0,0,0,0,0,0,0,0,0,0,0,0,0,0,0,0,0,0,0,0,0,0,0,0,0,0,0,0,0,0,0,0,0,0,0,0,0,0,0,0,0,0,0,62,0.681319,0.412789,0.0716185,0.196973,0.4976,29,0.318681,0.558889,0.0588625,0.50226,0.725453,0,0,0,0,0,0,0,0,0,0,0,0,0,0,0,0,0,0,0,0,0,0,0,0,62,0.681319,51460.1,2089.88,48122,55674,29,0.318681,50300.4,1525.13,47106,53017,0,0,0,0,0,0,0,0,0,0,0,0,0,0,0,0,0,0,0,0,0,0,0,0
15,18,155,-185,100,100,0,0,0,0,0,0,0,0,0,0,0,0,0,0,0,0,0,0,0,0,0,0,0,0,0,0,0,0,0,0,0,0,0,0,0,0,0,0,0,0,0,1,100,0,0,0,0,0,0,0,0,0,0,0,0,0,0,0,0,0,0,0,0,0,0,0,0,0,0,0,0,0,0,0,0,0,0,0,0,0,0,0,0,0,0,0,0,0,0,0,0,0,0,0,0,0,60,0.6,0.419297,0.0530642,0.292656,0.49997,40,0.4,0.588176,0.0859415,0.504046,0.813493,0,0,0,0,0,0,0,0,0,0,0,0,0,0,0,0,0,0,0,0,0,0,0,0,60,0.6,53333.7,1701.4,48420,56849,40,0.4,53167.3,1700.91,49704,57100,0,0,0,0,0,0,0,0,0,0,0,0,0,0,0,0,0,0,0,0,0,0,0,0
16,18,165,-185,91,91,0,0,0,0,0,0,0,0,0,0,0,0,0,0,0,0,0,0,0,0,0,0,0,0,0,0,0,0,0,0,0,0,0,0,0,0,0,0,0,0,0,0.91,91,0,0,0,0,0,0,0,0,0,0,0,0,0,0,0,0,0,0,0,0,0,0,0,0,0,0,0,0,0,0,0,0,0,0,0,0,0,0,0,0,0,0,0,0,0,0,0,0,0,0,0,0,0,30,0.32967,0.4525,0.0304456,0.382634,0.499429,61,0.67033,0.709801,0.142232,0.501173,1.02922,0,0,0,0,0,0,0,0,0,0,0,0,0,0,0,0,0,0,0,0,0,0,0,0,30,0.32967,51769.1,1730.71,48540,55279,61,0.67033,50684,1753.7,46241,54620,0,0,0,0,0,0,0,0,0,0,0,0,0,0,0,0,0,0,0,0,0,0,0,0
17,18,175,-185,88,88,0,0,0,0,0,0,0,0,0,0,0,0,0,0,0,0,0,0,0,0,0,0,0,0,0,0,0,0,0,0,0,0,0,0,0,0,0,0,0,0,0,0.88,88,0,0,0,0,0,0,0,0,0,0,0,0,0,0,0,0,0,0,0,0,0,0,0,0,0,0,0,0,0,0,0,0,0,0,0,0,0,0,0,0,0,0,0,0,0,0,0,0,0,0,0,0,0,5,0.0568182,0.463423,0.0350147,0.417132,0.498711,83,0.943182,0.74773,0.129899,0.514717,1.01843,0,0,0,0,0,0,0,0,0,0,0,0,0,0,0,0,0,0,0,0,0,0,0,0,5,0.0568182,51159.2,906.535,50067,52391,83,0.943182,50422.9,1468.64,47524,54620,0,0,0,0,0,0,0,0,0,0,0,0,0,0,0,0,0,0,0,0,0,0,0,0
18,18,185,-185,93,92,4.25799,4.25799,4.25799,0,0,0,0,0,0,4.25,4.25799,0,4.25799,4.25799,4.25799,4.25799,4.25799,4.25799,4.25799,4.25799,4.25799,4.25799,4.25799,4.25799,4.25799,4.25799,4.25799,0,0,0.00798988,4.25799,0,0,0,0,0,0,4.25799,4.25799,0,1.07527,0.93,92,1,0,0,0,0,0,0,0,1.07527,1.08696,0,1.07527,0,1.08696,34530,34530,34530,0,0,0,0,0,0,34530.2,34530,0,34530,34530,34530,34530,34530,34530,34530,34530,34530,34530,34530,34530,34530,34530,34530,0,0,0.25,34530,0,0,0,0,0,0,34530,34530,0,0,0,0,0,0,92,0.989247,1.00715,0.109232,0.75489,1.29509,1,0.0107527,4.25799,0,4.25799,4.25799,0,0,0,0,0,0,0,0,0,0,0,0,0,0,0,0,0,0,0,0,0,0,0,0,92,0.989247,50759.8,1565.9,46838,55028,1,0.0107527,34530,0,34530,34530,0,0,0,0,0,0,0,0,0,0,0,0,0,0,0,0,0,0
19,18,195,-185,94,92,4.55492,785.6,752.461,149.584,23270.3,0.198793,-4.79972,24.0383,0.957571,782.75,782.45,1.03503,198.699,781.13,781.23,781.63,781.667,781.775,782.02,782.45,782.54,782.645,782.703,782.81,783.035,783.347,785.057,57.5312,30.536,30.626,752.461,30.3613,-29.8017,29.9646,0.0403493,-0.981571,0.986934,767.185,772.216,750.517,27.6596,0.94,92,2,0,0,0,0,0,0,0,27.6596,28.2609,26.5957,6.38298,27.1739,6.52174,32210,54086,49149.7,5251.9,2.86857e+07,0.106855,-2.413,8.16413,0.774349,32210.2,50300.5,3093.75,32279.8,35706.5,45889.5,48659,49218.8,49420.5,49723,50300.5,50569,52045,52312.5,52360,52940.5,53332.8,53905.5,3175.53,2919.27,16939.4,49149.7,2375.49,-1051.08,924.613,0.0483319,-0.442467,0.38923,49429.5,49657.4,0,0,0,0,0,0,68,0.723404,1.03815,0.1497,0.682748,1.31113,1,0.0106383,4.55492,0,4.55492,4.55492,0,0,0,0,0,0,0,0,0,0,0,0,25,0.265957,782.377,0.906383,781.13,785.6,0,0,0,0,0,0,68,0.723404,50997.8,1856.51,44360,55028,1,0.0106383,32210,0,32210,32210,0,0,0,0,0,0,0,0,0,0,0,0,25,0.265957,49827.2,4092.5,32489,54086
0,19,5,-195,92,86,3.39045,776.11,650.863,282.379,83060.4,0.433854,-1.85484,4.44045,0.837914,773.75,773.88,1.02002,3.47058,3.79867,4.13691,773.316,773.36,773.56,773.82,773.88,774.01,774.208,774.38,774.422,774.57,774.754,775.796,207.043,123.583,123.605,650.863,108.074,-79.5584,43.9226,0.166047,-0.73615,0.406414,709.479,730.397,647.422,27.1739,0.92,86,6,0,0,0,0,0,0,0,27.1739,29.0698,22.8261,17.3913,24.4186,18.6047,27341,52014,46086,7268.86,5.50378e+07,0.157724,-1.39538,3.63788,0.759737,51435.2,48749,4866,27732.7,30210,35340,40485,46569,47026.8,47966,48749,49792.6,51045.8,51435,51463,51857,51933,51999.1,5726.24,4882.36,5515.55,46086,3751.18,-1653.2,638.754,0.0813951,-0.440716,0.170281,46655.7,47124.8,6,0.0652174,0.31668,0.127898,0.160024,0.490024,61,0.663043,0.645707,0.0928205,0.501756,0.87578,4,0.0434783,3.85226,0.319671,3.39045,4.19825,0,0,0,0,0,0,0,0,0,0,0,0,21,0.228261,774.103,0.615053,773.26,776.11,6,0.0652174,50430.5,970.501,48719,51703,61,0.663043,50036.8,2827.6,35195,53710,4,0.0434783,33610.2,3643.54,27341,36329,0,0,0,0,0,0,0,0,0,0,0,0,21,0.228261,48462.3,5007.81,28973,52014
1,19,15,-195,97,97,774.6,776.18,775.427,0.465192,0.224419,0.000599917,-0.241378,1.98857,0.523743,775.75,775.505,0.659973,774.611,774.661,774.7,774.998,775.122,775.14,775.346,775.505,775.59,775.713,775.782,775.88,776.029,776.089,776.161,0.392682,0.388218,0.450357,775.427,0.276151,-0.0188987,0.0110377,0.000356127,-0.068436,0.03997,775.428,775.428,0.81506,28.866,0.97,97,0,0,0,0,0,0,0,0,28.866,28.866,15.4639,7.2165,15.4639,7.2165,46808,52642,50267.1,1318.81,1.80367e+06,0.026236,-0.472708,3.12387,0.592916,50330.2,50356,1872,47146.3,48134.5,48628,49458.4,49561.8,49643.8,50206.2,50356,50513.4,50593.1,51433.8,51481,51835.3,52163.1,52557.2,1003.63,994.643,994.643,50267.1,757.878,-63.8272,134.278,0.015077,-0.0842183,0.177176,50284.4,50301.5,16,0.164948,0.463113,0.0386378,0.337221,0.496119,53,0.546392,0.624992,0.101041,0.501739,0.94196,0,0,0,0,0,0,0,0,0,0,0,0,0,0,0,0,0,0,28,0.28866,775.427,0.465192,774.6,776.18,16,0.164948,49998.2,1472.28,47763,53082,53,0.546392,50061.4,1816.1,46539,54495,0,0,0,0,0,0,0,0,0,0,0,0,0,0,0,0,0,0,28,0.28866,50267.1,1318.81,46808,52642
2,19,25,-195,96,91,2.97995,780.81,673.951,262.934,71518.1,0.390138,-2.15724,5.65376,0.862619,776.75,776.82,0.642517,3.21482,3.79612,3.83155,776.464,776.48,776.531,776.742,776.82,776.9,777.1,777.122,777.226,777.586,777.836,779.952,178.76,103.507,103.515,673.951,92.7468,-72.442,46.6824,0.137617,-0.781072,0.503331,723.425,740.886,650.298,31.25,0.96,91,5,0,0,0,0,0,0,0,31.25,32.967,27.0833,18.75,28.5714,19.7802,19941,53232,46284.3,9335.72,9.0161e+07,0.201704,-1.8562,4.90463,0.791303,50002.2,49972.5,2798.75,20668.3,23536.7,30293.9,47625.8,48427.2,48712.3,49113,49972.5,50413.6,50996.4,51226,51304,52467.6,52830,53170.2,6702.64,5117.47,5117.5,46284.3,4225.11,-2332.97,1447.75,0.0912861,-0.552168,0.342654,47216.4,47876.9,0,0,0,0,0,0,66,0.6875,0.689773,0.0773046,0.54513,0.894134,4,0.0416667,3.60206,0.359539,2.97995,3.83464,0,0,0,0,0,0,0,0,0,0,0,0,26,0.270833,777.082,0.854476,776.11,780.81,0,0,0,0,0,0,66,0.6875,50237.1,2369.92,42240,55781,4,0.0416667,26514.8,5433.73,19941,32772,0,0,0,0,0,0,0,0,0,0,0,0,26,0.270833,49325.7,5161.69,24866,53232
3,19,35,-195,85,85,777.72,779.39,778.602,0.460035,0.22277,0.000590847,0.0229219,2.16496,0.52815,778.75,778.61,0.637451,777.769,777.967,778.043,778.234,778.28,778.322,778.482,778.61,778.668,778.9,778.917,778.982,779.303,779.333,779.379,0.376802,0.376004,0.405002,778.602,0.276319,0.00266354,0.0216236,0.000354892,0.00963936,0.0782559,778.602,778.602,0.875563,23.5294,0.85,85,0,0,0,0,0,0,0,0,23.5294,23.5294,12.9412,8.23529,12.9412,8.23529,45853,52102,49397.4,1657.73,2.89271e+06,0.033559,-0.295343,2.26662,0.567203,45853.2,49823.5,2200.75,46062.8,46901.8,47226.1,48122,48196.2,48253,49021,49823.5,50076,50279.7,50397,50783.8,51260.8,51899.6,52061.5,1416.76,1376.35,3544.23,49397.4,985.708,-73.2044,81.4195,0.0199546,-0.0742658,0.0826,49425.3,49452.8,0,0,0,0,0,0,65,0.764706,0.657195,0.0805523,0.521157,0.866203,0,0,0,0,0,0,0,0,0,0,0,0,0,0,0,0,0,0,20,0.235294,778.602,0.460035,777.72,779.39,0,0,0,0,0,0,65,0.764706,50209.4,1644.12,46509,54306,0,0,0,0,0,0,0,0,0,0,0,0,0,0,0,0,0,0,20,0.235294,49397.4,1657.73,45853,52102
4,19,45,-195,87,86,778.94,783.43,779.893,0.814245,0.690619,0.00104405,3.1293,14.4093,0.212295,779.75,779.76,0.720032,778.962,779.076,779.3,779.47,779.49,779.536,779.708,779.76,779.89,779.982,780.21,780.218,780.25,780.298,782.681,0.464897,0.448403,0.448804,779.893,0.3565,0.106709,0.134657,0.000457113,0.299325,0.377721,779.894,779.894,0.870988,28.7356,0.87,86,1,0,0,0,0,0,0,0,28.7356,29.0698,10.3448,14.9425,10.4651,15.1163,24998,52888,48681.3,5107.24,2.71707e+07,0.104912,-3.92114,18.5446,0.849167,24998.2,49495,2837,30124.9,46539.2,47375.2,48001.2,48330,48397.6,48917,49495,50127.2,50328.2,51167,51349.8,51684,52026,52701,2485.98,2357.32,23683.1,48681.3,1909.18,-861.683,908.177,0.0392179,-0.451338,0.47569,48948.5,49139.3,3,0.0344828,0.47982,0.0119541,0.468059,0.496217,59,0.678161,0.711112,0.112185,0.525581,1.04021,0,0,0,0,0,0,0,0,0,0,0,0,0,0,0,0,0,0,25,0.287356,779.893,0.814245,778.94,783.43,3,0.0344828,49605.7,1020.85,48241,50696,59,0.678161,50389.9,1991.61,46719,56032,0,0,0,0,0,0,0,0,0,0,0,0,0,0,0,0,0,0,25,0.287356,48681.3,5107.24,24998,52888
5,19,55,-195,96,96,780.18,781.04,780.598,0.25314,0.0671313,0.00032429,0.0490377,1.83214,0.486273,780.75,780.595,0.475037,780.186,780.214,780.287,780.35,780.357,780.398,780.54,780.595,780.646,780.798,780.833,780.84,780.897,780.995,781.032,0.216367,0.216367,0.249098,780.598,0.152036,0.00230015,0.000826373,0.000194769,0.015129,0.00543537,780.598,780.598,0.407696,22.9167,0.96,96,0,0,0,0,0,0,0,0,22.9167,22.9167,11.4583,8.33333,11.4583,8.33333,48360,53955,50879.7,1608.11,2.70916e+06,0.0316061,0.269035,2.30233,0.450353,48360.2,50875.5,1782.5,48371.8,48428.1,48703.8,49230.4,49756,50226.4,50640.6,50875.5,50987.2,51242.1,51538.5,52047,53435.5,53542.9,53869.3,1231.64,1231.64,2519.5,50879.7,945.377,58.6481,121.547,0.0185806,0.0620367,0.12857,50905.1,50930.6,0,0,0,0,0,0,74,0.770833,0.684929,0.0645796,0.511438,0.852193,0,0,0,0,0,0,0,0,0,0,0,0,0,0,0,0,0,0,22,0.229167,780.598,0.25314,780.18,781.04,0,0,0,0,0,0,74,0.770833,52041,1925.95,46659,56974,0,0,0,0,0,0,0,0,0,0,0,0,0,0,0,0,0,0,22,0.229167,50879.7,1608.11,48360,53955
6,19,65,-195,84,84,780.77,781.43,781.141,0.190204,0.0379864,0.000243495,-0.28884,2.06358,0.562044,781.25,781.17,0.299988,780.784,780.84,780.84,781,781,781,781.07,781.17,781.23,781.26,781.3,781.3,781.36,781.43,781.43,0.163759,0.162377,0.172854,781.141,0.113758,-0.00917415,0.00463303,0.000145631,-0.0806459,0.0407269,781.141,781.141,0.360809,25,0.84,84,0,0,0,0,0,0,0,0,25,25,13.0952,9.52381,13.0952,9.52381,49405,55902,52030.2,1578.27,2.61548e+06,0.0303337,0.325233,2.75715,0.404062,49405.2,52171,2358,49499.6,49878,50002,50475,50778,50982,51644,52171,52579,53047,53136,53139,53484,54086,55538.8,1308.73,1301.86,2624.96,52030.2,929,26.0912,80.6165,0.017855,0.0280853,0.0867778,52054.1,52078.2,7,0.0833333,0.470138,0.0205063,0.428044,0.499712,56,0.666667,0.662586,0.0806894,0.515673,0.824239,0,0,0,0,0,0,0,0,0,0,0,0,0,0,0,0,0,0,21,0.25,781.141,0.190204,780.77,781.43,7,0.0833333,52241.6,1658.71,50151,55674,56,0.666667,51533.3,1874.49,47106,54928,0,0,0,0,0,0,0,0,0,0,0,0,0,0,0,0,0,0,21,0.25,52030.2,1578.27,49405,55902
7,19,75,-195,84,84,780.67,781.66,781.125,0.224191,0.0527747,0.00028701,0.156883,3.27013,0.459371,781.25,781.13,0.26001,780.684,780.74,780.9,780.97,780.97,781.04,781.07,781.13,781.2,781.23,781.23,781.26,781.3,781.49,781.626,0.170747,0.169997,0.19762,781.125,0.129474,-0.000149789,0.0281682,0.000165754,-0.0011569,0.217558,781.125,781.125,0.442461,25,0.84,84,0,0,0,0,0,0,0,0,25,25,14.2857,5.95238,14.2857,5.95238,48804,54117,51546.1,1429.09,2.1444e+06,0.0277244,-0.00695008,1.9559,0.516111,53227.2,51345,2846,48967.4,49621,49973,50146,50267,50634,51196,51345,52062,52266,53113,53201,53227,53264,53946.4,1235.81,1226.24,1769.39,51546.1,856.138,-3.90702,7.90877,0.0166092,-0.00456354,0.00923773,51565.9,51585.7,5,0.0595238,0.469356,0.0104079,0.456938,0.487987,58,0.690476,0.650155,0.0847122,0.532368,0.867333,0,0,0,0,0,0,0,0,0,0,0,0,0,0,0,0,0,0,21,0.25,781.125,0.224191,780.67,781.66,5,0.0595238,53890.6,781.398,52517,54521,58,0.690476,50577.7,1455.5,47942,53943,0,0,0,0,0,0,0,0,0,0,0,0,0,0,0,0,0,0,21,0.25,51546.1,1429.09,48804,54117
8,19,85,-195,94,94,781,782.25,781.596,0.393674,0.161718,0.00050368,-0.00631628,1.85693,0.476666,781.25,781.61,0.585022,781,781.006,781.049,781.184,781.312,781.33,781.48,781.61,781.752,781.827,781.898,781.92,782.153,782.214,782.243,0.33916,0.33916,0.435,781.596,0.23565,-0.000175597,0.00158216,0.000301498,-0.00074516,0.00671403,781.596,781.596,0.584196,25.5319,0.94,94,0,0,0,0,0,0,0,0,25.5319,25.5319,12.766,20.2128,12.766,20.2128,49102,55561,51717.6,1520.65,2.41293e+06,0.029403,0.44264,2.89651,0.404958,49102.2,51716,1869,49225.5,49666.6,49885.7,50209.4,50606.2,50799,51244.8,51716,52100.6,52343.2,52475.2,52825.6,53550.3,53948.6,55202.4,1225.46,1225.46,2615.4,51717.6,891.31,67.6724,112.992,0.0172342,0.0759247,0.126771,51740,51762.5,26,0.276596,0.463196,0.0368702,0.36142,0.495238,44,0.468085,0.630854,0.0976076,0.509113,0.848922,0,0,0,0,0,0,0,0,0,0,0,0,0,0,0,0,0,0,24,0.255319,781.596,0.393674,781,782.25,26,0.276596,51758.3,1466.22,48599,54243,44,0.468085,50831.9,1713.75,46987,54903,0,0,0,0,0,0,0,0,0,0,0,0,0,0,0,0,0,0,24,0.255319,51717.6,1520.65,49102,55561
9,19,95,-195,93,93,782.41,784.48,783.489,0.638333,0.425185,0.000814731,-0.0978713,1.76901,0.521145,783.75,783.575,1.01501,782.419,782.469,782.628,782.882,782.955,783.033,783.228,783.575,783.678,783.92,783.97,784.16,784.341,784.38,784.457,0.556355,0.550418,0.578748,783.489,0.382735,-0.0121406,-0.00336023,0.000488501,-0.0317206,-0.00877953,783.489,783.489,1.05061,25.8065,0.93,93,0,0,0,0,0,0,0,0,25.8065,25.8065,13.9785,9.67742,13.9785,9.67742,48684,53489,51154,1403.07,2.0542e+06,0.0274284,-0.137115,1.96823,0.514057,48684.2,51074.5,1958.25,48759.4,49025.5,49111,49836.6,50316.8,50602.1,50837.8,51074.5,51523.6,52168.3,52275,52579.8,52901.2,53163.6,53424.1,1164.3,1159.96,2469.81,51154,836.611,-27.2706,33.9632,0.0163547,-0.0325965,0.0405962,51173.3,51192.4,0,0,0,0,0,0,69,0.741935,0.659238,0.083861,0.519215,1.00172,0,0,0,0,0,0,0,0,0,0,0,0,0,0,0,0,0,0,24,0.258065,783.489,0.638333,782.41,784.48,0,0,0,0,0,0,69,0.741935,51046.3,1567.25,48181,55275,0,0,0,0,0,0,0,0,0,0,0,0,0,0,0,0,0,0,24,0.258065,51154,1403.07,48684,53489
10,19,105,-195,96,96,784.45,786.71,785.53,0.664814,0.460394,0.000846326,0.0549946,1.70295,0.477693,784.75,785.56,1.31,784.481,784.612,784.756,784.81,784.84,784.956,785.29,785.56,785.754,786.018,786.15,786.232,786.338,786.478,786.662,0.586812,0.585596,0.818,785.53,0.397466,0.00842877,-0.0133019,0.000505984,0.0212063,-0.0334667,785.53,785.53,1.05405,26.0417,0.96,96,0,0,0,0,0,0,0,0,26.0417,26.0417,13.5417,22.9167,13.5417,22.9167,48356,53521,50803.2,1431.88,2.1357e+06,0.0281848,0.311147,2.24044,0.473804,51474.2,50658,2175,48484.9,48923.8,49104.6,49418.4,49464,49985.6,50297.6,50658,51144,51474,51639,51818.4,52975.4,53427.8,53504.7,1196.69,1190.88,1308.19,50803.2,848.133,65.7478,61.4518,0.0166945,0.0775206,0.0724553,50823.4,50843.6,1,0.0104167,0.489253,0,0.489253,0.489253,70,0.729167,0.63788,0.0630893,0.507054,0.799149,0,0,0,0,0,0,0,0,0,0,0,0,0,0,0,0,0,0,25,0.260417,785.53,0.664814,784.45,786.71,1,0.0104167,49692,0,49692,49692,70,0.729167,50700,1626.37,46987,54237,0,0,0,0,0,0,0,0,0,0,0,0,0,0,0,0,0,0,25,0.260417,50803.2,1431.88,48356,53521
11,19,115,-195,97,96,786.55,791.14,787.595,0.871276,0.790752,0.00110625,2.5309,11.2019,0.227713,787.75,787.56,0.790039,786.596,786.754,786.81,787.02,787.04,787.128,787.288,787.56,787.688,787.778,787.83,787.998,788.19,788.214,790.439,0.563425,0.559202,0.592407,787.595,0.420602,0.111453,0.114694,0.000534034,0.264984,0.272691,787.596,787.596,0.961663,25.7732,0.97,96,1,0,0,0,0,0,0,0,25.7732,26.0417,11.3402,8.24742,11.4583,8.33333,18477,52479,48738,6322.79,4.16434e+07,0.12973,-4.34536,21.0082,0.889976,18477.2,49584,1374,25519.1,47921.2,48340.4,48539,49012,49040,49405.6,49584,50060.8,50320.8,50386,51342.4,52236.8,52441.6,52471.6,2589.66,2318.6,30260.7,48738,2003.26,-1065.66,1229.98,0.0411027,-0.531961,0.613988,49146.4,49395.2,7,0.0721649,0.479194,0.0189084,0.448561,0.499377,65,0.670103,0.640736,0.0740699,0.516407,0.825314,0,0,0,0,0,0,0,0,0,0,0,0,0,0,0,0,0,0,25,0.257732,787.595,0.871276,786.55,791.14,7,0.0721649,52743.7,1679.21,50599,55902,65,0.670103,50179.8,1496.82,46565,53798,0,0,0,0,0,0,0,0,0,0,0,0,0,0,0,0,0,0,25,0.257732,48738,6322.79,18477,52479
12,19,125,-195,92,92,788.22,789.01,788.64,0.214265,0.0479963,0.000271689,-0.351226,2.34606,0.532212,788.75,788.68,0.22998,788.227,788.257,788.332,788.436,788.52,788.556,788.66,788.68,788.718,788.75,788.75,788.768,788.928,788.94,788.995,0.175121,0.166522,0.17913,788.64,0.125495,-0.0130502,0.016242,0.000159129,-0.103989,0.129423,788.64,788.641,0.414774,25,0.92,92,0,0,0,0,0,0,0,0,25,25,15.2174,5.43478,15.2174,5.43478,49132,53515,50910.2,1301.47,1.7708e+06,0.0255639,0.465242,1.99323,0.405708,49699.2,50654,2099,49159.3,49264.5,49364.8,49699,49878,50128.4,50296,50654,50959.2,51532.6,51977,52378.8,52712,53040.6,53418.2,1109.74,1084.74,1350.84,50910.2,770.091,112.522,17.511,0.0151265,0.146116,0.0227389,50926.9,50943.6,53,0.576087,0.397463,0.055991,0.28354,0.489306,16,0.173913,0.536513,0.0307115,0.501083,0.594536,0,0,0,0,0,0,0,0,0,0,0,0,0,0,0,0,0,0,23,0.25,788.64,0.214265,788.22,789.01,53,0.576087,51329.4,1615.08,47196,54620,16,0.173913,49953.9,1627.02,47226,52573,0,0,0,0,0,0,0,0,0,0,0,0,0,0,0,0,0,0,23,0.25,50910.2,1301.47,49132,53515
13,19,135,-195,91,88,2.90131,789.27,726.019,213.154,47327.9,0.293593,-3.09628,10.5869,0.919566,788.75,788.88,0.299988,3.03423,160.474,788.562,788.66,788.71,788.724,788.78,788.88,788.922,789.002,789.01,789.01,789.058,789.102,789.232,115.655,62.9965,63.0161,726.019,60.3286,-54.9815,47.1312,0.0830951,-0.911367,0.781242,756.663,767.251,726.253,27.4725,0.91,88,3,0,0,0,0,0,0,0,27.4725,28.4091,25.2747,18.6813,26.1364,19.3182,30418,53729,48724.8,5274.49,2.89794e+07,0.108251,-2.59776,8.86145,0.785331,51072.2,49872,2150,31092.2,35697.6,46284.4,48642.2,49191,49359.4,49705.4,49872,50271,51072,51341,51436,52190.4,52362,53406.4,3105.54,2674.68,2941.51,48724.8,2260.39,-1124.11,1061,0.046391,-0.497306,0.469386,49009.5,49236.9,38,0.417582,0.397414,0.0651198,0.293772,0.498764,28,0.307692,0.622011,0.25621,0.508197,1.92324,2,0.021978,3.17823,0.276927,2.90131,3.45516,0,0,0,0,0,0,0,0,0,0,0,0,23,0.252747,788.875,0.18244,788.55,789.27,38,0.417582,50589.6,1730.5,45799,54929,28,0.307692,50204.5,3182.41,38409,54866,2,0.021978,31822.5,1404.5,30418,33227,0,0,0,0,0,0,0,0,0,0,0,0,23,0.252747,50194.6,1750.74,45580,53729
14,19,145,-195,94,94,788.25,789.04,788.654,0.225248,0.0532735,0.000285611,-0.0403009,1.80347,0.511161,788.75,788.65,0.420044,788.264,788.32,788.42,788.42,788.42,788.52,788.55,788.65,788.75,788.81,788.84,788.88,788.91,788.97,789.026,0.199227,0.199047,0.207615,788.654,0.135379,-0.00101458,-0.00121794,0.000171659,-0.00749433,-0.00899651,788.654,788.654,0.393847,22.3404,0.94,94,0,0,0,0,0,0,0,0,22.3404,22.3404,10.6383,8.51064,10.6383,8.51064,51341,55579,53406,1288,1.7419e+06,0.0241172,-0.347884,1.85746,0.487269,51729.2,53453,2607,51347,51371,51505,51729,51819,53251,53358,53453,54050,54332,54426,54564,54678,54952,55453.6,1072.33,1070.1,1769.3,53406,756.348,-78.7712,5.59449,0.0141622,-0.104147,0.00739671,53421.6,53437,47,0.5,0.432257,0.0569853,0.279313,0.499925,26,0.276596,0.559327,0.0570676,0.502148,0.715245,0,0,0,0,0,0,0,0,0,0,0,0,0,0,0,0,0,0,21,0.223404,788.654,0.225248,788.25,789.04,47,0.5,51953.3,2514.14,46808,56597,26,0.276596,50225.6,2019.43,44987,54678,0,0,0,0,0,0,0,0,0,0,0,0,0,0,0,0,0,0,21,0.223404,53406,1288,51341,55579
15,19,155,-195,99,99,787.63,788.42,788.005,0.206495,0.0442802,0.000262048,0.0652828,2.1649,0.474931,788.25,788.02,0.340027,787.648,787.709,787.748,787.79,787.81,787.878,787.972,788.02,788.09,788.126,788.15,788.15,788.278,788.341,788.402,0.172406,0.171857,0.269992,788.005,0.122109,0.000368889,0.00804464,0.00015496,0.00302097,0.0658806,788.005,788.005,0.369796,27.2727,0.99,99,0,0,0,0,0,0,0,0,27.2727,27.2727,14.1414,3.0303,14.1414,3.0303,46953,55902,51114.8,1977.08,4.0592e+06,0.0386793,-0.052025,3.24409,0.465059,50416.2,51131,2313,46976.1,47516.6,48882.6,49347.4,50012.5,50416,50905.2,51131,51663.4,52235.6,52325.5,52435.4,53132.6,54022.7,55445.4,1505.84,1504.04,1671.69,51114.8,1133.73,-43.2467,224.66,0.0221801,-0.0381454,0.19816,51153,51191.1,51,0.515152,0.439339,0.0382639,0.358979,0.496836,21,0.212121,0.554808,0.06861,0.500037,0.792228,0,0,0,0,0,0,0,0,0,0,0,0,0,0,0,0,0,0,27,0.272727,788.005,0.206495,787.63,788.42,51,0.515152,52309.7,1909.97,47729,56530,21,0.212121,52075.8,1361.58,49704,55180,0,0,0,0,0,0,0,0,0,0,0,0,0,0,0,0,0,0,27,0.272727,51114.8,1977.08,46953,55902
16,19,165,-195,91,91,786.25,788.22,787.122,0.547839,0.31377,0.000696003,0.187402,2.3857,0.442511,787.25,787.17,0.640015,786.257,786.287,786.356,786.574,786.745,786.916,787.074,787.17,787.208,787.3,787.385,787.47,787.92,788.077,788.191,0.42673,0.423043,0.438697,787.122,0.322055,0.0114875,0.0433253,0.000409155,0.0356694,0.134528,787.122,787.122,0.852236,25.2747,0.91,91,0,0,0,0,0,0,0,0,25.2747,25.2747,14.2857,8.79121,14.2857,8.79121,49282,55776,52483.8,1636.45,2.7997e+06,0.0311801,0.152886,2.58673,0.493044,50445.2,52542,2082.5,49498.7,50284.8,50445,50938.8,51480,51782.4,52099,52542,52676.8,53283,53562.5,53766.4,54349.4,55559.2,55755.5,1288.36,1285.83,2155.27,52483.8,964.34,27.9277,135.902,0.018374,0.0289605,0.140928,52509.3,52534.9,17,0.186813,0.422647,0.0466584,0.346283,0.498443,51,0.56044,0.672449,0.122132,0.513094,1.01877,0,0,0,0,0,0,0,0,0,0,0,0,0,0,0,0,0,0,23,0.252747,787.122,0.547839,786.25,788.22,17,0.186813,51221.4,1175.7,49196,53427,51,0.56044,51609,1516.13,48176,55400,0,0,0,0,0,0,0,0,0,0,0,0,0,0,0,0,0,0,23,0.252747,52483.8,1636.45,49282,55776
17,19,175,-195,88,88,784.51,786.32,785.339,0.550934,0.317325,0.000701524,0.109123,1.80056,0.457842,784.75,785.27,0.984985,784.519,784.55,784.576,784.78,784.86,785,785.14,785.27,785.506,785.71,785.845,785.896,786.076,786.144,786.283,0.47505,0.471308,0.650444,785.339,0.33103,0.0117278,-0.00108878,0.000421512,0.0354283,-0.00328906,785.339,785.339,0.807155,26.1364,0.88,88,0,0,0,0,0,0,0,0,26.1364,26.1364,11.3636,21.5909,11.3636,21.5909,49132,54740,51395.1,1528.88,2.44372e+06,0.0297476,0.60713,2.58687,0.403546,49132.2,51317,2049.5,49191.2,49403.9,49549.4,50071,50209,50380,50814.4,51317,51454.6,52039,52258.5,52509.8,53408.4,54411,54691.8,1228.1,1222.61,2262.86,51395.1,895.375,138.428,96.1344,0.0174214,0.154603,0.107368,51417.8,51440.8,0,0,0,0,0,0,65,0.738636,0.787347,0.0884854,0.589364,0.9992,0,0,0,0,0,0,0,0,0,0,0,0,0,0,0,0,0,0,23,0.261364,785.339,0.550934,784.51,786.32,0,0,0,0,0,0,65,0.738636,51131.7,1321.12,48027,53578,0,0,0,0,0,0,0,0,0,0,0,0,0,0,0,0,0,0,23,0.261364,51395.1,1528.88,49132,54740
18,19,185,-195,96,96,782.28,784.51,783.408,0.63721,0.422955,0.000813382,0.168988,1.9479,0.505823,782.75,783.36,1.21002,782.328,782.526,782.722,782.77,782.81,782.922,783.2,783.36,783.536,783.726,784.02,784.04,784.316,784.46,784.503,0.540322,0.538401,0.721204,783.408,0.379599,0.0216078,0.0107443,0.000484548,0.0569228,0.0283043,783.408,783.409,1.10486,26.0417,0.96,96,0,0,0,0,0,0,0,0,26.0417,26.0417,12.5,21.875,12.5,21.875,48206,54929,51689.6,1441.96,2.16587e+06,0.0278964,-0.0747271,3.53214,0.518162,48206.2,51938,1369,48435.2,49316.4,50093.2,50822,50953,50996.2,51331.4,51938,52074.6,52223.8,52322,52480.6,53082.2,54187.8,54816,1093.41,1082.72,3483.37,51689.6,819.133,-17.4113,198.963,0.0158472,-0.0212558,0.242894,51709.7,51729.8,0,0,0,0,0,0,71,0.739583,0.928021,0.076743,0.76583,1.08056,0,0,0,0,0,0,0,0,0,0,0,0,0,0,0,0,0,0,25,0.260417,783.408,0.63721,782.28,784.51,0,0,0,0,0,0,71,0.739583,51419.4,1466.03,48301,54237,0,0,0,0,0,0,0,0,0,0,0,0,0,0,0,0,0,0,25,0.260417,51689.6,1441.96,48206,54929
19,19,195,-195,90,89,4.10321,782.02,760.993,121.202,15066.5,0.159268,-6.08448,38.0226,0.97297,779.75,780.395,1.04498,306.212,779.082,779.314,779.66,779.812,779.89,780.122,780.395,780.604,780.782,780.857,781,781.459,781.822,781.958,37.8445,20.0267,20.1942,760.993,19.8404,-19.3656,19.4222,0.0260717,-0.976069,0.978923,770.584,773.843,751.286,44.4444,0.9,89,1,0,0,0,0,0,0,0,44.4444,44.9438,43.3333,34.4444,43.8202,34.8315,25062,53013,49627.5,4137.93,1.75615e+07,0.0833798,-5.19,31.089,0.878876,49042.2,50057,1882,33727.4,47395,48652.8,49128.4,49393,49585.4,49899.2,50057,50559.2,51149,51275,51354.4,51706.6,52267.2,52731.4,1744.54,1656.93,2034.78,49627.5,1344.49,-600.05,646.512,0.0270916,-0.446304,0.480861,49799.7,49921,0,0,0,0,0,0,50,0.555556,1.0373,0.0852539,0.853016,1.2072,1,0.0111111,4.10321,0,4.10321,4.10321,0,0,0,0,0,0,0,0,0,0,0,0,39,0.433333,780.4,0.783018,778.74,782.02,0,0,0,0,0,0,50,0.555556,50334.3,1306.05,47789,53547,1,0.0111111,25062,0,25062,25062,0,0,0,0,0,0,0,0,0,0,0,0,39,0.433333,50257.4,1300.51,47281,53013
